source,destination,distance,road_quality,lane_count,road_type,speed_limit,tolls,foot_traffic,event,vehicle_type,historical_congestion,accident,pothole_reports,predicted_congestion,weight
A,D,39.0,4.43,2,urban,40,0,0.976,procession,bike,0.786,no,9,0.533,21.953
C,B,11.0,3.58,3,rural,80,0,0.227,none,truck,0.064,no,3,0.2,8.299
D,A,45.0,2.42,4,urban,100,1,0.195,procession,suv,0.044,no,5,0.263,21.699
D,E,44.0,4.87,2,rural,60,0,0.189,none,suv,0.476,no,1,0.225,18.178
C,D,56.0,4.33,3,urban,40,0,0.832,none,bike,0.387,no,2,0.356,23.918
D,A,50.0,1.03,3,highway,100,1,0.705,none,bike,0.459,no,0,0.621,28.571
A,B,7.0,3.67,2,rural,80,0,0.635,procession,truck,0.559,no,6,0.408,9.738
D,A,21.0,1.86,2,urban,100,2,0.234,vip_movement,sedan,0.281,no,4,0.358,17.874
D,A,33.0,4.14,2,urban,60,0,0.167,vip_movement,suv,0.09,no,0,0.148,14.09
D,C,43.0,3.0,1,highway,60,1,0.446,none,suv,0.302,no,6,0.343,22.691
B,E,6.0,1.47,4,urban,100,0,0.266,procession,bike,0.779,no,10,0.581,13.503
D,C,44.0,1.39,4,highway,40,0,0.202,procession,suv,0.579,no,5,0.495,24.759
E,A,45.0,3.88,2,highway,80,0,0.65,none,truck,0.416,yes,0,1.0,35.789
A,C,12.0,1.58,1,highway,40,0,0.171,none,bike,0.581,no,6,0.464,14.606
C,B,2.0,4.83,2,urban,100,0,0.487,none,truck,0.938,no,5,0.418,7.311
C,E,16.0,2.33,2,rural,60,0,0.826,none,sedan,0.14,no,9,0.455,14.802
B,A,40.0,2.12,2,rural,80,1,0.769,none,sedan,0.916,no,2,0.545,23.205
A,C,33.0,4.32,3,urban,100,0,0.953,procession,suv,0.515,no,10,0.486,18.42
E,A,10.0,1.18,2,rural,100,0,0.749,vip_movement,bike,0.893,no,9,0.757,17.114
C,B,2.0,3.65,2,rural,100,0,0.747,none,suv,0.937,no,0,0.446,6.935
A,E,53.0,1.72,2,highway,80,2,0.196,none,suv,0.777,no,5,0.478,29.589
C,A,56.0,1.92,1,highway,40,1,0.122,none,truck,0.694,no,4,0.412,28.323
A,E,48.0,3.86,3,rural,40,0,0.928,none,sedan,0.301,no,4,0.389,22.388
C,D,19.0,2.15,4,rural,60,0,0.555,none,truck,0.106,no,8,0.399,15.116
C,A,58.0,3.38,4,rural,100,0,0.785,none,bike,0.109,no,0,0.297,22.347
B,D,28.0,3.12,2,highway,100,2,0.603,none,suv,0.374,no,1,0.334,18.036
D,E,52.0,2.82,2,highway,40,2,0.817,procession,bike,0.067,no,1,0.329,26.863
B,A,12.0,2.24,1,rural,100,2,0.166,none,suv,0.154,no,5,0.292,14.254
A,D,4.0,1.7,1,urban,80,0,0.394,procession,bike,0.505,no,3,0.445,10.195
D,E,32.0,1.73,2,highway,40,0,0.571,vip_movement,suv,0.049,no,10,0.456,21.055
C,E,6.0,4.33,1,urban,100,1,0.844,none,bike,0.98,no,9,0.547,12.723
C,D,38.0,4.12,1,urban,100,0,0.514,vip_movement,bike,0.463,no,7,0.363,18.141
D,B,16.0,1.56,2,highway,60,1,0.368,none,truck,0.327,no,4,0.436,16.663
A,D,14.0,4.8,4,highway,100,0,0.328,none,truck,0.849,no,2,0.339,9.531
E,C,32.0,3.53,2,highway,80,0,0.695,none,truck,0.132,no,9,0.369,17.502
D,A,37.0,1.34,4,rural,80,0,0.959,none,bike,0.594,no,10,0.709,24.932
D,E,56.0,2.01,2,highway,40,0,0.171,procession,sedan,0.572,no,6,0.407,26.557
D,C,43.0,4.2,2,rural,40,0,0.931,vip_movement,sedan,0.117,no,5,0.355,20.641
D,C,55.0,3.68,2,rural,80,2,0.763,procession,suv,0.364,no,3,0.364,27.096
A,E,9.0,4.74,2,rural,60,0,0.553,procession,bike,0.78,no,10,0.451,11.764
A,B,39.0,3.87,4,rural,60,0,0.851,vip_movement,truck,0.122,no,0,0.298,17.47
D,C,1.0,2.82,3,urban,60,2,0.442,none,sedan,0.918,no,3,0.444,12.616
C,A,24.0,4.52,2,rural,100,2,0.106,procession,bike,0.666,no,6,0.303,17.037
A,D,53.0,1.12,2,urban,40,2,0.198,procession,sedan,0.656,yes,10,1.0,48.38
A,E,36.0,4.21,2,highway,100,0,0.801,none,bike,0.772,no,10,0.51,19.586
E,C,3.0,1.81,1,rural,80,0,0.63,procession,sedan,0.155,no,9,0.468,11.151
A,B,6.0,4.92,2,rural,80,0,0.616,none,sedan,0.884,no,4,0.421,8.83
A,B,6.0,1.73,4,urban,60,0,0.636,procession,bike,0.145,no,6,0.447,11.853
C,B,25.0,3.8,2,urban,60,2,0.148,none,truck,0.404,no,1,0.226,16.774
A,E,8.0,2.11,2,urban,60,1,0.635,procession,bike,0.409,no,4,0.438,13.448
E,C,36.0,1.14,2,highway,60,0,0.226,none,truck,0.566,no,6,0.568,23.548
D,C,39.0,2.26,3,urban,80,0,0.626,none,truck,0.513,no,3,0.434,19.851
C,E,8.0,3.01,2,rural,60,1,0.314,none,bike,0.494,no,0,0.294,10.503
A,E,50.0,1.22,2,urban,60,0,0.314,none,sedan,0.015,no,8,0.473,26.92
D,E,25.0,1.61,2,urban,80,0,0.365,none,bike,0.995,no,4,0.56,17.995
B,D,41.0,3.82,2,rural,80,0,0.209,none,bike,0.164,no,5,0.229,17.901
C,E,55.0,3.22,3,rural,100,2,0.142,none,suv,0.393,no,9,0.321,27.56
D,A,26.0,2.88,1,highway,40,0,0.045,vip_movement,truck,0.292,no,2,0.226,14.201
E,C,43.0,1.34,2,urban,100,2,0.638,none,truck,0.67,no,6,0.621,28.55
A,D,22.0,3.16,2,rural,100,0,0.769,none,truck,0.505,no,9,0.471,15.197
B,C,8.0,2.36,2,rural,100,0,0.105,none,suv,0.917,no,4,0.414,9.954
A,B,19.0,1.1,4,highway,80,0,0.308,none,truck,0.007,no,1,0.437,15.817
D,C,38.0,4.93,2,rural,60,2,0.903,procession,truck,0.963,no,7,0.524,24.56
C,E,5.0,3.93,2,highway,80,0,0.654,none,bike,0.985,no,9,0.52,10.768
D,E,45.0,2.39,1,highway,40,0,0.49,procession,bike,0.465,no,10,0.459,24.181
B,C,5.0,1.34,2,rural,80,2,0.925,none,bike,0.037,no,10,0.591,18.143
A,B,7.0,3.7,3,urban,100,0,0.739,vip_movement,suv,0.049,no,8,0.346,9.008
A,D,14.0,1.02,2,rural,60,1,0.03,procession,suv,0.896,no,2,0.598,18.991
B,C,51.0,2.39,3,rural,60,1,0.397,none,sedan,0.887,no,3,0.454,26.029
D,A,40.0,3.87,3,urban,80,2,0.296,procession,suv,0.137,no,2,0.21,20.792
E,D,44.0,2.57,4,urban,40,0,0.134,none,suv,0.067,no,6,0.256,20.906
A,B,27.0,3.54,2,urban,60,2,0.752,vip_movement,truck,0.285,no,5,0.37,19.717
B,C,20.0,4.64,2,rural,80,0,0.653,none,sedan,0.241,no,3,0.295,11.631
A,B,52.0,2.13,2,highway,100,0,0.438,procession,bike,0.995,no,5,0.524,24.686
B,E,40.0,4.15,1,rural,40,0,0.102,none,truck,0.955,no,10,0.408,21.283
C,A,3.0,4.84,1,highway,40,0,0.066,none,bike,0.516,no,5,0.249,7.423
A,E,7.0,2.54,1,rural,80,0,0.302,none,suv,0.417,yes,4,1.0,25.87
B,A,25.0,1.0,2,rural,60,0,0.333,none,suv,0.781,no,5,0.671,21.683
B,C,15.0,2.92,2,urban,40,1,0.93,none,suv,0.461,no,0,0.415,14.365
A,D,3.0,1.55,4,highway,40,2,0.031,none,sedan,0.62,no,1,0.398,14.299
A,C,14.0,4.4,1,urban,60,2,0.619,none,sedan,0.773,no,3,0.399,15.431
B,E,33.0,3.41,4,urban,40,0,0.813,none,suv,0.799,no,3,0.47,18.661
B,C,25.0,2.27,1,rural,40,1,0.019,none,truck,0.725,no,1,0.335,17.252
B,D,49.0,4.56,2,highway,40,0,0.144,procession,truck,0.173,no,1,0.161,19.607
E,B,1.0,1.07,4,urban,80,0,0.897,none,sedan,0.536,no,9,0.752,15.307
A,B,43.0,3.38,2,highway,60,1,0.836,none,sedan,0.596,no,9,0.495,24.628
E,B,37.0,3.21,2,urban,100,1,0.726,procession,truck,0.758,no,1,0.431,19.668
C,E,31.0,1.05,3,urban,80,0,0.094,none,bike,0.395,no,9,0.569,22.551
C,A,22.0,1.71,1,rural,100,2,0.913,none,sedan,0.47,no,7,0.58,21.216
E,D,23.0,3.07,3,urban,80,0,0.57,procession,suv,0.904,no,1,0.435,14.081
E,D,30.0,1.82,3,highway,60,0,0.979,vip_movement,suv,0.719,no,6,0.62,20.649
B,D,19.0,3.43,2,urban,60,0,0.935,procession,truck,0.197,no,5,0.393,13.584
B,D,8.0,1.65,2,highway,60,0,0.244,vip_movement,sedan,0.754,no,1,0.452,11.644
B,C,12.0,1.74,2,highway,60,0,0.045,none,sedan,0.959,no,5,0.48,13.772
D,C,53.0,2.01,2,highway,60,1,0.877,procession,bike,0.985,no,3,0.601,28.501
E,C,5.0,1.55,2,highway,80,0,0.846,none,truck,0.542,no,6,0.596,12.878
A,B,27.0,4.41,2,highway,80,1,0.296,vip_movement,suv,0.405,no,0,0.231,14.544
D,A,13.0,4.77,1,highway,100,1,0.265,none,sedan,0.179,no,9,0.263,11.876
A,C,11.0,3.84,3,highway,80,2,0.339,none,truck,0.248,no,3,0.252,12.719
A,E,5.0,4.11,2,rural,60,0,0.53,none,truck,0.435,no,3,0.32,8.019
A,E,6.0,4.81,1,urban,60,0,0.208,none,suv,0.03,no,1,0.141,5.946
E,A,19.0,3.43,2,rural,60,0,0.187,none,bike,0.818,no,10,0.418,14.833
B,C,50.0,4.68,2,highway,80,0,0.342,none,bike,0.623,no,7,0.348,21.952
D,E,13.0,4.7,2,highway,80,1,0.993,none,suv,0.062,no,3,0.326,11.828
D,A,26.0,3.53,2,highway,40,2,0.319,none,truck,0.461,no,7,0.339,20.011
C,A,28.0,4.8,2,urban,40,0,0.846,procession,truck,0.45,no,0,0.342,14.866
D,B,59.0,3.13,2,highway,60,0,0.366,vip_movement,truck,0.403,no,8,0.362,26.018
A,D,35.0,4.63,2,urban,40,1,0.342,procession,suv,0.44,no,9,0.333,20.709
A,B,40.0,3.62,2,highway,40,2,0.198,none,sedan,0.861,no,8,0.402,25.002
E,D,11.0,2.1,1,highway,60,0,0.675,vip_movement,bike,0.203,no,6,0.426,12.639
D,E,35.0,2.02,2,urban,40,0,0.976,none,suv,0.685,yes,5,1.0,35.975
C,D,52.0,3.44,2,highway,100,2,0.322,vip_movement,bike,0.49,no,5,0.329,25.84
E,B,48.0,4.65,4,highway,60,2,0.978,none,truck,0.765,no,1,0.445,25.621
C,D,27.0,1.96,2,urban,60,0,0.586,none,suv,0.219,no,4,0.405,16.999
B,E,34.0,1.03,2,highway,60,1,0.839,none,sedan,0.774,no,1,0.721,25.965
B,C,59.0,1.77,1,highway,60,0,0.933,procession,suv,0.07,no,10,0.526,29.289
C,D,15.0,4.54,2,highway,60,0,0.833,none,sedan,0.423,no,2,0.359,11.095
C,B,41.0,3.61,4,highway,100,0,0.095,none,truck,0.977,no,8,0.405,19.836
B,C,11.0,1.21,2,urban,100,0,0.787,procession,bike,0.821,no,4,0.694,15.682
B,D,43.0,2.97,3,rural,60,0,0.879,vip_movement,sedan,0.154,no,3,0.371,20.401
A,C,4.0,1.0,2,rural,100,0,0.652,none,truck,0.168,no,9,0.653,15.022
A,E,16.0,3.16,3,rural,40,0,0.394,none,truck,0.257,no,2,0.277,11.556
C,D,43.0,2.47,2,urban,80,0,0.751,vip_movement,sedan,0.086,no,1,0.339,19.516
A,E,4.0,4.96,1,urban,100,1,0.449,vip_movement,suv,0.875,no,10,0.445,11.162
E,C,12.0,1.88,2,rural,60,0,0.566,procession,truck,0.829,no,6,0.551,14.469
C,A,32.0,3.41,2,highway,80,0,0.419,none,bike,0.827,no,1,0.376,16.033
B,D,16.0,3.09,2,urban,80,1,0.066,procession,suv,0.212,no,0,0.185,11.272
D,A,50.0,2.88,2,rural,100,2,0.059,none,sedan,0.586,no,3,0.298,24.816
D,A,13.0,1.4,2,highway,60,0,0.135,none,truck,0.32,no,9,0.467,15.454
B,A,31.0,2.06,2,urban,60,0,0.888,none,bike,0.1,no,0,0.392,17.147
A,C,37.0,1.49,3,rural,100,0,0.526,vip_movement,sedan,0.044,no,10,0.483,21.789
A,B,28.0,3.31,3,rural,100,0,0.979,none,suv,0.494,no,10,0.515,17.566
B,E,24.0,3.34,1,urban,60,0,0.103,none,bike,0.589,no,9,0.348,15.481
D,C,26.0,3.53,4,urban,100,2,0.391,procession,suv,0.451,no,4,0.322,17.733
C,B,39.0,3.22,2,rural,60,0,0.095,none,suv,0.723,no,1,0.298,17.933
E,B,47.0,4.02,2,urban,80,2,0.928,none,truck,0.669,no,7,0.489,26.631
E,B,7.0,3.32,1,rural,80,0,0.68,vip_movement,truck,0.027,no,1,0.272,7.528
E,B,30.0,2.86,1,urban,100,2,0.879,none,bike,0.565,no,4,0.468,20.731
D,A,26.0,2.99,2,rural,40,2,0.964,procession,bike,0.188,no,10,0.464,22.116
E,C,23.0,1.4,3,urban,60,0,0.982,none,truck,0.425,no,6,0.626,19.423
A,C,8.0,4.18,3,highway,40,0,0.304,procession,bike,0.024,no,5,0.211,8.709
C,D,35.0,3.67,2,highway,100,1,0.04,none,suv,0.522,no,4,0.261,17.775
A,C,12.0,2.38,1,urban,100,0,0.809,none,suv,0.081,no,10,0.446,12.666
E,D,22.0,2.72,1,urban,40,0,0.994,none,bike,0.04,no,5,0.404,15.471
B,C,54.0,1.18,4,rural,100,2,0.06,none,sedan,0.156,no,9,0.472,31.455
A,E,52.0,2.59,2,urban,100,0,0.969,none,suv,0.189,no,2,0.406,22.493
E,A,6.0,4.47,3,urban,100,0,0.842,vip_movement,suv,0.127,no,10,0.383,9.252
B,C,23.0,4.6,4,urban,60,1,0.483,none,suv,0.386,no,2,0.281,14.697
B,A,6.0,1.31,3,rural,60,0,0.612,vip_movement,sedan,0.158,no,0,0.459,11.711
B,E,49.0,3.06,4,highway,100,2,0.236,none,sedan,0.154,no,1,0.219,23.218
A,C,22.0,3.15,2,rural,100,0,0.801,vip_movement,truck,0.864,no,1,0.47,13.588
B,A,6.0,1.9,2,urban,100,2,0.771,none,sedan,0.183,no,5,0.451,14.435
A,D,11.0,2.74,2,rural,100,1,0.169,procession,bike,0.188,no,6,0.277,11.599
C,A,30.0,2.75,4,highway,60,0,0.422,none,bike,0.593,no,0,0.349,15.806
D,A,36.0,2.88,3,rural,60,0,0.06,vip_movement,bike,0.648,no,9,0.371,19.546
C,D,12.0,3.52,2,rural,60,1,0.672,vip_movement,bike,0.371,no,6,0.382,13.539
E,B,30.0,3.95,2,urban,40,0,0.131,procession,suv,0.627,no,2,0.273,15.397
B,E,44.0,1.44,4,highway,100,0,0.198,none,suv,0.529,no,8,0.503,23.792
D,A,42.0,1.7,2,rural,60,2,0.273,none,sedan,0.127,no,3,0.345,25.093
E,D,9.0,2.92,3,highway,80,1,0.815,none,suv,0.821,no,3,0.494,12.949
B,A,11.0,2.87,2,rural,40,2,0.314,procession,sedan,0.131,no,3,0.258,14.225
D,B,51.0,1.94,3,urban,40,2,0.498,procession,truck,0.867,no,5,0.529,30.16
D,C,53.0,4.63,3,urban,60,1,0.016,none,truck,0.494,no,5,0.238,23.862
C,D,33.0,4.35,1,rural,40,0,0.848,procession,bike,0.873,no,10,0.536,20.412
A,B,8.0,2.07,2,urban,80,2,0.345,vip_movement,truck,0.296,no,2,0.341,13.625
A,D,4.0,4.8,2,highway,100,0,0.192,procession,truck,0.812,no,1,0.294,5.884
E,D,9.0,3.71,3,urban,40,2,0.965,none,truck,0.43,no,2,0.407,14.514
D,B,46.0,4.09,2,rural,80,2,0.213,procession,sedan,0.571,no,9,0.345,25.27
A,B,13.0,3.08,3,rural,40,0,0.747,none,sedan,0.189,no,4,0.357,11.898
C,D,51.0,3.57,2,highway,100,0,0.403,none,sedan,0.246,no,10,0.342,22.62
A,D,58.0,2.87,2,highway,40,0,0.464,none,suv,0.796,no,5,0.441,26.552
E,D,16.0,2.1,2,highway,40,0,0.402,vip_movement,bike,0.847,no,2,0.461,14.19
B,A,6.0,3.56,3,highway,40,0,0.917,procession,bike,0.848,no,5,0.516,11.362
A,E,52.0,2.22,2,urban,100,1,0.781,none,sedan,0.728,no,10,0.582,28.167
A,E,12.0,3.98,3,urban,40,1,0.288,none,sedan,0.238,no,7,0.276,13.014
C,E,24.0,4.15,4,rural,40,1,0.678,procession,suv,0.189,no,5,0.32,16.603
C,E,1.0,4.67,4,rural,60,0,0.638,procession,suv,0.987,no,6,0.471,8.776
C,D,52.0,2.14,3,urban,60,1,0.884,vip_movement,bike,0.77,no,3,0.548,27.521
B,D,18.0,4.32,1,urban,60,0,0.712,none,truck,0.496,no,4,0.374,12.599
B,E,52.0,1.12,2,urban,100,2,0.75,none,truck,0.867,no,2,0.699,31.943
D,E,18.0,3.13,3,highway,100,0,0.231,none,sedan,0.959,no,1,0.376,11.458
D,B,44.0,3.13,2,highway,60,0,0.202,procession,sedan,0.812,no,9,0.421,22.305
E,C,8.0,4.89,4,highway,80,2,0.332,vip_movement,sedan,0.212,no,2,0.211,10.929
A,B,5.0,4.96,1,highway,40,0,0.58,vip_movement,sedan,0.631,no,8,0.403,10.137
B,D,26.0,3.85,2,urban,80,0,0.468,none,sedan,0.797,no,4,0.397,14.866
A,D,15.0,4.37,2,rural,80,1,0.078,vip_movement,bike,0.308,no,8,0.249,12.731
C,D,39.0,2.18,2,rural,40,0,0.554,none,truck,0.61,no,10,0.516,23.158
A,B,41.0,3.7,2,urban,40,1,0.409,none,suv,0.222,no,0,0.234,19.996
E,D,46.0,4.32,2,highway,40,1,0.473,none,suv,0.62,no,10,0.411,25.068
C,E,32.0,3.41,3,highway,40,0,0.482,none,truck,0.494,no,10,0.412,19.191
E,C,27.0,1.72,2,highway,40,0,0.432,none,suv,0.733,yes,8,1.0,34.601
B,C,58.0,4.76,1,highway,60,1,0.326,none,truck,0.412,no,1,0.242,24.566
B,E,56.0,4.02,3,urban,60,2,0.224,procession,suv,0.25,no,7,0.264,27.585
C,D,59.0,4.96,2,urban,80,1,0.933,vip_movement,suv,0.529,no,2,0.393,26.037
B,E,26.0,4.94,4,rural,100,0,0.269,procession,sedan,0.547,no,3,0.274,12.654
A,C,34.0,2.63,3,urban,100,0,0.331,none,sedan,0.189,no,10,0.356,18.157
C,A,14.0,4.04,2,highway,40,2,0.177,none,suv,0.275,no,7,0.259,15.433
A,E,35.0,1.09,3,highway,40,0,0.445,procession,truck,0.072,no,4,0.511,23.013
D,E,8.0,1.71,4,highway,60,0,0.15,vip_movement,sedan,0.66,no,2,0.415,11.37
C,E,57.0,2.98,2,rural,60,1,0.224,none,truck,0.352,no,0,0.25,24.777
B,A,20.0,3.58,2,urban,80,1,0.811,none,truck,0.103,no,6,0.355,15.143
D,B,11.0,1.89,2,highway,40,0,0.177,none,bike,0.926,no,6,0.492,14.056
E,C,2.0,4.7,4,urban,40,2,0.97,procession,sedan,0.971,no,9,0.563,15.097
D,A,4.0,3.46,2,rural,60,0,0.572,none,sedan,0.74,no,7,0.448,10.028
D,A,51.0,2.89,2,urban,60,2,0.733,vip_movement,sedan,0.175,no,4,0.36,26.93
D,C,35.0,3.94,2,rural,100,2,0.378,none,bike,0.242,no,5,0.276,20.026
E,A,16.0,3.77,4,urban,40,0,0.674,none,bike,0.071,no,3,0.285,11.577
D,A,17.0,2.34,3,rural,80,0,0.446,vip_movement,bike,0.651,no,10,0.49,15.14
B,E,41.0,1.57,1,urban,40,1,0.047,none,suv,0.14,no,7,0.363,24.519
C,B,17.0,1.13,2,highway,60,0,0.109,procession,suv,0.248,no,0,0.426,15.291
B,D,48.0,2.51,2,highway,80,0,0.515,none,bike,0.421,no,3,0.377,21.757
A,D,50.0,1.09,2,rural,40,1,0.285,procession,bike,0.632,no,10,0.651,32.098
E,D,3.0,2.78,2,urban,40,1,0.988,none,sedan,0.453,no,0,0.432,11.018
C,B,1.0,4.91,2,urban,40,0,0.052,procession,bike,0.266,no,0,0.145,4.767
A,C,25.0,4.72,2,rural,100,2,0.505,none,truck,0.448,no,9,0.365,18.512
C,E,51.0,3.12,4,urban,40,0,0.301,none,sedan,0.392,no,7,0.337,23.668
D,C,11.0,3.7,2,urban,60,0,0.717,none,suv,0.361,no,5,0.374,10.889
A,C,16.0,4.6,2,highway,80,0,0.495,none,sedan,0.238,no,3,0.264,10.122
A,B,48.0,4.75,2,highway,80,0,0.993,procession,suv,0.163,no,3,0.345,20.507
E,C,47.0,3.45,1,highway,40,2,0.265,none,sedan,0.108,no,3,0.22,24.353
B,E,2.0,2.12,1,rural,60,0,0.339,none,suv,0.09,yes,3,1.0,25.061
B,D,36.0,4.71,2,rural,100,0,0.315,none,bike,0.765,no,5,0.351,16.868
E,A,26.0,4.07,3,rural,60,0,0.094,vip_movement,bike,0.77,no,10,0.371,16.242
B,D,8.0,4.08,3,highway,100,1,0.857,none,sedan,0.276,no,9,0.415,12.071
A,D,27.0,2.06,2,rural,60,0,0.27,vip_movement,bike,0.426,no,9,0.423,18.06
D,C,4.0,2.03,2,urban,40,0,0.352,procession,truck,0.413,no,10,0.45,12.165
B,D,58.0,4.14,4,urban,100,0,0.526,none,truck,0.818,no,1,0.376,23.064
B,A,55.0,1.46,2,urban,80,0,0.598,none,sedan,0.068,no,8,0.487,27.392
B,A,40.0,1.47,4,highway,100,0,0.323,none,sedan,0.718,no,6,0.54,22.486
C,A,43.0,5.0,2,highway,60,2,0.482,procession,bike,0.088,no,6,0.254,23.141
E,D,56.0,2.26,2,rural,60,1,0.19,none,truck,0.253,no,9,0.356,27.871
D,A,35.0,3.61,2,highway,80,1,0.094,procession,bike,0.749,no,5,0.329,19.175
A,E,19.0,2.47,2,urban,60,2,0.369,none,truck,0.386,no,2,0.333,16.948
D,B,19.0,2.55,2,urban,80,0,0.772,none,suv,0.588,no,3,0.459,13.845
C,A,54.0,4.17,1,rural,60,2,0.987,procession,bike,0.093,no,5,0.362,27.515
A,D,45.0,3.03,3,rural,100,0,0.612,procession,suv,0.842,no,8,0.503,22.279
A,C,42.0,4.44,2,highway,60,0,0.188,vip_movement,suv,0.704,no,7,0.338,20.01
A,C,53.0,4.06,1,highway,60,0,0.708,vip_movement,truck,0.308,no,6,0.362,23.45
D,A,5.0,1.17,1,rural,100,1,0.949,none,bike,0.472,no,9,0.715,17.216
C,A,20.0,3.09,2,highway,80,1,0.995,vip_movement,bike,0.385,no,0,0.406,14.675
D,B,9.0,1.7,3,highway,100,0,0.919,vip_movement,sedan,0.067,no,8,0.513,12.872
A,B,16.0,4.94,2,highway,40,0,0.498,none,bike,0.377,no,6,0.316,12.17
B,A,44.0,3.76,3,urban,100,0,0.568,procession,sedan,0.17,no,5,0.304,19.07
D,E,17.0,3.89,1,rural,100,1,0.089,vip_movement,suv,0.056,no,0,0.132,10.201
D,B,28.0,2.7,3,urban,100,0,0.501,vip_movement,bike,0.15,no,10,0.378,16.529
A,B,29.0,4.55,2,rural,80,1,0.419,none,sedan,0.521,no,4,0.316,16.76
C,B,42.0,2.0,2,highway,40,0,0.872,none,truck,0.134,no,10,0.501,24.104
E,A,15.0,1.6,1,highway,40,0,0.987,procession,suv,0.748,no,0,0.597,15.587
E,C,21.0,2.44,1,rural,60,0,0.991,vip_movement,suv,0.189,no,4,0.44,15.055
C,D,36.0,4.17,3,urban,100,0,0.247,vip_movement,truck,0.297,no,6,0.265,16.348
C,E,32.0,4.9,2,rural,40,0,0.487,none,sedan,0.237,no,1,0.236,15.185
A,E,55.0,1.5,1,rural,100,2,0.9,none,bike,0.069,no,7,0.531,31.056
E,D,16.0,4.31,3,rural,100,0,0.322,vip_movement,truck,0.957,no,2,0.369,10.546
D,C,26.0,4.02,4,urban,40,0,0.539,none,suv,0.572,yes,5,1.0,32.042
C,E,35.0,3.34,2,urban,80,0,0.79,procession,bike,0.538,no,6,0.445,18.649
D,A,7.0,3.11,3,highway,80,1,0.09,none,truck,0.222,no,9,0.281,11.319
E,B,36.0,3.37,2,rural,60,2,0.723,vip_movement,suv,0.368,no,5,0.387,22.657
D,A,23.0,2.49,4,highway,60,0,0.235,vip_movement,sedan,0.338,no,9,0.365,15.856
B,E,46.0,4.21,1,rural,80,2,0.402,vip_movement,sedan,0.923,no,0,0.36,23.588
D,C,59.0,1.85,3,urban,80,0,0.034,procession,truck,0.95,no,7,0.483,27.642
B,E,4.0,4.76,4,highway,80,1,0.463,procession,truck,0.119,no,4,0.24,8.454
D,B,19.0,1.58,2,rural,100,0,0.215,none,sedan,0.563,no,8,0.488,15.841
D,B,54.0,1.6,4,highway,100,2,0.631,vip_movement,truck,0.639,no,6,0.563,30.652
C,A,3.0,3.34,3,rural,40,0,0.012,vip_movement,truck,0.507,no,5,0.274,8.132
B,E,15.0,3.11,2,highway,100,0,0.32,none,bike,0.543,no,3,0.331,10.52
A,D,45.0,2.14,2,rural,100,0,0.262,none,suv,0.031,no,6,0.306,20.591
D,A,45.0,3.07,2,highway,60,0,0.1,none,suv,0.996,yes,7,1.0,38.031
D,C,38.0,4.31,2,rural,40,1,0.697,vip_movement,bike,0.122,no,4,0.297,20.328
A,B,50.0,1.31,1,urban,40,1,0.334,none,sedan,0.451,no,1,0.473,27.757
E,D,38.0,3.61,1,rural,100,0,0.913,none,sedan,0.407,no,6,0.435,18.833
E,C,25.0,3.67,2,rural,100,0,0.144,none,suv,0.233,no,6,0.244,13.006
A,B,18.0,4.28,2,rural,60,1,0.271,none,suv,0.197,no,6,0.247,13.742
E,B,52.0,4.84,2,urban,100,2,0.422,none,truck,0.343,no,6,0.296,25.29
D,B,59.0,2.99,3,highway,80,1,0.521,none,suv,0.464,no,2,0.351,26.285
E,B,12.0,3.87,3,rural,80,0,0.291,vip_movement,bike,0.729,no,9,0.398,11.669
A,D,11.0,4.97,2,rural,40,2,0.745,none,suv,0.927,no,4,0.455,15.653
C,A,45.0,4.36,2,highway,100,0,0.246,none,suv,0.806,no,6,0.362,19.966
A,D,34.0,2.87,2,urban,60,0,0.472,none,suv,0.501,no,6,0.394,18.583
D,E,41.0,2.37,3,rural,80,2,0.153,none,truck,0.285,no,3,0.287,22.882
B,D,40.0,2.02,2,highway,100,0,0.876,none,sedan,0.875,no,10,0.648,23.456
E,C,2.0,2.57,3,rural,80,1,0.388,none,truck,0.71,no,8,0.455,11.692
C,E,19.0,1.68,2,highway,100,2,0.247,none,sedan,0.139,no,10,0.415,19.326
B,C,32.0,1.05,2,rural,80,0,0.807,none,suv,0.41,no,2,0.645,22.219
D,E,47.0,1.55,2,urban,100,2,0.299,none,sedan,0.334,no,6,0.445,27.485
C,D,11.0,3.12,3,highway,80,2,0.844,none,truck,0.765,no,1,0.46,14.704
C,D,11.0,1.75,2,highway,100,0,0.225,none,truck,0.837,no,6,0.502,12.878
E,C,48.0,4.48,2,urban,80,0,0.653,none,bike,0.101,no,10,0.34,21.916
A,C,56.0,2.78,2,highway,100,2,0.162,vip_movement,suv,0.887,yes,8,1.0,44.698
B,D,36.0,3.59,2,urban,40,0,0.135,none,sedan,0.103,no,2,0.179,16.381
B,D,41.0,3.75,2,urban,100,0,0.836,none,truck,0.74,no,0,0.422,18.353
E,A,35.0,3.51,2,urban,80,1,0.998,procession,sedan,0.061,no,5,0.376,19.685
D,A,17.0,2.32,3,highway,100,0,0.166,none,sedan,0.873,no,4,0.421,12.765
A,C,2.0,3.23,2,rural,80,0,0.923,none,bike,0.679,no,3,0.474,8.487
E,D,4.0,1.88,3,urban,80,1,0.222,vip_movement,suv,0.463,no,8,0.43,12.757
D,B,38.0,3.6,2,urban,60,1,0.787,none,suv,0.438,no,4,0.396,21.051
D,B,22.0,1.93,1,urban,40,1,0.376,procession,suv,0.431,no,4,0.409,18.078
B,C,45.0,4.76,2,rural,60,0,0.458,procession,bike,0.525,no,4,0.321,20.058
C,A,25.0,1.5,2,urban,80,0,0.931,none,sedan,0.621,no,0,0.578,17.623
A,C,15.0,1.47,2,highway,60,0,0.529,none,truck,0.162,no,0,0.41,13.488
B,C,19.0,3.19,2,highway,60,0,0.941,none,sedan,0.127,no,9,0.429,14.855
E,C,37.0,3.44,4,rural,40,0,0.204,vip_movement,bike,0.42,no,6,0.301,18.764
C,E,19.0,4.99,2,highway,80,1,0.968,none,sedan,0.923,no,6,0.518,16.086
D,E,9.0,3.13,2,highway,60,0,0.244,none,suv,0.034,no,9,0.273,10.329
D,E,33.0,1.64,2,highway,80,0,0.59,none,truck,0.588,no,3,0.509,19.63
D,C,36.0,1.83,2,rural,100,2,0.472,procession,truck,0.086,no,3,0.36,22.232
D,A,10.0,1.89,3,rural,100,0,0.284,procession,suv,0.324,no,0,0.333,9.478
E,D,52.0,1.61,3,highway,40,0,0.518,vip_movement,sedan,0.157,yes,3,1.0,41.297
B,D,54.0,4.19,4,rural,40,1,0.257,none,bike,0.32,no,5,0.261,25.004
A,C,59.0,2.88,2,highway,60,0,0.931,vip_movement,truck,0.82,no,7,0.559,27.929
D,B,43.0,4.5,2,rural,60,1,0.606,none,sedan,0.241,no,0,0.258,20.095
E,C,55.0,3.44,3,highway,100,2,0.31,vip_movement,truck,0.563,no,9,0.381,28.06
D,A,13.0,4.92,1,urban,100,1,0.245,none,suv,0.084,no,8,0.227,11.289
D,C,32.0,1.32,3,highway,60,0,0.889,none,bike,0.698,no,9,0.711,23.803
D,E,15.0,2.3,2,highway,60,0,0.742,none,suv,0.571,no,4,0.476,13.731
A,B,16.0,4.44,2,urban,60,0,0.064,procession,suv,0.23,no,2,0.169,9.517
A,D,43.0,1.02,1,urban,80,1,0.38,none,bike,0.765,no,4,0.661,28.213
D,B,58.0,2.84,2,rural,100,1,0.887,none,suv,0.648,no,1,0.458,26.435
D,E,30.0,3.47,1,rural,40,0,0.598,none,bike,0.244,no,4,0.324,16.479
B,A,27.0,2.64,1,highway,80,0,0.016,none,truck,0.816,no,10,0.418,17.175
A,E,1.0,2.35,2,rural,40,1,0.267,none,sedan,0.114,no,3,0.276,9.792
D,E,45.0,2.27,2,urban,60,1,0.919,none,suv,0.916,no,9,0.634,27.344
B,E,8.0,1.19,1,urban,60,0,0.258,none,sedan,0.953,no,0,0.578,13.885
E,D,45.0,3.56,2,urban,60,1,0.187,procession,sedan,0.302,no,10,0.31,23.502
B,D,36.0,2.81,2,urban,40,0,0.673,vip_movement,suv,0.273,no,10,0.432,20.901
B,E,20.0,2.82,1,rural,40,0,0.129,none,truck,0.944,no,7,0.427,15.441
B,E,32.0,1.17,3,highway,80,1,0.843,none,sedan,0.777,no,0,0.665,23.52
B,C,11.0,4.98,1,highway,100,0,0.735,procession,sedan,0.858,no,7,0.469,10.893
B,A,10.0,2.42,1,urban,60,0,0.332,none,sedan,0.057,no,5,0.293,10.503
B,D,58.0,4.86,1,highway,80,0,0.691,procession,sedan,0.189,no,1,0.268,22.311
E,D,18.0,3.69,3,rural,80,2,0.678,none,sedan,0.867,no,7,0.487,18.03
A,C,37.0,2.03,2,rural,100,0,0.058,vip_movement,sedan,0.727,no,1,0.364,17.904
A,C,18.0,1.78,1,highway,80,0,0.648,procession,bike,0.555,no,4,0.505,15.062
C,A,34.0,4.05,4,rural,100,2,0.649,none,bike,0.417,yes,2,1.0,36.336
A,B,7.0,1.38,2,highway,80,2,0.59,procession,truck,0.748,no,1,0.567,16.591
D,A,49.0,2.32,2,highway,80,2,0.76,none,truck,0.139,no,10,0.452,28.373
D,C,12.0,3.59,2,highway,60,0,0.518,none,suv,0.164,no,1,0.258,9.27
C,E,15.0,2.42,2,highway,80,2,0.563,procession,bike,0.3,no,9,0.428,17.644
C,B,21.0,4.21,3,highway,60,0,0.553,vip_movement,suv,0.489,yes,2,1.0,29.388
B,E,6.0,2.23,2,highway,40,0,0.079,none,truck,0.072,no,9,0.299,10.829
B,A,14.0,1.76,3,urban,100,0,0.96,none,suv,0.642,no,6,0.608,14.831
C,D,33.0,2.93,2,rural,40,0,0.105,procession,truck,0.034,no,1,0.174,15.545
A,E,38.0,3.51,2,highway,40,0,0.353,none,truck,0.579,no,7,0.37,19.925
B,C,1.0,4.03,2,rural,100,0,0.026,none,bike,0.319,no,9,0.259,6.427
E,A,43.0,1.19,1,highway,40,0,0.072,none,sedan,0.937,no,10,0.638,27.483
D,C,18.0,1.26,3,rural,40,0,0.311,none,suv,0.434,no,0,0.468,16.057
A,E,33.0,4.39,2,urban,40,2,0.506,none,sedan,0.944,no,7,0.451,22.953
A,B,27.0,2.41,2,urban,80,2,0.292,vip_movement,truck,0.34,no,4,0.333,19.307
A,D,30.0,3.69,3,highway,80,2,0.393,procession,bike,0.116,yes,0,1.0,35.356
A,B,12.0,2.43,2,urban,100,0,0.678,none,truck,0.318,no,3,0.394,10.703
C,E,36.0,2.26,2,urban,80,0,0.135,procession,suv,0.893,yes,4,1.0,34.814
E,A,10.0,3.03,2,urban,40,1,0.455,vip_movement,suv,0.287,no,10,0.38,14.455
C,E,40.0,1.81,2,urban,100,0,0.945,none,suv,0.269,no,4,0.504,21.097
D,B,58.0,1.11,3,rural,100,2,0.11,none,sedan,0.648,no,7,0.581,33.6
C,E,26.0,4.63,3,urban,100,2,0.516,none,suv,0.506,no,8,0.371,18.688
D,E,8.0,3.04,1,urban,60,1,0.62,none,sedan,0.057,no,8,0.347,12.611
B,E,30.0,3.64,2,urban,60,0,0.529,procession,sedan,0.878,no,4,0.431,16.99
E,D,34.0,3.23,4,urban,40,1,0.562,none,bike,0.322,yes,3,1.0,36.348
C,B,16.0,1.75,1,rural,60,0,0.337,vip_movement,sedan,0.757,no,7,0.517,15.725
E,A,41.0,3.24,1,highway,40,0,0.782,vip_movement,suv,0.902,yes,10,1.0,37.845
A,D,16.0,4.16,1,urban,60,0,0.751,none,bike,0.62,no,5,0.42,12.706
B,D,58.0,2.76,2,rural,80,0,0.553,none,truck,0.827,no,4,0.461,25.623
A,E,18.0,2.77,3,urban,40,2,0.563,none,truck,0.75,no,3,0.437,18.176
D,B,37.0,3.35,1,urban,100,2,0.61,none,sedan,0.816,no,8,0.485,23.537
D,B,24.0,4.42,2,rural,80,0,0.645,none,bike,0.567,no,7,0.403,14.762
C,E,37.0,2.11,4,rural,80,1,0.988,none,bike,0.919,no,10,0.671,25.174
D,E,11.0,3.17,3,urban,80,1,0.11,vip_movement,truck,0.506,no,4,0.289,11.567
D,A,56.0,4.35,2,highway,60,0,0.016,none,suv,0.164,no,3,0.158,21.63
D,B,43.0,1.62,2,urban,60,2,0.544,none,bike,0.225,no,7,0.471,27.602
C,E,59.0,1.46,3,urban,100,1,0.344,none,sedan,0.292,no,5,0.452,29.147
E,C,32.0,3.49,2,rural,80,1,0.504,none,bike,0.184,no,3,0.282,17.455
E,D,51.0,2.93,3,highway,60,0,0.14,procession,sedan,0.446,no,3,0.284,21.942
C,B,9.0,2.03,3,rural,40,0,0.766,procession,bike,0.402,no,4,0.471,12.676
E,B,7.0,4.12,2,urban,60,2,0.328,none,bike,0.087,yes,5,1.0,29.814
E,C,52.0,4.53,4,highway,60,1,0.13,none,sedan,0.22,no,5,0.208,23.286
D,A,30.0,1.99,1,highway,60,0,0.656,none,suv,0.615,no,10,0.556,20.574
D,C,41.0,2.46,1,rural,60,0,0.622,vip_movement,sedan,0.451,no,3,0.407,20.501
C,D,21.0,4.54,2,urban,100,1,0.19,none,sedan,0.965,no,8,0.399,15.492
C,B,4.0,4.29,2,highway,100,0,0.277,none,truck,0.816,no,0,0.312,5.983
C,A,40.0,2.4,2,rural,60,0,0.859,procession,suv,0.21,no,5,0.431,20.888
B,D,19.0,1.33,1,rural,60,1,0.057,vip_movement,sedan,0.908,no,2,0.513,18.489
B,D,24.0,2.68,2,highway,60,0,0.38,none,truck,0.36,no,8,0.377,15.939
B,A,21.0,4.16,3,urban,60,2,0.278,none,bike,0.738,no,0,0.299,15.994
E,C,43.0,1.74,1,urban,80,0,0.952,procession,truck,0.381,yes,2,1.0,37.177
D,A,47.0,4.01,2,urban,60,0,0.047,none,sedan,0.43,no,0,0.195,18.8
B,C,34.0,3.74,1,highway,40,1,0.67,none,bike,0.734,no,4,0.428,20.617
A,D,57.0,4.02,3,rural,100,2,0.73,none,bike,0.935,no,1,0.443,27.47
D,C,31.0,4.4,2,rural,100,1,0.962,procession,truck,0.71,no,2,0.445,17.787
C,E,13.0,3.29,2,rural,100,0,0.975,none,suv,0.725,no,8,0.541,12.932
C,D,13.0,1.76,3,rural,80,0,0.717,none,sedan,0.876,no,2,0.566,13.813
C,B,51.0,3.05,2,highway,40,1,0.465,none,suv,0.262,no,0,0.277,23.707
E,B,10.0,4.95,2,urban,40,0,0.058,none,suv,0.513,no,8,0.275,10.359
B,D,18.0,4.76,4,urban,60,1,0.818,none,bike,0.491,no,6,0.406,15.209
A,E,45.0,4.85,1,urban,100,0,0.226,vip_movement,suv,0.928,no,5,0.363,19.665
C,A,55.0,3.79,2,urban,80,0,0.023,vip_movement,sedan,0.562,no,5,0.273,22.544
D,C,46.0,2.66,2,highway,40,0,0.312,none,truck,0.02,no,1,0.227,20.147
C,D,47.0,4.74,3,urban,100,0,0.138,vip_movement,truck,0.062,no,3,0.154,17.796
B,E,26.0,2.12,2,rural,100,1,0.628,procession,sedan,0.031,no,5,0.371,17.364
B,C,17.0,2.31,4,highway,80,1,0.476,none,truck,0.414,no,3,0.381,14.673
B,A,26.0,3.74,1,rural,100,0,0.683,none,bike,0.653,no,7,0.444,15.475
A,E,53.0,3.93,3,urban,80,0,0.283,none,suv,0.278,no,9,0.304,23.013
B,C,36.0,1.88,3,highway,60,1,0.081,procession,sedan,0.028,no,5,0.285,20.808
A,B,14.0,2.3,2,rural,40,0,0.62,procession,suv,0.371,no,1,0.382,12.4
A,E,8.0,5.0,2,highway,40,0,0.02,vip_movement,bike,0.717,no,4,0.268,8.876
C,D,52.0,4.9,1,urban,80,2,0.849,vip_movement,bike,0.255,no,9,0.393,27.346
D,C,31.0,3.09,4,rural,80,1,0.4,none,bike,0.192,no,1,0.258,16.695
D,E,45.0,3.12,2,rural,80,1,0.813,none,bike,0.547,no,1,0.41,22.403
C,A,28.0,4.46,2,urban,60,0,0.519,none,bike,0.66,no,5,0.375,15.775
C,B,52.0,2.38,4,rural,40,0,0.56,none,truck,0.829,no,1,0.456,24.453
E,D,32.0,3.34,2,rural,40,1,0.264,none,suv,0.649,no,3,0.332,19.016
D,A,22.0,1.74,1,highway,60,1,0.178,none,bike,0.21,no,9,0.397,18.74
E,B,7.0,4.84,4,urban,100,1,0.069,none,truck,0.989,no,7,0.364,10.677
A,B,20.0,1.52,2,highway,100,0,0.345,none,sedan,0.498,no,2,0.452,14.711
C,A,9.0,4.82,1,rural,80,1,0.076,none,truck,0.055,no,2,0.129,8.431
D,C,58.0,1.35,2,urban,40,0,0.234,none,suv,0.072,no,1,0.368,26.982
C,A,59.0,4.99,4,urban,60,1,0.324,none,sedan,0.014,no,2,0.168,24.281
E,C,43.0,1.72,3,urban,60,0,0.852,none,sedan,0.538,no,0,0.51,22.409
C,D,9.0,1.65,2,highway,60,2,0.93,none,truck,0.565,no,0,0.542,16.657
D,B,48.0,1.35,3,urban,100,0,0.193,none,suv,0.902,no,2,0.535,24.353
E,C,39.0,3.65,2,urban,100,0,0.355,none,bike,0.546,no,7,0.36,18.567
A,B,39.0,4.39,2,highway,40,2,0.442,none,bike,0.135,no,8,0.287,23.307
C,B,39.0,2.06,2,highway,40,1,0.95,none,truck,0.547,no,7,0.563,25.162
E,B,51.0,2.17,4,highway,60,0,0.967,vip_movement,truck,0.162,no,7,0.48,25.3
B,A,9.0,2.13,2,rural,100,2,0.181,procession,suv,0.647,no,10,0.454,16.091
A,E,24.0,3.6,2,highway,40,2,0.369,none,suv,0.729,no,3,0.361,18.8
C,E,55.0,3.16,2,highway,40,1,0.101,none,truck,0.836,no,8,0.394,27.624
A,B,12.0,3.36,2,highway,60,1,0.905,none,suv,0.659,no,5,0.482,14.403
B,E,40.0,3.85,3,highway,80,2,0.519,none,suv,0.828,no,6,0.433,23.832
C,B,46.0,2.07,2,urban,100,2,0.484,none,truck,0.798,no,10,0.549,28.208
C,B,25.0,1.61,2,rural,100,0,0.798,none,bike,0.731,no,0,0.554,16.648
C,A,31.0,3.04,1,highway,80,0,0.709,vip_movement,sedan,0.39,no,8,0.432,17.863
D,A,4.0,2.9,2,urban,40,0,0.69,procession,suv,0.416,no,5,0.409,10.018
C,B,26.0,2.9,2,highway,40,0,0.071,vip_movement,truck,0.207,no,4,0.234,14.665
D,B,32.0,2.59,2,rural,40,0,0.019,vip_movement,suv,0.536,no,9,0.356,18.893
E,B,42.0,4.98,2,rural,100,0,0.612,none,truck,0.654,no,10,0.433,20.438
A,D,46.0,3.8,2,highway,60,2,0.807,procession,sedan,0.134,no,10,0.393,26.551
C,B,5.0,3.89,2,urban,100,2,0.519,none,bike,0.885,no,1,0.393,11.418
E,A,41.0,4.22,1,highway,40,1,0.746,vip_movement,bike,0.19,no,5,0.332,21.803
C,D,12.0,3.8,2,highway,60,0,0.568,none,sedan,0.679,no,2,0.375,10.563
A,E,16.0,1.73,1,rural,80,0,0.153,vip_movement,sedan,0.873,no,9,0.527,15.763
A,E,33.0,2.02,4,rural,40,0,0.773,procession,truck,0.172,no,0,0.387,18.238
E,C,32.0,3.62,3,rural,100,0,0.509,none,truck,0.263,no,7,0.335,16.23
B,A,58.0,4.2,2,highway,60,0,0.187,none,truck,0.846,no,9,0.392,25.808
A,C,28.0,4.82,2,urban,100,1,0.283,vip_movement,truck,0.686,no,8,0.357,17.103
B,C,30.0,4.17,3,rural,80,2,0.479,none,bike,0.862,no,9,0.454,21.539
A,C,24.0,4.43,2,urban,80,2,0.355,none,sedan,0.13,no,6,0.247,17.003
E,A,54.0,1.87,4,rural,100,1,0.084,none,sedan,0.075,no,5,0.296,25.343
E,C,24.0,2.78,2,rural,80,0,0.472,procession,suv,0.997,no,7,0.508,16.476
D,A,12.0,3.21,2,highway,100,2,0.627,none,truck,0.798,no,8,0.49,16.151
E,B,1.0,3.48,4,rural,100,0,0.397,vip_movement,truck,0.551,no,9,0.395,7.983
D,A,49.0,3.2,1,highway,40,1,0.84,none,bike,0.102,no,3,0.343,24.293
A,E,28.0,4.36,1,highway,40,2,0.511,none,truck,0.127,no,8,0.299,20.141
D,C,5.0,3.92,4,highway,100,1,0.877,procession,truck,0.832,no,10,0.544,12.714
A,D,39.0,1.21,3,highway,80,2,0.314,vip_movement,truck,0.742,no,5,0.592,27.763
D,C,55.0,4.92,3,urban,80,0,0.475,procession,truck,0.147,no,0,0.206,20.575
B,E,8.0,3.05,1,rural,80,0,0.724,none,truck,0.896,yes,2,1.0,25.44
E,C,46.0,1.9,2,highway,40,2,0.915,none,suv,0.154,no,1,0.434,26.975
C,B,8.0,3.08,2,rural,40,0,0.439,procession,sedan,0.757,no,9,0.459,12.417
D,C,2.0,2.09,2,rural,80,0,0.376,vip_movement,suv,0.163,no,9,0.389,9.679
D,A,43.0,1.6,2,rural,100,1,0.535,vip_movement,sedan,0.002,no,3,0.387,22.99
B,D,11.0,3.45,2,urban,80,0,0.187,none,truck,0.237,yes,1,1.0,25.947
E,B,48.0,4.33,2,rural,80,0,0.567,vip_movement,bike,0.236,no,3,0.283,19.988
B,C,3.0,2.26,3,rural,100,0,0.458,none,truck,0.489,no,4,0.407,8.479
D,A,8.0,4.89,2,rural,100,1,0.528,none,suv,0.149,no,3,0.247,8.993
A,D,49.0,2.68,2,urban,60,0,0.175,vip_movement,bike,0.166,no,1,0.227,20.535
E,B,6.0,2.11,2,rural,40,0,0.496,none,truck,0.536,no,7,0.466,12.22
E,C,58.0,2.84,2,rural,100,1,0.864,none,truck,0.776,no,3,0.499,27.253
D,B,46.0,3.1,3,urban,40,2,0.107,none,suv,0.358,no,0,0.222,23.633
C,B,51.0,4.08,1,rural,60,1,0.46,procession,sedan,0.397,no,1,0.28,23.02
E,A,23.0,2.29,2,rural,100,0,0.877,vip_movement,sedan,0.114,no,7,0.443,15.421
C,E,18.0,4.05,2,rural,40,0,0.773,none,bike,0.733,no,9,0.49,15.334
A,D,58.0,1.94,2,rural,80,1,0.317,procession,truck,0.481,no,1,0.376,26.942
A,D,25.0,1.57,2,rural,100,0,0.03,none,bike,0.493,no,5,0.41,16.294
B,D,58.0,2.01,3,urban,60,0,0.683,none,sedan,0.676,no,0,0.471,26.098
A,D,51.0,3.9,1,rural,60,1,0.99,vip_movement,sedan,0.274,no,1,0.366,23.939
A,C,39.0,4.02,1,urban,80,2,0.303,none,sedan,0.163,no,9,0.283,22.571
C,E,50.0,4.29,1,highway,100,0,0.075,procession,truck,0.791,no,8,0.347,21.732
E,D,40.0,4.08,2,urban,100,0,0.884,procession,bike,0.497,no,2,0.394,18.068
A,B,24.0,4.91,2,highway,40,0,0.331,none,suv,0.623,no,7,0.342,15.041
E,B,39.0,3.8,2,rural,100,2,0.106,none,sedan,0.864,no,10,0.399,23.51
A,D,43.0,2.29,2,urban,80,0,0.549,none,suv,0.512,no,7,0.457,22.049
E,D,38.0,4.6,1,urban,80,0,0.331,vip_movement,suv,0.265,no,2,0.226,16.149
A,C,37.0,2.09,2,highway,100,0,0.34,none,truck,0.176,no,6,0.355,18.749
B,A,1.0,2.9,1,urban,60,0,0.918,vip_movement,sedan,0.31,no,2,0.404,7.966
B,E,33.0,1.5,1,rural,80,0,0.87,none,bike,0.107,no,4,0.501,20.035
A,B,41.0,4.67,2,highway,40,0,0.409,none,truck,0.34,no,8,0.316,20.127
D,B,41.0,2.23,1,highway,100,0,0.66,procession,sedan,0.111,no,7,0.404,20.486
A,D,52.0,4.78,1,urban,100,0,0.997,procession,suv,0.286,no,3,0.37,21.449
C,E,46.0,2.89,2,rural,60,1,0.855,none,suv,0.669,no,1,0.453,23.764
C,B,31.0,4.1,4,rural,60,1,0.374,none,suv,0.297,no,1,0.242,16.635
C,A,5.0,4.17,2,urban,60,1,0.901,none,truck,0.194,no,4,0.355,10.546
C,A,30.0,1.59,2,highway,80,1,0.612,none,bike,0.337,no,0,0.441,19.543
B,A,36.0,2.64,2,urban,100,0,0.237,none,bike,0.746,no,10,0.448,19.674
A,B,8.0,3.55,2,highway,40,0,0.286,procession,truck,0.036,no,0,0.177,7.578
C,D,24.0,1.44,1,rural,40,0,0.364,none,suv,0.924,no,5,0.585,19.513
C,D,59.0,1.26,4,highway,80,2,0.922,none,bike,0.438,no,5,0.639,34.059
C,D,6.0,1.86,3,urban,40,1,0.397,procession,sedan,0.447,yes,8,1.0,30.092
A,C,26.0,1.33,2,rural,80,0,0.998,none,bike,0.585,no,10,0.718,21.745
E,A,19.0,4.0,1,highway,80,0,0.017,none,bike,0.955,no,3,0.324,11.795
B,A,59.0,2.92,3,highway,80,1,0.437,none,sedan,0.046,no,5,0.284,26.251
E,D,5.0,3.38,2,urban,60,0,0.518,none,truck,0.508,no,7,0.393,9.814
C,A,1.0,1.95,2,rural,80,2,0.715,none,suv,0.665,no,3,0.511,13.585
E,C,18.0,1.72,2,urban,100,1,0.909,none,truck,0.299,no,6,0.535,17.362
D,A,20.0,4.31,1,urban,40,2,0.156,none,sedan,0.425,no,9,0.299,17.952
D,C,17.0,2.21,1,urban,40,1,0.137,procession,bike,0.202,no,0,0.249,13.857
E,B,8.0,1.35,4,urban,60,1,0.023,procession,truck,0.505,no,3,0.433,14.539
B,E,46.0,3.65,1,urban,60,0,0.443,none,bike,0.433,no,6,0.345,21.318
C,D,15.0,3.08,2,urban,100,0,0.68,none,suv,0.363,no,10,0.439,13.012
C,D,36.0,2.36,3,highway,100,2,0.695,none,bike,1.0,no,4,0.548,23.701
E,B,28.0,2.07,2,urban,40,0,0.221,vip_movement,truck,0.889,no,7,0.485,19.057
C,D,18.0,1.72,3,highway,80,2,0.879,none,truck,0.682,no,1,0.555,19.058
D,A,13.0,2.55,4,urban,100,0,0.815,none,truck,0.668,no,1,0.463,11.196
C,E,23.0,1.64,2,urban,100,1,0.341,none,bike,0.485,no,2,0.429,17.128
B,C,45.0,3.52,3,highway,60,0,0.154,procession,bike,0.724,no,4,0.329,20.514
C,A,24.0,1.21,2,rural,80,2,0.532,none,bike,0.595,no,8,0.635,24.271
D,C,14.0,3.97,2,rural,100,1,0.237,none,suv,0.243,no,9,0.287,12.628
D,B,10.0,1.64,2,urban,40,0,0.009,none,sedan,0.318,yes,4,1.0,28.856
D,C,37.0,1.28,2,rural,100,2,0.412,none,sedan,0.208,no,5,0.486,25.354
B,E,7.0,1.9,2,rural,100,0,0.307,none,suv,0.633,no,2,0.419,9.828
E,B,7.0,1.03,3,highway,80,0,0.595,none,suv,0.168,no,2,0.562,13.987
E,B,34.0,1.87,2,urban,60,1,0.167,vip_movement,sedan,0.44,no,7,0.405,21.819
D,E,42.0,2.61,2,urban,80,0,0.726,none,bike,0.291,no,2,0.377,19.681
D,C,29.0,2.75,4,urban,60,2,0.879,none,truck,0.635,no,8,0.528,22.901
C,B,44.0,1.1,1,urban,100,2,0.046,procession,truck,0.615,no,4,0.535,28.389
E,D,12.0,4.54,3,highway,40,0,0.316,none,truck,0.246,no,4,0.241,9.907
C,B,48.0,1.64,4,rural,100,0,0.422,none,truck,0.12,no,6,0.413,23.284
B,A,33.0,3.2,2,urban,40,0,0.161,none,bike,0.145,no,3,0.216,16.226
B,C,58.0,2.43,2,urban,40,0,0.294,none,suv,0.453,no,6,0.374,26.398
E,D,14.0,2.95,1,highway,60,2,0.174,procession,suv,0.417,no,6,0.314,15.731
E,A,25.0,4.14,2,rural,100,2,0.412,none,sedan,0.344,no,8,0.328,18.088
A,E,2.0,3.76,2,urban,80,2,0.862,none,truck,0.295,yes,9,1.0,28.731
D,E,13.0,1.66,2,urban,80,0,0.837,none,sedan,0.612,no,3,0.561,14.123
E,A,7.0,4.71,2,rural,100,2,0.506,none,truck,0.307,no,6,0.308,11.939
B,C,48.0,1.17,2,urban,40,0,0.917,none,bike,0.3,no,7,0.656,28.642
B,C,22.0,3.0,1,rural,40,0,0.227,none,bike,0.621,no,6,0.363,15.098
B,D,55.0,2.32,3,highway,100,1,0.894,none,bike,0.658,no,3,0.513,26.877
E,C,39.0,1.25,1,highway,60,0,0.59,none,suv,0.302,no,5,0.548,23.677
E,C,8.0,2.66,2,highway,80,0,0.746,none,sedan,0.332,no,1,0.376,9.239
E,D,42.0,1.19,1,rural,100,0,0.192,procession,sedan,0.504,no,4,0.516,23.272
D,C,23.0,1.01,2,urban,40,0,0.023,vip_movement,truck,0.895,no,5,0.628,21.121
D,B,41.0,1.49,2,highway,100,0,0.443,vip_movement,suv,0.753,no,3,0.538,22.134
E,B,41.0,1.68,2,highway,60,0,0.02,vip_movement,sedan,0.93,no,8,0.508,23.453
A,E,27.0,1.98,4,rural,100,0,0.449,none,sedan,0.038,no,4,0.339,15.318
A,C,7.0,3.24,1,urban,40,0,0.442,none,bike,0.004,no,1,0.223,8.068
A,B,58.0,4.66,2,rural,60,0,0.712,none,truck,0.184,no,7,0.335,24.724
C,D,34.0,1.55,2,highway,60,2,0.461,none,bike,0.509,no,7,0.521,25.529
C,A,42.0,2.92,1,rural,60,0,0.804,none,bike,0.876,no,3,0.503,21.445
C,E,26.0,1.78,2,highway,80,0,0.886,none,bike,0.05,no,4,0.452,16.938
E,A,55.0,2.96,4,urban,100,0,0.86,vip_movement,suv,0.756,no,4,0.498,24.471
E,D,44.0,3.93,4,highway,60,0,0.986,none,suv,0.2,no,1,0.349,19.664
D,C,51.0,3.43,2,highway,80,0,0.863,none,truck,0.762,no,3,0.472,23.071
E,D,15.0,2.05,1,rural,80,0,0.726,procession,truck,0.012,no,3,0.373,12.268
A,E,35.0,1.74,2,highway,60,0,0.251,vip_movement,suv,0.638,no,1,0.418,19.263
B,C,3.0,4.67,2,rural,60,0,0.634,none,bike,0.041,no,9,0.311,8.377
C,A,55.0,4.68,2,urban,40,0,0.766,none,truck,0.247,no,4,0.328,23.646
B,D,20.0,3.66,3,rural,40,0,0.34,procession,sedan,0.869,no,9,0.441,15.574
B,A,42.0,3.99,2,rural,100,0,0.913,none,bike,0.658,no,8,0.494,20.895
E,B,55.0,3.38,2,urban,60,0,0.645,vip_movement,sedan,0.142,no,0,0.276,22.234
C,E,26.0,2.71,3,rural,40,2,0.316,none,sedan,0.997,yes,6,1.0,36.844
C,A,39.0,3.73,2,rural,80,0,0.829,none,sedan,0.697,no,2,0.432,18.766
E,A,17.0,4.12,1,highway,40,0,0.456,none,bike,0.562,no,9,0.391,14.021
E,A,28.0,2.73,2,highway,60,0,0.688,none,sedan,0.682,no,0,0.42,15.93
D,B,44.0,3.21,3,highway,80,0,0.163,procession,sedan,0.818,no,1,0.331,19.266
D,B,36.0,3.91,2,highway,60,0,0.96,none,sedan,0.353,no,10,0.465,20.229
C,D,47.0,1.02,4,highway,80,2,0.817,vip_movement,truck,0.601,no,10,0.774,33.723
A,C,48.0,2.71,3,urban,60,0,0.83,none,sedan,0.944,no,0,0.503,22.772
A,B,48.0,4.27,3,highway,100,0,0.827,none,suv,0.537,no,3,0.396,20.633
A,C,31.0,1.7,4,rural,80,0,0.178,none,truck,0.192,no,7,0.38,18.44
D,A,3.0,3.96,1,highway,60,2,0.796,none,sedan,0.518,no,4,0.404,12.502
D,A,36.0,1.83,2,rural,40,0,0.21,none,suv,0.573,no,8,0.455,21.681
A,B,21.0,2.46,3,highway,100,1,0.143,vip_movement,truck,0.746,no,4,0.38,15.43
E,D,53.0,2.29,3,highway,60,0,0.964,none,suv,0.024,no,9,0.462,26.0
A,D,30.0,1.45,2,urban,100,0,0.168,none,suv,0.786,no,4,0.507,18.812
C,A,40.0,2.87,2,urban,60,0,0.981,procession,sedan,0.193,no,6,0.434,20.781
C,D,27.0,2.0,2,urban,80,0,0.915,none,bike,0.198,no,3,0.453,16.731
E,D,21.0,4.37,2,rural,60,0,0.752,vip_movement,suv,0.607,no,3,0.393,13.479
D,A,6.0,3.2,2,rural,60,0,0.551,none,suv,0.972,no,8,0.51,11.558
D,A,27.0,2.15,1,highway,60,1,0.662,none,suv,0.303,no,9,0.469,20.413
B,D,18.0,4.72,2,highway,80,0,0.175,vip_movement,bike,0.247,no,9,0.259,11.851
A,D,12.0,4.52,1,rural,40,1,0.863,none,bike,0.128,no,3,0.317,12.474
C,D,14.0,4.01,2,rural,80,0,0.324,vip_movement,truck,0.717,no,2,0.328,10.127
C,A,18.0,2.96,2,urban,60,1,0.585,procession,truck,0.57,no,0,0.366,14.251
D,E,3.0,3.3,2,urban,100,0,0.067,none,bike,0.91,no,4,0.357,7.284
C,A,4.0,3.39,2,highway,80,1,0.711,none,bike,0.652,no,3,0.42,10.479
E,B,9.0,4.34,2,urban,100,0,0.443,none,suv,0.642,no,10,0.409,10.442
A,E,36.0,3.94,3,highway,40,1,0.421,none,truck,0.421,no,1,0.28,19.069
E,A,25.0,2.05,3,rural,60,0,0.563,none,suv,0.797,no,0,0.467,16.109
B,D,49.0,3.32,1,highway,100,0,0.183,vip_movement,bike,0.445,no,2,0.266,19.765
B,E,12.0,4.65,3,highway,40,1,0.419,procession,truck,0.528,no,0,0.275,11.43
A,B,59.0,2.03,3,rural,60,1,0.832,vip_movement,truck,0.869,no,6,0.597,30.839
C,B,31.0,4.62,1,rural,80,0,0.37,procession,bike,0.373,no,9,0.325,16.436
D,C,51.0,1.06,1,urban,80,0,0.769,none,bike,0.546,no,2,0.66,28.014
C,E,10.0,2.16,1,rural,80,2,0.854,none,sedan,0.824,no,9,0.61,18.214
A,E,45.0,3.15,2,rural,100,0,0.058,vip_movement,truck,0.772,no,6,0.353,20.321
B,E,57.0,1.42,1,rural,80,2,0.997,none,sedan,0.1,no,3,0.532,31.548
A,B,5.0,4.56,3,rural,100,1,0.323,procession,suv,0.299,no,9,0.302,9.918
C,E,9.0,4.58,1,rural,60,2,0.613,vip_movement,truck,0.914,no,2,0.413,13.818
D,A,38.0,4.15,3,urban,80,0,0.183,none,bike,0.969,no,10,0.427,19.872
B,A,45.0,4.04,3,urban,40,0,0.609,none,sedan,0.493,no,0,0.32,19.934
A,D,5.0,4.64,3,urban,100,2,0.413,none,bike,0.616,no,3,0.322,10.897
E,D,49.0,4.5,2,rural,100,0,0.223,none,sedan,0.708,no,3,0.305,19.961
D,E,6.0,4.98,4,highway,60,0,0.244,vip_movement,sedan,0.879,no,8,0.385,9.752
D,E,59.0,4.28,2,urban,60,0,0.114,vip_movement,bike,0.625,no,6,0.301,24.582
E,C,39.0,2.58,2,rural,80,1,0.564,procession,truck,0.727,no,5,0.463,22.265
D,E,22.0,4.02,2,highway,100,0,0.679,none,truck,0.524,no,2,0.36,12.344
B,C,12.0,2.4,2,urban,80,0,0.721,vip_movement,sedan,0.366,no,1,0.394,10.82
C,D,43.0,3.1,3,highway,60,1,0.298,vip_movement,suv,0.653,no,2,0.339,21.805
A,E,52.0,3.05,2,highway,40,0,0.333,none,truck,0.567,no,2,0.331,22.951
A,E,42.0,1.88,1,rural,100,1,0.995,vip_movement,bike,0.024,no,4,0.457,23.13
A,D,49.0,3.33,2,urban,80,2,0.602,none,truck,0.646,no,0,0.37,24.902
E,D,35.0,4.31,3,highway,40,0,0.195,procession,truck,0.289,no,5,0.24,17.06
A,C,33.0,1.71,3,urban,100,0,0.312,none,sedan,0.785,no,3,0.484,18.77
C,B,3.0,2.04,1,rural,100,2,0.966,none,bike,0.518,no,6,0.553,14.575
C,A,42.0,1.47,3,rural,60,0,0.061,none,bike,0.027,no,8,0.37,22.814
D,E,28.0,4.53,2,highway,80,0,0.134,none,truck,0.105,no,10,0.236,14.866
C,B,37.0,3.38,3,highway,100,1,0.869,none,suv,0.466,yes,1,1.0,35.28
D,E,18.0,3.25,1,urban,100,1,0.877,vip_movement,sedan,0.992,no,0,0.497,14.412
E,B,36.0,2.07,2,highway,40,0,0.394,procession,truck,0.836,no,6,0.499,21.407
C,D,9.0,4.26,1,urban,60,0,0.667,none,truck,0.652,no,4,0.398,10.149
B,C,30.0,1.18,2,urban,40,1,0.546,none,sedan,0.668,no,9,0.671,25.74
A,E,30.0,2.24,2,highway,40,0,0.286,procession,suv,0.799,no,6,0.456,18.986
B,A,44.0,4.98,4,urban,80,0,0.756,none,suv,0.16,no,9,0.353,20.539
C,A,32.0,4.31,2,urban,80,1,0.043,none,suv,0.95,no,4,0.331,17.874
D,A,29.0,4.85,4,rural,100,0,0.376,procession,truck,0.816,no,3,0.351,14.339
E,C,27.0,1.48,2,urban,40,0,0.499,none,truck,0.854,no,7,0.612,21.006
A,E,23.0,3.81,1,rural,40,1,0.12,procession,sedan,0.156,no,5,0.21,15.314
D,E,28.0,4.57,1,rural,80,2,0.839,none,bike,0.152,no,6,0.346,19.149
E,B,11.0,2.47,2,highway,40,0,0.994,none,suv,0.912,no,9,0.633,15.45
D,B,49.0,2.81,1,urban,100,1,0.997,procession,truck,0.388,no,6,0.479,24.969
A,B,16.0,3.01,2,highway,80,0,0.225,vip_movement,suv,0.038,no,0,0.186,9.318
D,C,14.0,4.55,2,rural,100,0,0.155,vip_movement,suv,0.332,no,3,0.215,8.553
C,D,14.0,2.16,1,urban,100,0,0.013,none,sedan,0.811,no,2,0.37,11.123
D,B,53.0,4.42,1,highway,40,0,0.573,procession,sedan,0.096,no,5,0.274,22.771
C,A,15.0,2.39,3,rural,40,0,0.616,none,sedan,0.972,no,6,0.545,15.236
C,A,4.0,3.55,1,urban,80,0,0.198,none,bike,0.835,no,9,0.409,9.499
E,B,58.0,1.52,2,rural,80,1,0.383,none,suv,0.952,no,2,0.551,29.602
A,D,28.0,1.53,3,urban,60,0,0.056,none,suv,0.687,no,10,0.51,20.279
A,B,19.0,1.98,1,rural,80,0,0.287,none,suv,0.725,no,7,0.475,15.371
B,E,15.0,4.83,1,rural,40,0,0.189,none,bike,0.096,no,1,0.15,9.235
B,D,41.0,4.09,2,urban,80,2,0.733,procession,bike,0.721,no,10,0.489,25.407
B,E,25.0,1.39,2,urban,40,0,0.931,none,sedan,0.562,no,7,0.657,21.07
A,C,17.0,3.61,2,rural,80,0,0.346,none,truck,0.981,no,6,0.436,13.047
B,D,26.0,2.7,4,urban,80,0,0.372,none,bike,0.037,no,4,0.27,14.147
B,E,37.0,1.79,3,urban,40,1,0.263,procession,truck,0.611,no,2,0.418,22.465
A,E,12.0,2.94,1,highway,60,0,0.149,procession,bike,0.99,no,5,0.414,11.934
C,B,33.0,1.74,1,rural,80,0,0.29,none,bike,0.846,yes,0,1.0,33.767
C,D,21.0,3.39,2,urban,60,0,0.533,none,truck,0.195,no,4,0.304,13.109
C,E,13.0,3.26,1,urban,80,1,0.486,none,sedan,0.452,no,3,0.34,12.436
C,E,57.0,4.27,2,urban,60,0,0.075,procession,suv,0.669,no,5,0.292,23.693
C,E,38.0,1.71,1,highway,100,0,0.091,none,suv,0.964,no,10,0.545,22.275
B,A,50.0,1.82,2,highway,60,0,0.92,vip_movement,bike,0.111,no,7,0.496,25.609
D,B,6.0,1.55,1,rural,60,1,0.453,none,bike,0.075,no,5,0.413,13.649
A,E,28.0,1.89,2,rural,40,0,0.727,none,truck,0.656,no,2,0.509,18.541
C,A,24.0,2.07,2,rural,60,0,0.839,none,truck,0.505,no,2,0.482,16.327
B,E,30.0,4.71,4,rural,100,2,0.132,none,bike,0.804,no,8,0.352,19.682
B,C,57.0,1.82,2,rural,80,1,0.723,none,bike,0.693,no,0,0.503,27.883
A,B,3.0,1.63,3,rural,40,2,0.153,none,truck,0.506,no,3,0.408,14.648
D,E,29.0,3.4,2,highway,60,1,0.11,vip_movement,truck,0.184,no,6,0.236,17.234
D,C,16.0,2.0,2,urban,40,2,0.509,none,suv,0.746,no,2,0.471,18.413
C,B,28.0,3.86,3,highway,100,2,0.881,none,suv,0.284,no,10,0.437,20.564
E,C,43.0,2.98,2,rural,100,1,0.763,vip_movement,suv,0.274,no,4,0.382,21.694
B,C,56.0,3.03,2,urban,60,0,0.52,procession,suv,0.869,no,1,0.42,24.347
D,C,14.0,3.21,3,highway,60,2,0.052,none,bike,0.704,no,7,0.346,16.111
B,D,52.0,2.17,2,urban,80,0,0.659,vip_movement,suv,0.173,no,8,0.431,24.82
C,B,9.0,4.9,2,highway,60,0,0.626,vip_movement,suv,0.133,no,0,0.233,7.554
D,C,47.0,1.62,2,urban,100,2,0.208,none,sedan,0.525,no,0,0.393,25.613
A,D,38.0,1.84,2,rural,40,0,0.018,none,bike,0.434,no,5,0.358,20.709
C,E,10.0,2.8,2,highway,100,1,0.341,procession,truck,0.669,no,5,0.395,12.237
B,A,54.0,1.46,2,highway,40,0,0.136,vip_movement,suv,0.442,no,6,0.45,27.33
E,C,36.0,2.55,2,rural,60,2,0.575,vip_movement,truck,0.911,no,5,0.504,24.295
E,B,2.0,3.76,2,highway,40,1,0.761,none,suv,0.285,no,4,0.355,10.284
B,D,59.0,2.89,3,rural,100,0,0.713,vip_movement,sedan,0.739,no,7,0.499,26.32
B,A,33.0,4.42,2,rural,80,1,0.866,vip_movement,bike,0.607,no,4,0.425,19.083
D,C,34.0,1.18,3,highway,60,0,0.247,none,suv,0.757,no,10,0.639,24.324
E,D,44.0,4.9,3,rural,60,0,0.021,procession,suv,0.261,no,10,0.238,20.101
B,E,35.0,4.39,1,highway,80,0,0.472,none,suv,0.586,no,0,0.303,15.666
B,C,32.0,4.09,1,rural,100,2,0.047,procession,truck,0.575,no,0,0.222,17.543
A,D,11.0,4.01,1,highway,60,1,0.651,procession,bike,0.304,no,2,0.311,11.556
B,C,22.0,1.88,2,highway,40,2,0.303,none,sedan,0.513,no,3,0.406,19.923
B,C,59.0,3.82,1,urban,60,0,0.123,none,bike,0.506,no,6,0.29,24.614
B,E,11.0,4.69,2,highway,80,0,0.846,vip_movement,sedan,0.56,no,10,0.466,12.029
B,E,22.0,4.36,1,highway,100,0,0.381,none,bike,0.145,no,7,0.267,12.316
B,A,27.0,2.41,1,urban,100,0,0.69,none,truck,0.502,no,6,0.464,16.517
D,E,18.0,3.13,2,rural,60,1,0.433,none,truck,0.444,no,4,0.343,14.729
E,A,57.0,4.28,2,urban,80,0,0.479,none,truck,0.003,no,2,0.21,21.766
E,B,31.0,2.02,2,urban,60,0,1.0,vip_movement,bike,0.244,no,3,0.477,18.651
C,A,5.0,1.07,1,urban,100,0,0.16,vip_movement,truck,0.106,no,1,0.437,11.245
B,C,7.0,1.04,3,urban,60,0,0.112,none,sedan,0.125,no,10,0.532,15.724
A,E,56.0,2.07,3,highway,60,0,0.003,none,suv,0.013,no,10,0.297,25.683
D,C,35.0,1.81,2,urban,80,1,0.881,none,truck,0.792,no,6,0.616,23.629
C,A,55.0,4.18,2,rural,80,0,0.818,none,sedan,0.339,no,1,0.337,22.27
A,B,2.0,4.67,2,rural,80,0,0.669,vip_movement,truck,0.521,no,5,0.374,7.409
A,C,47.0,4.15,2,rural,60,0,0.884,none,sedan,0.85,no,7,0.513,23.334
D,E,57.0,1.77,3,urban,40,0,0.321,procession,truck,0.435,no,0,0.377,25.699
A,B,26.0,4.57,1,highway,60,0,0.888,procession,suv,0.824,no,6,0.49,16.495
B,A,56.0,4.54,2,urban,60,0,0.059,none,sedan,0.818,no,9,0.353,24.735
A,B,43.0,1.49,3,urban,80,0,0.234,none,truck,0.979,no,3,0.541,23.256
C,E,30.0,1.67,2,urban,80,0,0.155,none,truck,0.311,no,9,0.423,19.031
A,D,23.0,3.96,3,rural,80,1,0.449,vip_movement,suv,0.379,no,0,0.267,13.83
A,B,26.0,2.56,1,highway,60,0,0.578,procession,truck,0.543,no,8,0.461,17.46
B,D,28.0,4.91,1,highway,100,0,0.793,none,suv,0.599,no,3,0.39,14.416
A,D,1.0,1.38,1,urban,80,0,0.455,none,sedan,0.017,no,7,0.454,10.869
A,D,36.0,2.75,1,rural,60,1,0.885,none,suv,0.243,yes,2,1.0,36.516
C,E,57.0,2.27,2,rural,40,2,0.476,none,bike,0.392,no,0,0.35,28.802
C,E,28.0,4.91,2,urban,60,2,0.548,none,sedan,0.723,no,3,0.366,19.175
A,B,35.0,1.24,2,urban,40,0,0.453,procession,truck,0.758,no,3,0.594,23.061
B,D,20.0,3.86,2,highway,80,0,0.773,none,bike,0.556,no,2,0.389,12.59
C,B,40.0,2.97,2,highway,100,0,0.526,procession,sedan,0.424,no,10,0.425,20.429
D,A,38.0,2.35,1,highway,80,0,0.192,procession,truck,0.19,no,0,0.247,16.991
E,B,39.0,4.75,2,urban,40,1,0.558,none,truck,0.861,no,0,0.368,20.436
A,D,45.0,3.47,2,urban,100,2,0.401,vip_movement,sedan,0.056,no,3,0.236,22.404
E,D,42.0,4.96,3,highway,60,0,0.08,procession,truck,0.418,no,2,0.2,17.508
B,E,21.0,2.48,3,rural,60,0,0.14,none,suv,0.233,no,6,0.296,13.969
B,A,20.0,4.62,1,highway,40,0,0.528,none,suv,0.518,yes,5,1.0,30.082
D,C,31.0,3.27,2,rural,40,0,0.226,none,truck,0.026,no,7,0.243,16.658
D,E,7.0,1.25,2,urban,60,0,0.937,vip_movement,truck,0.426,no,10,0.692,16.517
D,C,38.0,3.49,2,rural,40,1,0.154,none,sedan,0.926,yes,1,1.0,37.033
E,D,31.0,2.44,2,rural,80,1,0.317,none,suv,0.817,no,9,0.481,20.957
E,D,22.0,3.99,2,urban,80,0,0.75,procession,bike,0.349,no,9,0.41,14.755
A,B,42.0,4.0,3,urban,80,0,0.509,none,suv,0.169,no,5,0.285,18.703
E,A,19.0,4.9,2,urban,80,2,0.697,none,truck,0.707,no,7,0.432,17.444
E,C,39.0,2.08,3,highway,100,0,0.549,none,truck,0.383,no,9,0.468,21.082
D,E,43.0,3.86,3,rural,80,1,0.119,vip_movement,bike,0.717,no,6,0.331,21.703
B,E,33.0,2.46,4,highway,60,0,0.576,none,suv,0.096,no,4,0.337,17.605
B,C,51.0,3.39,2,highway,80,1,0.362,procession,sedan,0.951,no,9,0.471,26.28
A,D,49.0,1.79,3,highway,80,1,0.966,vip_movement,truck,0.766,no,3,0.6,27.1
E,D,12.0,1.22,1,urban,80,0,0.128,none,suv,0.907,no,8,0.615,16.458
D,A,50.0,3.94,2,rural,100,0,0.743,procession,sedan,0.599,no,9,0.46,23.168
A,E,45.0,4.25,1,urban,60,0,0.528,none,sedan,0.977,yes,4,1.0,36.978
D,B,49.0,2.53,1,rural,80,0,0.553,none,bike,0.98,no,10,0.565,25.329
C,A,13.0,3.4,2,urban,80,1,0.9,vip_movement,sedan,0.229,no,5,0.393,13.305
A,C,10.0,3.5,1,rural,80,0,0.927,vip_movement,sedan,0.197,no,7,0.409,10.917
C,B,6.0,4.85,2,rural,60,0,0.51,none,suv,0.98,no,5,0.43,9.635
B,E,26.0,1.5,2,highway,100,2,0.584,none,suv,0.171,yes,4,1.0,36.433
A,B,9.0,2.51,3,highway,100,1,0.947,none,suv,0.708,no,8,0.571,14.5
B,D,18.0,3.12,3,urban,60,2,0.993,none,suv,0.956,no,1,0.528,17.984
B,E,24.0,1.83,2,rural,80,1,0.746,none,suv,0.181,no,4,0.444,18.164
C,D,34.0,4.35,3,rural,80,0,0.479,none,suv,0.235,yes,3,1.0,32.95
E,B,48.0,3.29,1,highway,100,0,0.045,vip_movement,truck,0.568,no,4,0.284,20.063
A,E,57.0,3.34,2,highway,80,1,0.896,vip_movement,truck,0.69,no,4,0.477,27.169
B,D,46.0,1.03,4,urban,80,2,0.291,vip_movement,bike,0.317,no,9,0.601,31.478
E,C,18.0,2.8,2,rural,40,2,0.309,none,suv,0.136,no,7,0.302,17.603
B,D,48.0,2.69,3,highway,40,1,0.095,procession,bike,0.724,no,3,0.343,24.286
D,B,43.0,3.4,2,highway,80,0,0.579,vip_movement,bike,0.744,no,8,0.462,21.59
E,C,12.0,1.66,2,urban,60,0,0.798,none,sedan,0.417,no,10,0.584,15.947
D,A,29.0,1.09,2,urban,60,0,0.735,none,truck,0.358,yes,3,1.0,35.399
A,E,58.0,4.69,2,urban,60,2,0.69,none,suv,0.067,no,3,0.267,27.234
E,B,38.0,1.65,2,highway,60,0,0.271,procession,truck,0.493,no,3,0.425,20.776
E,D,8.0,4.54,3,rural,80,0,0.344,none,bike,0.982,no,0,0.353,8.037
E,C,37.0,1.16,1,urban,60,1,0.514,vip_movement,bike,0.659,no,5,0.629,26.191
E,A,54.0,3.86,2,rural,40,0,0.214,none,sedan,0.524,no,5,0.301,23.505
D,A,44.0,2.28,1,highway,100,2,0.303,none,sedan,0.197,no,8,0.356,25.052
D,C,47.0,2.46,2,rural,60,0,0.569,vip_movement,sedan,0.704,no,3,0.447,22.706
A,C,42.0,4.52,1,rural,100,1,0.601,procession,truck,0.514,no,3,0.342,20.223
D,C,37.0,2.79,4,highway,100,1,0.051,procession,bike,0.827,no,2,0.339,19.177
A,D,34.0,1.22,2,highway,80,0,0.358,vip_movement,suv,0.918,yes,9,1.0,37.104
E,B,50.0,4.03,2,rural,60,1,0.612,none,truck,0.719,no,7,0.435,25.496
A,D,8.0,4.73,4,urban,100,2,0.574,none,bike,0.368,no,2,0.293,11.288
A,E,48.0,3.58,4,highway,80,1,0.079,procession,bike,0.643,no,8,0.336,23.755
D,A,52.0,2.91,2,rural,60,0,0.787,none,bike,0.395,no,1,0.384,22.858
C,B,8.0,3.47,2,urban,80,0,0.869,none,bike,0.459,no,2,0.401,9.248
A,D,3.0,2.57,4,rural,80,0,0.968,none,suv,0.277,no,4,0.445,9.09
C,B,5.0,2.44,2,rural,80,0,0.902,none,truck,0.488,no,7,0.512,11.061
E,A,33.0,2.14,3,highway,40,0,0.537,none,sedan,0.477,no,3,0.42,19.032
B,A,5.0,1.63,4,highway,80,0,0.489,vip_movement,suv,0.708,no,0,0.485,10.414
B,D,34.0,4.08,3,urban,60,2,0.184,none,sedan,0.169,no,4,0.209,19.813
E,C,18.0,4.36,2,highway,100,0,0.146,none,sedan,0.957,no,0,0.312,10.17
C,B,33.0,2.52,4,urban,40,0,0.119,none,bike,0.549,no,5,0.343,18.314
A,C,14.0,2.04,1,highway,40,0,0.855,procession,bike,0.39,no,9,0.535,15.795
D,E,12.0,3.15,2,rural,40,0,0.515,none,truck,0.014,no,8,0.313,11.916
C,E,35.0,1.85,3,highway,80,1,0.595,none,truck,0.836,no,7,0.573,23.337
A,E,42.0,1.39,1,urban,80,0,0.283,procession,suv,0.749,no,7,0.565,24.256
E,C,10.0,3.4,4,rural,100,0,0.715,procession,truck,0.01,no,1,0.273,7.899
E,A,29.0,1.89,4,urban,60,2,0.819,vip_movement,truck,0.154,yes,8,1.0,38.439
D,B,22.0,2.89,2,urban,40,1,0.418,none,sedan,0.956,no,6,0.473,18.262
C,D,37.0,1.45,2,rural,80,0,0.572,procession,sedan,0.906,no,3,0.601,22.147
A,D,13.0,1.72,3,highway,80,0,0.814,none,suv,0.461,no,3,0.517,13.58
C,A,29.0,2.1,2,urban,100,0,0.916,none,sedan,0.769,no,6,0.588,18.66
A,D,24.0,1.08,1,highway,40,0,0.947,none,bike,0.762,no,0,0.713,20.966
E,D,44.0,2.33,2,urban,80,0,0.502,none,truck,0.188,no,8,0.39,21.844
E,C,38.0,4.86,3,rural,80,1,0.584,none,truck,0.545,no,7,0.378,20.61
D,C,43.0,3.05,3,urban,80,2,0.02,none,bike,0.352,no,0,0.205,21.594
E,A,18.0,1.92,3,highway,80,1,0.383,vip_movement,sedan,0.111,no,2,0.327,14.673
B,D,3.0,2.33,4,urban,80,0,0.129,vip_movement,sedan,0.947,no,2,0.407,8.507
B,D,15.0,3.2,2,rural,60,0,0.055,none,sedan,0.007,no,6,0.197,10.733
D,B,38.0,3.73,4,highway,40,0,0.322,procession,bike,0.893,no,0,0.35,18.241
B,A,8.0,2.76,2,rural,100,2,0.634,none,sedan,0.977,no,9,0.557,16.082
A,E,36.0,2.44,1,highway,100,2,0.903,procession,sedan,0.018,no,1,0.358,21.135
B,D,50.0,1.64,3,urban,80,2,0.146,none,truck,0.618,no,10,0.496,30.009
A,B,37.0,4.28,3,rural,40,1,0.888,procession,suv,0.704,no,4,0.452,21.584
C,A,59.0,4.94,2,urban,80,0,0.986,vip_movement,truck,0.065,no,8,0.371,25.024
D,E,26.0,3.97,2,rural,60,0,0.403,vip_movement,bike,0.294,no,2,0.26,13.562
D,E,50.0,2.28,3,urban,40,1,0.417,none,suv,0.948,no,0,0.448,25.678
E,A,23.0,3.04,3,rural,100,2,0.577,none,sedan,0.003,no,8,0.328,17.924
E,C,34.0,2.49,1,rural,100,0,0.705,none,truck,0.254,no,7,0.422,18.329
B,E,19.0,3.8,3,rural,40,0,0.041,none,suv,0.762,no,2,0.286,12.273
E,D,11.0,3.2,2,highway,40,2,0.654,procession,bike,0.145,no,8,0.365,16.108
D,C,22.0,3.53,2,urban,100,0,0.935,none,truck,0.468,no,4,0.434,13.656
B,C,57.0,4.65,4,urban,100,1,0.452,procession,truck,0.024,no,9,0.271,25.188
D,C,20.0,2.5,2,rural,40,0,0.424,none,suv,0.225,no,3,0.32,13.803
C,B,19.0,4.32,1,highway,80,2,0.528,none,bike,0.642,no,6,0.387,16.924
D,C,12.0,2.85,2,highway,60,1,0.435,none,bike,0.426,no,2,0.332,12.577
B,D,3.0,3.16,3,rural,100,0,0.196,none,truck,0.057,no,9,0.267,7.454
D,E,57.0,1.47,2,urban,100,1,0.152,procession,truck,0.438,no,6,0.45,28.697
B,A,49.0,2.59,3,highway,60,0,0.441,none,truck,0.458,no,5,0.384,22.976
D,E,14.0,3.33,2,rural,100,1,0.288,none,bike,0.857,no,2,0.369,12.291
E,C,51.0,2.7,4,urban,40,0,0.348,none,suv,0.351,no,6,0.348,23.834
D,B,40.0,3.54,1,highway,100,1,0.377,none,bike,0.691,no,2,0.347,19.781
A,D,6.0,4.81,2,rural,60,0,0.874,none,truck,0.707,no,2,0.419,8.932
B,C,30.0,1.89,2,rural,100,0,0.847,procession,truck,0.239,no,5,0.479,17.928
A,C,51.0,2.65,2,highway,40,1,0.243,vip_movement,bike,0.38,no,10,0.376,26.942
A,D,48.0,2.42,2,highway,40,1,0.781,procession,truck,0.945,yes,3,1.0,41.069
D,A,51.0,3.81,2,urban,100,0,0.318,none,truck,0.659,no,7,0.371,22.22
C,D,39.0,3.31,2,urban,60,0,0.207,vip_movement,bike,0.147,no,8,0.271,19.024
C,A,10.0,3.74,1,rural,60,1,0.604,none,suv,0.261,no,3,0.31,11.533
D,B,20.0,4.5,2,rural,40,0,0.107,none,sedan,0.507,no,3,0.242,12.126
C,B,3.0,3.19,3,rural,40,0,0.483,none,suv,0.792,no,3,0.411,9.174
B,D,50.0,3.96,2,rural,40,1,0.5,none,sedan,0.464,yes,8,1.0,41.861
E,A,50.0,3.78,1,urban,100,0,0.261,vip_movement,sedan,0.542,no,0,0.267,19.489
D,A,46.0,4.88,4,highway,60,0,0.329,none,truck,0.06,no,7,0.23,20.022
D,B,22.0,3.82,2,highway,40,0,0.911,none,sedan,0.15,no,8,0.397,15.474
D,C,35.0,1.3,4,rural,60,0,0.624,none,bike,0.663,no,10,0.666,24.516
B,A,23.0,4.32,2,urban,40,0,0.985,none,sedan,0.411,no,10,0.472,16.777
E,D,58.0,4.54,1,rural,100,0,0.652,none,truck,0.814,no,4,0.421,24.013
A,E,5.0,1.74,2,highway,40,0,0.693,procession,suv,0.557,no,8,0.56,13.573
A,B,37.0,2.22,2,rural,40,0,0.623,none,bike,0.363,no,1,0.387,19.42
B,C,30.0,2.0,4,urban,40,0,0.287,none,bike,0.655,no,3,0.418,18.276
E,A,4.0,4.35,2,urban,60,0,0.105,none,suv,0.142,no,10,0.241,8.262
B,D,53.0,1.64,3,rural,80,0,0.848,vip_movement,sedan,0.043,no,2,0.442,24.76
A,C,31.0,1.06,3,rural,100,2,0.958,vip_movement,suv,0.444,no,9,0.749,27.824
A,E,27.0,4.89,3,rural,100,0,0.945,procession,bike,0.666,no,2,0.424,14.262
C,E,56.0,1.38,3,urban,40,0,0.135,none,suv,0.232,no,5,0.414,27.577
E,C,3.0,2.11,1,rural,100,1,0.702,none,truck,0.815,no,1,0.503,10.996
C,B,57.0,3.88,2,highway,60,0,0.241,none,truck,0.71,no,8,0.373,25.222
C,D,39.0,2.05,4,highway,40,0,0.245,procession,suv,0.387,no,3,0.351,20.245
E,C,1.0,2.46,2,urban,100,0,0.001,procession,bike,0.429,no,10,0.349,8.321
A,B,50.0,1.68,2,urban,100,2,0.931,none,bike,0.715,no,2,0.587,28.746
B,C,30.0,2.57,3,rural,100,2,0.703,procession,bike,0.589,no,4,0.454,20.781
B,E,42.0,4.53,2,highway,40,0,0.756,none,suv,0.157,no,10,0.371,21.413
C,E,8.0,4.92,2,highway,80,2,0.449,none,bike,0.489,yes,10,1.0,30.416
E,B,31.0,4.96,2,rural,80,1,0.077,procession,truck,0.126,no,9,0.211,17.222
E,B,11.0,2.85,1,highway,60,1,0.265,none,bike,0.045,no,10,0.302,13.575
C,A,50.0,2.81,4,urban,100,0,0.18,none,truck,0.726,no,5,0.374,22.015
A,D,16.0,4.36,2,urban,80,0,0.26,none,bike,0.728,no,10,0.389,12.84
D,E,14.0,2.33,2,urban,60,1,0.376,vip_movement,truck,0.71,no,10,0.489,16.73
E,A,22.0,2.68,2,highway,80,2,0.65,none,bike,0.8,no,9,0.529,20.561
E,B,4.0,3.22,1,urban,60,1,0.323,none,suv,0.259,no,7,0.311,10.765
B,D,36.0,3.33,2,rural,40,0,0.093,vip_movement,truck,0.521,no,5,0.293,18.226
C,E,14.0,4.89,3,urban,80,0,0.241,none,suv,0.392,no,2,0.228,8.904
B,E,23.0,3.69,2,urban,100,2,0.393,none,bike,0.69,no,10,0.425,19.006
A,C,12.0,4.57,2,highway,40,0,0.54,none,suv,0.255,no,9,0.336,11.856
C,B,3.0,2.6,4,rural,60,1,0.624,none,suv,0.668,no,8,0.493,12.851
A,D,55.0,4.62,2,rural,80,1,0.448,none,bike,0.022,no,2,0.201,22.99
E,B,42.0,2.2,2,urban,80,0,0.335,vip_movement,truck,0.961,no,1,0.451,20.581
E,D,40.0,3.43,2,highway,40,1,0.574,vip_movement,sedan,0.812,no,4,0.434,22.597
E,D,20.0,4.68,2,highway,60,0,0.698,none,sedan,0.949,no,1,0.425,13.017
B,C,13.0,4.7,2,rural,100,0,0.925,none,suv,0.668,no,5,0.454,11.004
E,A,2.0,4.98,2,rural,40,2,0.168,none,sedan,0.073,no,0,0.129,8.889
A,C,24.0,1.55,3,urban,100,0,0.2,procession,truck,0.25,no,8,0.427,16.793
A,C,30.0,1.33,3,urban,60,2,0.666,none,bike,0.934,no,7,0.69,26.547
D,E,21.0,2.95,1,highway,100,1,0.267,procession,truck,0.422,no,4,0.313,14.43
D,E,47.0,2.89,2,highway,60,0,0.504,none,sedan,0.168,no,4,0.313,21.258
E,A,21.0,2.0,3,rural,100,0,0.009,none,suv,0.415,no,7,0.355,14.249
A,B,56.0,2.38,3,highway,40,0,0.219,none,suv,0.752,no,4,0.403,25.728
D,C,40.0,2.48,4,rural,100,0,0.031,none,sedan,0.205,no,3,0.238,17.496
B,E,6.0,2.22,2,rural,100,0,0.544,vip_movement,sedan,0.939,no,8,0.556,11.714
B,E,42.0,3.27,3,rural,60,0,0.64,none,bike,0.585,no,0,0.367,19.299
B,D,18.0,1.44,2,rural,60,1,0.164,none,truck,0.672,no,6,0.505,18.629
E,B,31.0,3.51,1,highway,40,0,0.904,none,suv,0.808,no,9,0.546,19.989
C,D,47.0,3.7,1,urban,100,0,0.172,none,truck,0.485,no,9,0.329,21.046
B,C,53.0,1.48,3,rural,80,0,0.117,none,suv,0.549,no,9,0.494,27.019
C,B,38.0,3.31,3,highway,100,0,0.423,none,truck,0.566,no,5,0.369,18.101
E,B,36.0,2.54,4,highway,60,0,0.429,none,truck,0.669,no,4,0.417,19.235
C,A,42.0,1.24,2,urban,80,1,0.983,procession,bike,0.504,no,8,0.699,28.211
D,C,31.0,4.73,3,rural,60,0,0.713,vip_movement,bike,0.681,no,1,0.373,15.79
C,B,38.0,2.18,1,highway,100,1,0.857,vip_movement,sedan,0.094,no,3,0.404,20.834
A,E,32.0,4.87,2,urban,60,0,0.79,none,sedan,0.964,no,1,0.443,16.758
A,B,2.0,4.53,2,rural,100,1,0.42,procession,suv,0.938,no,8,0.44,10.203
D,B,1.0,2.65,3,highway,100,0,0.434,procession,truck,0.11,no,10,0.36,8.284
E,C,6.0,1.61,4,urban,40,0,0.952,none,suv,0.656,no,9,0.66,15.3
A,E,29.0,3.63,3,urban,40,1,0.504,none,suv,0.503,no,8,0.391,19.591
B,C,14.0,2.67,1,rural,40,0,0.232,none,bike,0.449,no,8,0.366,13.338
E,A,2.0,1.7,3,rural,80,0,0.838,procession,truck,0.063,no,10,0.516,11.707
A,D,21.0,4.73,2,highway,40,2,0.605,procession,truck,0.16,no,0,0.238,15.733
C,B,1.0,1.07,3,rural,40,2,0.681,none,suv,0.569,no,3,0.653,18.087
B,E,31.0,2.15,2,rural,100,0,0.96,none,suv,0.562,no,2,0.51,17.626
A,E,33.0,1.42,2,highway,60,1,0.415,vip_movement,suv,0.834,no,1,0.541,22.525
B,D,57.0,2.06,2,rural,60,0,0.197,vip_movement,bike,0.739,no,8,0.462,27.244
A,B,56.0,1.45,2,highway,40,0,0.314,none,bike,0.342,no,10,0.507,29.324
E,D,54.0,3.97,2,urban,60,1,0.65,none,bike,0.71,no,8,0.453,27.084
A,B,40.0,3.95,2,rural,100,2,0.244,none,bike,0.247,no,9,0.289,22.461
C,B,40.0,2.82,2,rural,40,1,0.628,procession,bike,0.803,no,4,0.468,23.251
E,B,31.0,1.09,2,highway,80,0,0.584,none,sedan,0.534,yes,3,1.0,35.486
C,E,35.0,1.56,2,urban,80,0,0.637,none,truck,0.044,no,3,0.422,19.529
C,B,5.0,4.09,2,rural,80,1,0.41,none,bike,0.051,no,5,0.24,9.122
B,E,28.0,2.68,2,urban,40,1,0.26,vip_movement,sedan,0.155,no,7,0.302,18.693
D,E,5.0,1.46,2,rural,80,0,0.178,procession,bike,0.936,no,7,0.567,12.992
A,D,41.0,2.37,1,rural,60,1,0.411,vip_movement,bike,0.509,no,9,0.443,24.133
B,A,55.0,1.43,2,urban,80,0,0.392,none,truck,0.014,no,5,0.411,26.102
E,B,4.0,2.28,2,rural,60,1,0.248,procession,suv,0.645,no,5,0.404,11.937
D,E,52.0,1.48,2,rural,60,0,0.187,procession,suv,0.564,no,3,0.451,25.588
B,E,59.0,4.69,1,urban,80,0,0.689,none,suv,0.889,no,6,0.461,25.573
A,B,36.0,1.73,1,rural,60,1,0.777,none,truck,0.776,no,2,0.562,23.212
A,B,36.0,4.11,3,urban,40,1,0.781,none,bike,0.032,no,2,0.28,19.217
D,C,34.0,1.05,1,highway,40,1,0.49,none,sedan,0.359,no,2,0.572,25.103
A,C,17.0,3.2,2,rural,60,0,0.42,none,truck,0.039,yes,1,1.0,28.363
A,B,37.0,1.53,3,rural,40,1,0.004,procession,sedan,0.195,no,1,0.312,21.7
C,E,3.0,4.21,2,rural,80,0,0.507,procession,suv,0.99,no,10,0.494,10.031
A,E,22.0,1.89,2,urban,60,1,0.763,none,sedan,0.537,no,3,0.501,18.355
A,D,47.0,1.03,2,urban,80,0,0.724,vip_movement,truck,0.401,no,8,0.692,28.456
E,A,46.0,3.18,3,urban,60,2,0.829,procession,suv,0.238,no,1,0.349,24.563
C,A,10.0,1.77,2,urban,40,0,0.27,none,truck,0.399,no,1,0.369,11.716
D,E,59.0,3.26,1,rural,40,0,0.679,vip_movement,suv,0.676,no,8,0.474,27.571
C,A,48.0,4.47,2,highway,80,0,0.958,none,sedan,0.727,no,2,0.447,21.385
B,D,5.0,2.31,3,urban,100,2,0.855,none,suv,0.744,no,4,0.533,14.289
C,D,20.0,2.64,1,highway,100,0,0.128,vip_movement,sedan,0.782,no,8,0.414,14.135
A,D,16.0,4.52,3,rural,60,2,0.586,none,bike,0.949,no,5,0.446,16.861
E,C,47.0,4.1,3,highway,60,0,0.64,none,bike,0.88,no,8,0.481,23.233
A,D,31.0,1.71,4,rural,40,0,0.556,none,sedan,0.568,no,3,0.488,19.697
A,C,39.0,3.92,1,urban,80,0,0.137,none,suv,0.599,no,1,0.259,16.766
A,C,41.0,3.37,3,rural,40,2,0.391,none,sedan,0.135,no,4,0.264,23.227
C,D,11.0,4.53,4,rural,60,0,0.214,none,bike,0.853,no,4,0.342,10.122
A,C,28.0,1.36,2,urban,60,0,0.549,procession,sedan,0.016,no,9,0.497,20.343
B,A,48.0,4.52,2,highway,80,0,0.491,none,truck,0.937,no,1,0.384,20.548
A,C,47.0,1.19,2,highway,100,1,0.036,none,bike,0.706,no,2,0.504,26.241
B,A,24.0,1.48,2,urban,60,2,0.175,none,sedan,0.901,no,2,0.506,21.538
D,B,20.0,1.96,2,rural,40,2,0.443,procession,sedan,0.369,no,2,0.387,18.825
D,C,47.0,2.06,2,urban,100,0,0.868,vip_movement,truck,0.41,no,3,0.48,22.434
A,B,41.0,2.88,3,urban,80,2,0.38,procession,suv,0.611,no,0,0.337,22.407
A,C,57.0,4.24,4,rural,40,2,0.437,none,suv,0.138,no,10,0.309,29.375
B,A,16.0,4.14,2,rural,100,0,0.723,none,suv,0.158,no,0,0.273,9.234
C,B,11.0,2.9,2,rural,40,1,0.651,none,sedan,0.618,no,10,0.492,15.943
B,D,29.0,2.47,1,urban,100,0,0.319,procession,bike,0.534,no,9,0.422,17.244
B,E,49.0,1.23,2,rural,40,0,0.919,none,truck,0.625,no,7,0.705,29.228
E,C,20.0,4.31,2,urban,100,1,0.281,vip_movement,bike,0.032,no,1,0.165,11.516
E,A,49.0,2.46,2,highway,100,2,0.836,none,suv,0.973,no,7,0.594,28.574
E,A,15.0,2.96,1,urban,40,1,0.118,procession,bike,0.696,yes,6,1.0,31.392
D,C,51.0,4.56,2,rural,40,2,0.845,none,truck,0.392,no,9,0.425,28.447
E,C,18.0,4.97,4,urban,60,2,0.524,procession,sedan,0.827,yes,8,1.0,33.506
D,A,22.0,4.67,2,urban,40,2,0.462,none,suv,0.901,no,9,0.448,19.953
B,A,54.0,1.56,2,highway,80,1,0.308,none,sedan,0.265,no,4,0.411,27.324
E,D,24.0,1.36,2,highway,100,0,0.836,procession,suv,0.637,no,10,0.689,20.279
A,C,50.0,4.43,4,urban,60,0,0.195,procession,suv,0.359,no,6,0.261,21.44
D,A,21.0,1.86,2,rural,80,0,0.741,procession,truck,0.819,no,1,0.536,15.546
D,A,55.0,2.87,2,urban,100,0,0.207,vip_movement,sedan,0.093,no,6,0.26,22.54
E,A,32.0,2.7,2,highway,80,0,0.223,none,sedan,0.6,no,2,0.333,16.181
A,B,12.0,4.88,2,urban,100,0,0.48,none,truck,0.73,no,3,0.354,9.265
B,C,27.0,4.24,2,rural,100,0,0.498,none,bike,0.434,no,5,0.331,14.083
A,C,59.0,4.4,2,urban,40,2,0.872,vip_movement,suv,0.86,no,7,0.507,31.307
B,D,24.0,3.6,1,highway,40,1,0.42,none,truck,0.026,no,1,0.21,14.893
C,E,37.0,2.26,1,urban,60,0,0.228,vip_movement,sedan,0.05,no,7,0.302,19.233
C,B,16.0,2.47,1,urban,40,0,0.35,procession,truck,0.972,no,0,0.426,13.087
E,D,28.0,1.43,2,highway,60,0,0.866,none,sedan,0.578,no,7,0.639,21.181
B,E,37.0,1.5,1,rural,60,0,0.677,none,suv,0.16,no,0,0.434,20.281
E,A,29.0,2.98,3,urban,40,0,0.1,none,truck,0.984,no,4,0.391,17.086
A,E,29.0,3.43,3,rural,60,1,0.464,none,suv,0.52,no,7,0.383,18.891
C,B,9.0,3.26,2,highway,60,1,0.163,none,truck,0.447,no,10,0.345,13.178
A,D,50.0,3.5,2,highway,40,0,0.945,procession,bike,0.135,no,4,0.37,22.93
A,D,44.0,4.93,4,highway,100,1,0.978,none,bike,0.334,no,3,0.373,21.05
B,A,58.0,4.99,3,rural,100,1,0.39,vip_movement,sedan,0.793,no,8,0.397,26.47
E,D,7.0,2.22,2,highway,80,0,0.961,procession,sedan,0.494,yes,3,1.0,25.952
D,B,57.0,3.38,2,urban,100,0,0.624,none,bike,0.242,no,6,0.352,23.798
D,E,46.0,4.3,2,urban,80,0,0.392,vip_movement,truck,0.985,no,4,0.408,20.846
D,B,51.0,1.6,3,highway,60,1,0.907,vip_movement,suv,0.064,no,9,0.534,29.058
E,A,37.0,3.4,1,rural,100,0,0.314,none,bike,0.95,no,10,0.47,19.771
C,A,11.0,2.95,1,urban,100,0,0.405,none,sedan,0.405,no,0,0.297,8.469
E,D,5.0,1.64,2,highway,100,0,0.934,none,truck,0.095,no,9,0.54,12.247
B,A,15.0,3.28,1,rural,60,0,0.928,vip_movement,truck,0.642,no,3,0.466,12.785
D,C,7.0,3.29,1,highway,40,2,0.887,vip_movement,suv,0.777,no,1,0.464,14.467
D,A,17.0,1.54,2,rural,60,1,0.521,none,bike,0.051,no,0,0.374,15.578
A,D,26.0,2.51,2,highway,60,1,0.828,none,suv,0.548,no,7,0.504,19.733
B,A,4.0,1.02,3,urban,40,1,0.577,procession,sedan,0.833,no,4,0.715,18.071
D,A,4.0,3.03,2,rural,80,1,0.686,none,suv,0.983,no,6,0.526,12.31
D,A,44.0,2.79,2,highway,80,0,0.763,none,suv,0.702,no,10,0.537,23.359
D,A,46.0,4.55,1,highway,80,0,0.574,vip_movement,bike,0.999,no,2,0.422,20.521
A,B,8.0,2.86,2,highway,100,0,0.928,none,suv,0.515,no,3,0.458,9.834
E,B,15.0,1.05,2,urban,100,0,0.211,none,sedan,0.67,no,8,0.636,17.719
E,A,47.0,3.67,2,urban,80,0,0.464,none,bike,0.61,no,7,0.394,21.8
D,A,23.0,3.58,2,rural,80,0,0.247,procession,bike,0.86,no,8,0.413,15.025
C,D,38.0,4.9,1,urban,60,0,0.569,none,sedan,0.604,no,6,0.376,18.881
A,B,26.0,3.75,3,highway,60,1,0.586,none,truck,0.772,no,4,0.418,17.612
E,B,32.0,3.07,1,rural,40,0,0.948,none,truck,0.299,no,4,0.42,18.225
B,A,33.0,3.11,2,urban,60,0,0.251,vip_movement,truck,0.667,no,8,0.392,18.533
A,C,13.0,1.72,2,urban,100,0,0.025,vip_movement,sedan,0.157,no,3,0.3,10.91
B,E,12.0,3.48,2,urban,40,0,0.097,procession,sedan,0.082,no,0,0.151,8.542
B,E,43.0,4.02,2,urban,100,1,0.966,none,suv,0.999,no,6,0.553,23.37
D,E,15.0,3.57,2,highway,100,1,0.397,vip_movement,suv,0.885,no,10,0.468,15.082
D,A,9.0,1.31,1,highway,100,2,0.212,none,truck,0.637,no,2,0.496,16.381
B,E,35.0,3.5,2,rural,40,0,0.073,procession,sedan,0.436,no,6,0.276,17.889
A,E,28.0,4.73,3,highway,60,0,0.305,vip_movement,sedan,0.916,no,9,0.419,16.945
A,E,31.0,1.34,2,highway,80,0,0.816,none,sedan,0.541,no,2,0.589,20.315
C,E,18.0,4.67,2,urban,60,2,0.236,none,truck,0.089,no,9,0.241,16.176
E,B,27.0,3.1,2,highway,60,0,0.699,procession,suv,0.148,no,5,0.348,15.7
B,A,10.0,1.41,1,urban,40,0,0.363,none,truck,0.522,no,6,0.52,14.942
D,B,9.0,1.23,2,rural,80,2,0.246,none,truck,0.076,no,8,0.47,18.064
D,A,2.0,2.67,3,urban,80,0,0.555,procession,sedan,0.682,no,6,0.457,9.245
A,B,43.0,1.25,2,urban,100,2,0.854,vip_movement,sedan,0.528,no,3,0.625,28.241
E,A,45.0,1.39,4,rural,60,1,0.493,none,suv,0.181,no,7,0.493,26.924
D,C,32.0,3.12,1,highway,80,2,0.183,none,truck,0.507,no,10,0.366,21.866
C,E,12.0,4.77,2,urban,100,1,0.234,none,sedan,0.438,yes,7,1.0,28.548
A,C,55.0,1.67,3,rural,60,2,0.743,procession,bike,0.701,no,0,0.528,30.271
B,E,27.0,4.16,4,urban,80,0,0.322,none,truck,0.024,no,7,0.235,14.058
E,D,37.0,2.18,3,highway,40,2,0.101,vip_movement,bike,0.498,no,9,0.393,25.123
A,C,14.0,2.83,3,highway,100,2,0.163,none,truck,0.857,no,0,0.345,13.919
C,A,42.0,2.58,2,rural,60,1,0.264,none,bike,0.076,no,2,0.243,20.864
E,B,55.0,4.48,2,highway,100,0,0.534,vip_movement,sedan,0.109,no,4,0.258,21.495
B,D,28.0,2.62,2,urban,60,0,0.958,vip_movement,suv,0.141,yes,5,1.0,32.805
E,D,51.0,1.38,1,highway,60,0,0.736,none,truck,0.55,no,0,0.547,25.887
E,C,15.0,1.61,2,urban,60,0,0.115,none,bike,0.28,no,3,0.357,13.271
A,C,45.0,4.7,3,urban,80,0,0.404,vip_movement,sedan,0.799,yes,9,1.0,37.365
D,C,15.0,1.34,3,highway,40,0,0.73,vip_movement,bike,0.482,no,3,0.57,16.516
D,E,48.0,1.96,2,urban,80,1,0.298,vip_movement,sedan,0.993,no,4,0.502,25.773
A,D,35.0,1.1,1,urban,80,0,0.51,procession,suv,0.576,no,4,0.622,23.077
D,E,3.0,3.66,3,rural,60,2,0.133,none,bike,0.892,no,8,0.394,13.31
A,E,36.0,2.75,3,highway,80,2,0.245,none,truck,0.038,no,9,0.292,22.333
E,B,56.0,3.12,2,urban,100,1,0.693,none,sedan,0.374,no,0,0.342,24.316
D,B,33.0,4.11,1,urban,40,0,0.693,procession,suv,0.181,no,8,0.352,18.238
B,D,43.0,3.07,2,highway,60,0,0.376,none,sedan,0.903,no,9,0.476,22.591
A,B,3.0,1.18,1,highway,80,2,0.287,none,bike,0.404,yes,0,1.0,30.138
C,D,11.0,3.93,2,rural,40,2,0.69,none,sedan,0.441,no,8,0.408,16.255
B,C,23.0,3.52,1,urban,100,0,0.027,none,bike,0.4,no,0,0.199,10.81
D,E,56.0,3.14,2,rural,40,0,0.046,vip_movement,bike,0.496,no,7,0.306,24.856
C,B,47.0,1.9,3,rural,80,0,0.009,vip_movement,truck,0.471,no,1,0.317,21.102
C,E,28.0,1.85,1,urban,100,1,0.21,none,truck,0.835,no,4,0.465,19.058
B,A,3.0,2.02,2,urban,60,1,0.106,none,truck,0.659,no,1,0.361,10.693
B,C,10.0,1.61,2,urban,60,0,0.926,procession,sedan,0.424,yes,3,1.0,28.201
D,B,10.0,4.7,1,rural,100,0,0.25,procession,truck,0.358,no,2,0.227,7.23
D,E,31.0,2.41,2,highway,80,0,0.646,none,suv,0.225,no,2,0.36,16.372
D,C,46.0,1.16,4,highway,80,1,0.011,none,truck,0.544,no,9,0.547,28.389
C,D,57.0,3.77,4,rural,40,0,0.202,none,truck,0.501,no,0,0.247,22.893
D,A,33.0,4.15,2,rural,100,0,0.634,none,bike,0.253,no,9,0.364,17.042
C,B,24.0,2.65,1,urban,100,2,0.205,procession,truck,0.595,yes,1,1.0,33.786
A,E,44.0,1.13,3,urban,60,0,0.075,procession,truck,0.499,no,2,0.488,24.384
E,A,18.0,2.14,2,rural,100,0,0.903,procession,bike,0.786,no,2,0.545,14.088
C,B,12.0,4.28,2,highway,40,1,0.549,vip_movement,sedan,0.994,no,9,0.492,15.491
C,B,41.0,2.91,3,highway,40,0,0.336,none,sedan,0.45,no,5,0.345,20.469
A,E,37.0,1.04,2,highway,80,1,0.18,none,truck,0.723,no,9,0.655,27.256
E,C,20.0,3.57,1,urban,80,0,0.105,vip_movement,bike,0.281,yes,1,0.999,28.594
B,E,22.0,3.43,4,urban,80,2,0.814,procession,suv,0.335,no,5,0.396,18.022
B,D,22.0,1.56,2,rural,60,0,0.165,none,sedan,0.481,no,4,0.426,16.362
B,D,34.0,1.15,2,highway,60,0,0.396,none,bike,0.181,no,4,0.504,21.903
D,A,31.0,1.18,1,urban,100,2,0.635,none,truck,0.265,no,8,0.6,25.656
D,A,56.0,2.25,4,highway,80,0,0.129,none,bike,0.162,no,2,0.256,22.987
D,C,35.0,4.01,3,rural,40,1,0.942,vip_movement,suv,0.622,no,9,0.503,22.575
B,C,57.0,3.0,2,highway,60,1,0.332,procession,suv,0.636,no,10,0.427,28.539
E,A,42.0,1.01,1,highway,80,2,0.839,none,suv,0.014,no,1,0.579,28.561
D,C,58.0,4.53,2,rural,100,0,0.572,none,truck,0.396,no,10,0.382,24.822
A,B,18.0,3.1,4,highway,60,0,0.8,none,sedan,0.746,no,6,0.498,14.696
A,D,37.0,3.06,2,rural,80,0,0.957,none,truck,0.809,no,9,0.574,21.272
E,D,10.0,2.99,2,rural,40,0,0.634,none,sedan,0.66,yes,9,1.0,28.473
E,A,24.0,4.9,3,highway,60,2,0.807,vip_movement,truck,0.285,no,1,0.31,17.019
E,C,51.0,2.44,2,urban,60,2,0.861,none,suv,0.436,no,0,0.423,27.085
A,C,18.0,2.25,1,urban,80,0,0.09,none,sedan,0.164,no,3,0.259,11.809
A,E,40.0,2.53,3,highway,100,0,0.484,procession,bike,0.557,no,3,0.396,19.035
D,C,41.0,2.45,1,rural,40,0,0.322,vip_movement,bike,0.519,no,1,0.341,19.956
D,A,6.0,2.67,2,highway,40,0,0.898,none,sedan,0.34,no,0,0.397,9.648
B,C,5.0,2.27,3,rural,40,0,0.561,none,suv,0.539,no,8,0.476,12.062
E,C,49.0,4.57,1,urban,80,2,0.887,none,bike,0.22,no,2,0.329,24.484
C,A,31.0,2.07,2,rural,80,2,0.61,vip_movement,sedan,0.049,yes,8,1.0,38.313
A,D,35.0,2.39,2,urban,40,0,0.119,vip_movement,truck,0.471,yes,3,1.0,35.19
B,E,24.0,3.73,2,highway,40,2,0.651,vip_movement,bike,0.421,no,7,0.392,19.858
D,A,34.0,3.05,2,rural,60,0,0.009,none,suv,0.003,no,4,0.174,15.879
A,D,17.0,3.77,1,urban,60,0,0.698,none,bike,0.718,no,9,0.479,14.517
D,C,43.0,3.95,1,urban,40,0,0.528,none,bike,0.335,no,8,0.354,21.302
E,D,41.0,4.28,1,highway,80,0,0.401,vip_movement,suv,0.003,no,8,0.254,18.61
B,C,47.0,1.19,2,rural,40,1,0.79,vip_movement,sedan,0.91,no,10,0.776,32.067
C,D,11.0,4.55,2,highway,60,0,0.914,none,bike,0.966,no,0,0.464,10.538
B,E,18.0,2.7,2,highway,60,0,0.223,procession,truck,0.852,no,7,0.433,14.487
B,C,12.0,1.54,3,highway,60,0,0.984,none,truck,0.844,no,7,0.696,16.71
D,E,36.0,1.74,3,highway,40,2,0.499,none,sedan,0.305,no,6,0.451,25.379
E,B,49.0,3.66,3,highway,100,0,0.583,vip_movement,bike,0.245,no,4,0.315,20.513
D,E,33.0,4.48,2,highway,80,0,0.703,none,sedan,0.027,no,1,0.245,14.67
D,C,32.0,3.85,3,rural,60,0,0.509,none,bike,0.417,no,8,0.369,17.691
C,E,14.0,3.32,2,urban,40,1,0.193,none,suv,0.889,no,4,0.377,14.273
A,E,42.0,1.03,1,urban,80,2,0.604,procession,bike,0.31,no,4,0.611,29.363
D,C,58.0,1.07,4,highway,60,2,0.545,vip_movement,sedan,0.359,no,6,0.614,34.898
C,B,23.0,3.24,3,urban,40,0,0.68,procession,suv,0.659,no,9,0.481,17.056
D,C,49.0,3.16,1,rural,80,0,0.219,none,bike,0.435,no,8,0.337,22.254
A,E,38.0,1.08,1,highway,40,0,0.726,vip_movement,bike,0.565,no,10,0.729,27.33
C,A,28.0,3.46,1,rural,100,2,0.763,none,suv,0.635,no,7,0.465,20.401
A,E,12.0,3.73,4,urban,80,0,0.647,none,truck,0.054,no,4,0.287,9.613
D,E,42.0,4.71,1,rural,80,0,0.585,none,sedan,0.201,no,5,0.292,18.582
D,E,39.0,2.07,2,rural,40,0,0.518,none,suv,0.966,no,3,0.52,21.92
D,A,56.0,3.9,1,highway,80,0,0.424,none,suv,0.617,no,5,0.361,23.688
A,D,47.0,2.7,2,highway,40,2,0.283,procession,sedan,0.298,no,5,0.314,26.09
B,E,32.0,2.68,2,rural,80,0,0.989,none,truck,0.545,yes,7,1.0,33.863
E,A,14.0,2.1,2,highway,80,2,0.79,none,sedan,0.372,no,9,0.513,18.511
C,A,54.0,3.5,4,urban,80,1,0.016,none,truck,0.251,no,1,0.178,22.603
B,E,12.0,2.87,2,rural,40,0,0.767,none,truck,0.398,no,9,0.462,13.764
C,D,12.0,4.58,4,highway,40,0,0.646,procession,bike,0.635,no,2,0.363,10.725
B,A,17.0,3.55,2,rural,80,0,0.95,procession,suv,0.9,no,3,0.513,13.24
B,D,48.0,4.08,2,urban,80,0,0.171,procession,truck,0.775,no,3,0.317,20.396
C,E,6.0,1.07,3,highway,80,0,0.163,procession,sedan,0.919,no,4,0.631,14.582
D,A,21.0,3.38,4,urban,60,2,0.749,none,sedan,0.48,no,3,0.394,17.824
C,D,57.0,3.61,1,rural,80,0,0.065,procession,bike,0.717,no,3,0.297,23.058
E,B,11.0,4.1,2,rural,60,2,0.925,none,suv,0.16,no,7,0.385,15.265
B,E,50.0,3.35,2,highway,80,0,0.925,none,sedan,0.928,yes,2,1.0,37.893
A,D,35.0,2.58,1,rural,100,2,0.843,none,suv,0.519,no,7,0.498,23.316
A,D,38.0,2.72,1,rural,100,2,0.934,none,suv,0.515,no,6,0.497,23.904
B,C,39.0,3.71,3,rural,60,0,0.261,procession,sedan,0.777,no,4,0.355,18.902
C,D,28.0,2.72,2,highway,80,0,0.139,vip_movement,bike,0.063,no,6,0.247,14.908
C,D,59.0,4.21,2,urban,100,0,0.473,none,sedan,0.898,no,4,0.409,24.279
D,B,52.0,4.17,2,rural,40,0,0.934,none,bike,0.768,no,10,0.536,26.164
E,A,11.0,1.57,2,rural,40,0,0.302,none,truck,0.96,no,10,0.607,16.564
C,D,27.0,4.63,2,rural,60,0,0.237,procession,truck,0.855,no,0,0.305,13.728
D,A,57.0,4.96,2,highway,40,1,0.072,procession,bike,0.893,no,9,0.364,27.545
B,D,42.0,4.33,3,urban,100,0,0.321,procession,bike,0.816,no,5,0.37,18.952
A,B,31.0,2.78,3,rural,80,0,0.336,vip_movement,suv,0.698,no,7,0.421,17.707
C,A,29.0,1.53,3,urban,100,0,0.223,procession,bike,0.295,yes,6,1.0,33.672
A,D,7.0,1.78,3,rural,60,0,0.949,procession,sedan,0.485,no,6,0.571,13.314
D,A,30.0,3.0,3,urban,80,2,0.848,vip_movement,truck,0.531,no,7,0.479,21.862
E,D,29.0,4.94,3,urban,80,0,0.224,none,sedan,0.111,no,8,0.228,14.592
A,D,24.0,4.39,3,rural,100,0,0.142,none,truck,0.181,no,6,0.216,12.198
E,D,33.0,3.58,2,highway,100,2,0.498,none,bike,0.615,no,1,0.344,19.437
A,C,38.0,1.07,2,rural,40,0,0.279,procession,sedan,0.169,no,7,0.534,24.807
E,A,43.0,3.45,3,highway,100,0,0.035,none,suv,0.985,no,7,0.39,20.15
C,B,22.0,2.56,3,urban,60,1,0.79,vip_movement,truck,0.819,no,0,0.478,16.829
E,C,7.0,4.34,2,urban,60,0,0.313,none,suv,0.681,no,9,0.381,10.361
D,C,28.0,4.36,2,rural,100,0,0.185,vip_movement,bike,0.215,no,7,0.242,13.865
A,D,7.0,2.0,2,highway,80,2,0.796,none,sedan,0.302,no,9,0.51,16.505
C,D,9.0,2.34,3,highway,60,0,0.485,procession,bike,0.622,no,5,0.442,11.758
E,B,55.0,4.48,3,rural,40,0,0.03,vip_movement,sedan,0.938,no,10,0.383,25.447
C,E,58.0,1.59,2,rural,40,0,0.94,none,suv,0.102,no,9,0.551,29.857
A,C,9.0,3.2,2,highway,40,0,0.293,none,sedan,0.936,no,4,0.411,11.17
C,D,18.0,3.81,1,urban,40,1,0.727,procession,sedan,0.355,no,2,0.341,14.525
E,A,11.0,2.72,2,highway,40,1,0.691,none,truck,0.611,no,0,0.407,13.212
D,C,3.0,2.25,2,urban,60,0,0.345,none,sedan,0.122,no,7,0.341,9.431
B,D,25.0,1.98,3,urban,40,0,0.906,procession,truck,0.055,no,4,0.434,17.174
C,B,27.0,2.68,2,highway,80,0,0.273,vip_movement,sedan,0.686,no,6,0.401,16.174
A,C,32.0,4.05,2,urban,60,0,0.546,procession,suv,0.033,no,2,0.235,15.081
D,E,33.0,1.59,3,urban,80,0,0.996,none,truck,0.233,no,2,0.518,19.623
B,A,46.0,1.42,3,rural,100,1,0.895,vip_movement,bike,0.521,no,2,0.584,26.055
A,B,46.0,2.17,2,highway,80,2,0.464,none,truck,0.962,no,3,0.5,26.706
D,C,2.0,1.42,1,urban,60,1,0.477,none,bike,0.066,no,2,0.411,12.14
D,A,47.0,4.72,3,rural,60,0,0.657,vip_movement,truck,0.932,no,9,0.493,23.386
C,D,37.0,4.21,1,highway,80,2,0.717,procession,suv,0.296,no,4,0.338,21.463
B,C,37.0,4.58,2,rural,40,0,0.789,procession,truck,0.505,no,9,0.436,20.352
A,E,47.0,3.47,2,highway,100,0,0.929,procession,bike,0.455,no,5,0.442,21.461
B,E,39.0,4.28,2,rural,60,0,0.383,vip_movement,bike,0.364,no,0,0.243,16.799
E,A,56.0,3.22,2,urban,100,0,0.188,none,bike,0.689,no,10,0.4,24.848
D,A,31.0,4.78,2,urban,60,0,0.551,none,bike,0.913,no,4,0.417,16.812
D,C,17.0,2.8,2,urban,80,2,0.338,none,bike,0.151,no,2,0.26,14.887
B,D,53.0,1.47,4,highway,60,0,0.896,none,truck,0.715,no,5,0.644,28.237
A,C,50.0,4.31,2,highway,100,0,0.909,none,sedan,0.041,no,8,0.363,21.887
B,E,48.0,1.48,3,rural,80,1,0.339,none,bike,0.566,no,8,0.531,27.691
D,B,42.0,3.28,2,rural,100,0,0.136,vip_movement,truck,0.431,no,7,0.305,19.075
E,D,33.0,3.86,1,highway,100,2,0.494,none,bike,0.378,no,6,0.338,20.272
E,C,8.0,4.64,2,rural,60,0,0.553,none,bike,0.965,no,0,0.39,8.873
D,A,17.0,3.44,3,rural,100,1,0.37,none,truck,0.133,no,2,0.237,11.82
B,E,23.0,2.27,3,urban,40,0,0.256,procession,bike,0.082,no,2,0.264,14.142
C,A,14.0,2.12,2,highway,60,0,0.432,vip_movement,suv,0.387,no,4,0.392,12.774
C,A,8.0,2.31,4,rural,60,0,0.083,vip_movement,truck,0.228,no,2,0.255,9.02
D,E,41.0,1.77,3,highway,60,2,0.732,vip_movement,truck,0.867,no,6,0.605,27.871
D,C,52.0,3.71,2,highway,60,0,0.816,none,sedan,0.672,no,10,0.505,25.501
C,D,51.0,1.38,2,rural,80,2,0.173,vip_movement,sedan,0.45,no,8,0.495,30.478
A,B,6.0,3.08,1,urban,100,0,0.652,none,suv,0.166,no,0,0.293,6.858
C,E,40.0,4.6,2,highway,80,2,0.954,none,suv,0.354,no,3,0.379,22.473
A,E,47.0,1.96,2,urban,40,0,0.781,vip_movement,sedan,0.862,no,10,0.632,26.973
B,C,4.0,2.31,2,highway,60,1,0.026,procession,sedan,0.683,no,7,0.385,12.117
A,B,7.0,3.76,1,urban,40,0,0.751,none,bike,0.035,no,2,0.284,8.664
B,E,32.0,2.06,1,highway,40,1,0.25,vip_movement,bike,0.828,no,9,0.5,22.821
A,E,9.0,4.15,1,rural,60,1,0.805,vip_movement,bike,0.58,no,8,0.453,13.538
C,E,42.0,4.68,2,highway,40,2,0.619,none,sedan,0.066,no,9,0.312,24.592
B,E,22.0,1.88,2,urban,40,0,0.117,procession,truck,0.592,no,1,0.364,15.099
D,A,1.0,1.7,1,highway,40,2,0.12,procession,bike,0.178,no,7,0.365,14.298
C,A,1.0,3.58,3,urban,100,0,0.616,vip_movement,bike,0.312,no,3,0.327,6.07
A,E,6.0,4.55,2,urban,80,2,0.371,procession,suv,0.077,no,7,0.248,11.775
A,B,15.0,2.17,3,highway,80,0,0.062,procession,suv,0.054,no,10,0.307,12.873
C,D,11.0,2.76,3,urban,80,1,0.137,none,bike,0.079,no,3,0.218,10.898
D,E,49.0,2.85,2,rural,60,0,0.529,none,truck,0.781,no,5,0.452,23.474
D,A,41.0,1.2,2,urban,100,0,0.488,none,suv,0.561,no,5,0.592,23.884
C,A,17.0,1.25,1,rural,80,1,0.05,procession,suv,0.319,no,2,0.414,16.649
A,E,3.0,1.25,2,highway,100,0,0.127,none,suv,0.306,no,2,0.427,10.065
D,C,30.0,1.31,3,rural,60,0,0.932,vip_movement,bike,0.229,no,4,0.578,20.899
B,E,10.0,3.21,2,urban,100,2,0.876,procession,bike,0.642,no,8,0.508,15.743
C,E,33.0,4.4,3,rural,60,0,0.26,vip_movement,bike,0.011,no,10,0.245,16.989
C,A,35.0,3.24,1,rural,40,2,0.349,none,sedan,0.692,no,0,0.332,21.357
D,B,26.0,3.05,3,urban,80,0,0.341,none,truck,0.044,no,9,0.298,15.223
E,D,55.0,2.65,2,rural,40,0,0.035,none,sedan,0.478,no,10,0.354,25.92
B,C,37.0,1.72,2,highway,40,0,0.517,procession,sedan,0.057,no,8,0.427,21.866
B,E,6.0,2.67,1,highway,60,0,0.463,procession,sedan,0.519,no,3,0.376,9.529
B,D,7.0,4.3,2,urban,100,0,0.628,none,truck,0.172,no,10,0.353,9.291
C,D,34.0,1.68,2,rural,100,0,0.96,vip_movement,sedan,0.065,no,1,0.453,18.399
B,A,36.0,2.15,2,urban,40,0,0.533,none,suv,0.252,no,3,0.373,19.457
D,A,27.0,2.35,2,highway,100,1,0.428,vip_movement,bike,0.68,no,3,0.422,17.549
D,C,9.0,4.91,3,rural,80,1,0.173,none,bike,0.416,no,6,0.259,10.51
C,B,19.0,1.75,1,urban,40,0,0.82,none,truck,0.947,no,7,0.652,18.471
D,C,46.0,4.77,3,rural,100,0,0.651,vip_movement,sedan,0.077,no,3,0.26,18.544
E,A,16.0,4.55,1,highway,40,0,0.721,none,bike,0.514,no,5,0.385,12.751
B,C,15.0,4.02,3,highway,60,0,0.268,none,truck,0.281,yes,0,1.0,27.243
C,D,51.0,3.76,2,highway,60,2,0.96,procession,suv,0.088,no,3,0.346,26.191
A,E,14.0,1.21,3,rural,40,0,0.424,none,bike,0.29,no,7,0.543,17.147
A,D,52.0,2.43,3,urban,60,1,0.399,procession,suv,0.039,no,2,0.272,24.276
A,B,2.0,1.61,3,rural,100,1,0.624,vip_movement,suv,0.124,no,6,0.458,11.98
D,B,46.0,4.82,3,urban,60,0,0.737,vip_movement,sedan,0.027,yes,10,1.0,38.338
A,C,42.0,2.45,1,urban,100,0,0.394,none,bike,0.52,no,5,0.396,20.096
D,E,53.0,2.21,2,urban,40,2,0.306,vip_movement,bike,0.998,no,2,0.462,29.185
A,E,16.0,2.41,4,urban,60,0,0.57,none,sedan,0.055,no,4,0.331,12.479
D,A,31.0,4.17,1,rural,40,1,0.771,none,truck,0.578,yes,2,1.0,34.9
A,D,43.0,1.42,2,urban,60,0,0.79,none,truck,0.842,yes,8,1.0,39.516
B,C,43.0,2.45,2,rural,100,0,0.347,none,suv,0.653,no,0,0.363,19.069
E,C,35.0,1.45,3,urban,60,1,0.961,none,suv,0.593,no,7,0.657,25.432
E,C,7.0,1.76,1,urban,80,0,0.456,procession,truck,0.442,no,2,0.427,10.616
E,A,59.0,2.29,4,urban,100,2,0.334,none,bike,0.664,no,2,0.394,28.727
B,C,57.0,2.33,2,rural,100,2,0.972,procession,bike,0.217,no,8,0.489,30.236
B,D,25.0,1.95,4,rural,80,1,0.274,none,bike,0.476,no,4,0.395,17.823
D,A,10.0,1.51,2,rural,100,2,0.19,procession,sedan,0.638,no,8,0.511,17.517
A,B,1.0,1.32,2,highway,40,2,0.858,procession,suv,0.337,no,1,0.553,15.825
E,B,35.0,4.15,2,highway,80,0,0.674,none,bike,0.301,no,10,0.391,18.62
E,A,19.0,3.68,2,highway,80,0,0.141,none,sedan,0.511,no,5,0.289,11.948
B,D,12.0,4.88,3,rural,80,0,0.405,none,truck,0.59,no,4,0.321,9.634
C,B,21.0,2.36,3,urban,60,1,0.563,none,sedan,0.213,no,6,0.385,16.972
E,B,30.0,1.58,4,urban,100,1,0.417,none,suv,0.388,no,8,0.494,21.196
D,E,42.0,4.56,2,urban,80,0,0.638,none,sedan,0.777,yes,5,1.0,35.697
C,B,23.0,4.78,2,highway,100,0,0.404,vip_movement,suv,0.868,no,1,0.348,12.127
E,B,50.0,1.8,2,highway,80,0,0.203,procession,sedan,0.2,no,8,0.383,24.216
A,B,31.0,3.93,2,rural,60,2,0.813,vip_movement,suv,0.781,no,10,0.521,23.28
C,A,7.0,2.71,2,urban,40,0,0.652,none,sedan,0.054,no,6,0.349,10.637
D,B,44.0,4.48,2,rural,60,1,0.577,none,bike,0.095,no,6,0.284,21.853
C,B,19.0,1.19,1,rural,60,2,0.7,procession,sedan,0.858,no,1,0.658,22.193
B,E,34.0,4.35,4,highway,40,2,0.809,vip_movement,suv,0.713,no,3,0.426,22.215
C,E,59.0,2.16,2,highway,100,2,0.153,none,truck,0.759,no,3,0.397,29.087
A,D,37.0,3.27,2,rural,80,0,0.347,vip_movement,suv,0.581,no,3,0.338,17.609
E,C,28.0,1.59,4,highway,80,0,0.59,none,bike,0.012,no,8,0.452,18.654
B,C,27.0,3.6,2,urban,80,0,0.002,procession,suv,0.362,no,8,0.264,14.729
A,C,57.0,3.8,2,urban,60,0,0.632,procession,suv,0.773,no,4,0.426,24.98
D,E,37.0,3.61,1,highway,80,2,0.489,procession,sedan,0.167,no,3,0.272,20.806
C,D,53.0,3.81,3,urban,80,1,0.674,procession,truck,0.518,no,8,0.423,26.046
E,C,57.0,2.87,4,highway,100,0,0.724,none,suv,0.237,yes,7,1.0,40.745
E,C,4.0,2.3,3,rural,60,1,0.696,procession,suv,0.47,no,10,0.507,13.943
B,D,6.0,1.51,2,rural,80,0,0.267,none,truck,0.525,no,9,0.514,13.056
A,D,46.0,4.65,3,highway,100,1,0.535,none,suv,0.482,no,3,0.319,21.168
C,B,11.0,1.23,1,highway,60,0,0.892,none,sedan,0.32,no,2,0.587,15.125
C,B,37.0,3.13,4,rural,100,0,0.805,vip_movement,truck,0.58,no,4,0.445,18.447
D,E,11.0,1.87,1,highway,80,0,0.003,procession,truck,0.377,no,5,0.34,11.382
A,D,37.0,3.37,3,urban,80,0,0.314,vip_movement,bike,0.978,no,4,0.417,18.557
B,D,8.0,2.95,1,highway,60,0,0.798,vip_movement,sedan,0.164,no,7,0.398,10.979
B,E,23.0,4.81,1,rural,60,0,0.28,none,bike,0.715,no,3,0.312,13.162
E,A,24.0,3.43,3,highway,100,0,0.269,vip_movement,suv,0.816,no,10,0.434,15.497
D,E,59.0,2.77,3,rural,80,2,0.751,procession,bike,0.349,no,2,0.385,28.755
C,D,32.0,4.33,3,rural,60,0,0.14,none,truck,0.887,no,1,0.308,15.531
E,C,22.0,3.89,2,urban,60,0,0.246,none,suv,0.631,no,2,0.298,12.767
E,C,35.0,2.75,3,urban,100,0,0.083,none,bike,0.845,no,6,0.391,17.925
D,A,8.0,4.06,2,highway,60,0,0.754,none,bike,0.253,no,2,0.32,8.729
E,D,54.0,3.07,2,highway,100,1,0.226,procession,bike,0.321,no,10,0.34,25.724
B,A,5.0,2.87,2,urban,100,1,0.233,none,truck,0.196,no,4,0.265,9.189
C,B,18.0,1.75,4,highway,100,1,0.921,procession,suv,0.857,no,1,0.594,16.886
A,B,48.0,1.24,2,urban,100,0,0.518,procession,truck,0.075,no,3,0.472,24.253
C,A,25.0,1.94,4,highway,40,1,0.457,procession,bike,0.053,no,6,0.368,18.951
A,C,24.0,1.22,4,highway,100,0,0.218,none,bike,0.45,no,3,0.492,17.336
D,A,40.0,3.45,4,urban,40,0,0.345,vip_movement,truck,0.195,no,4,0.264,18.885
D,A,10.0,2.27,3,urban,80,0,0.722,none,bike,0.07,no,6,0.394,11.343
C,E,19.0,1.48,3,highway,60,1,0.383,procession,truck,0.703,no,6,0.547,19.232
A,B,6.0,2.76,4,rural,80,0,0.909,none,bike,0.509,no,4,0.469,10.102
A,D,14.0,4.18,2,rural,40,0,0.168,procession,bike,0.086,no,10,0.247,11.864
D,A,31.0,1.17,2,urban,100,2,0.43,none,bike,0.126,no,5,0.502,24.088
E,B,52.0,2.29,2,rural,100,0,0.628,procession,truck,0.073,no,1,0.325,21.726
A,C,47.0,2.17,2,highway,60,0,0.39,procession,suv,0.116,no,5,0.335,22.257
D,A,58.0,2.67,2,urban,40,1,0.645,none,truck,0.103,no,0,0.3,26.272
A,D,27.0,2.72,3,highway,40,2,0.307,procession,sedan,0.719,no,4,0.392,20.664
C,B,37.0,3.86,1,urban,80,2,0.998,none,bike,0.3,no,9,0.453,23.725
A,D,52.0,3.06,1,urban,60,0,0.87,vip_movement,sedan,0.48,no,5,0.451,24.238
A,E,41.0,2.54,2,rural,100,2,0.152,vip_movement,suv,0.057,no,7,0.269,22.863
D,E,12.0,3.17,1,urban,100,0,0.524,vip_movement,truck,0.104,no,7,0.322,10.298
A,D,31.0,4.92,1,highway,40,1,0.172,procession,truck,0.07,no,1,0.14,15.913
C,E,59.0,2.11,2,highway,80,1,0.289,vip_movement,suv,0.951,no,6,0.498,29.252
C,A,53.0,2.33,2,highway,60,0,0.93,vip_movement,sedan,0.624,no,6,0.542,26.171
A,C,11.0,1.59,1,urban,80,0,0.086,none,truck,0.249,no,4,0.359,11.831
C,A,41.0,3.15,3,highway,80,2,0.751,none,truck,0.908,no,1,0.469,23.778
D,A,25.0,2.31,2,urban,40,1,0.055,procession,sedan,0.864,no,7,0.427,19.337
A,D,26.0,2.37,4,rural,80,0,0.516,procession,sedan,0.723,no,7,0.486,17.17
C,B,29.0,3.04,3,highway,80,1,0.5,procession,bike,0.172,no,3,0.296,16.906
E,B,41.0,1.98,4,highway,100,0,0.223,procession,sedan,0.823,no,5,0.461,20.927
B,C,20.0,3.79,2,urban,80,0,0.085,vip_movement,sedan,0.76,yes,2,1.0,28.719
A,C,54.0,3.82,1,rural,60,1,0.418,procession,truck,0.459,no,5,0.33,25.311
B,D,52.0,3.03,1,highway,60,0,0.143,procession,bike,0.176,no,1,0.206,21.01
A,B,44.0,2.78,4,rural,80,0,0.657,none,bike,0.951,no,0,0.465,20.65
C,B,36.0,1.81,2,urban,40,1,0.94,procession,suv,0.694,no,6,0.608,24.845
B,E,38.0,3.62,3,urban,100,2,0.202,none,suv,0.154,no,1,0.192,19.399
E,D,27.0,3.67,2,rural,60,0,0.656,vip_movement,truck,0.914,no,3,0.453,16.089
B,A,1.0,3.7,2,urban,40,2,0.533,none,suv,0.859,no,4,0.427,12.717
C,A,7.0,2.45,2,rural,40,0,0.144,none,truck,0.561,no,2,0.324,9.783
B,D,21.0,2.21,1,rural,60,0,0.093,vip_movement,truck,0.726,no,9,0.435,16.22
C,E,56.0,1.41,3,urban,100,0,0.153,none,suv,0.922,no,1,0.509,26.146
D,E,50.0,2.85,2,urban,60,0,0.428,none,bike,0.238,no,3,0.304,21.895
E,B,4.0,3.13,1,rural,80,1,0.897,vip_movement,suv,0.213,no,10,0.45,12.3
C,B,16.0,1.76,1,rural,60,0,0.182,none,sedan,0.077,no,3,0.309,12.819
D,C,16.0,4.13,2,highway,100,2,0.565,none,truck,0.188,no,4,0.287,14.182
D,C,45.0,2.43,2,highway,100,0,0.072,none,sedan,0.223,no,4,0.264,19.502
E,A,43.0,3.69,3,urban,60,1,0.396,procession,bike,0.726,no,10,0.433,24.086
B,E,39.0,3.37,2,highway,100,1,0.949,vip_movement,sedan,0.966,no,6,0.562,22.503
E,A,53.0,1.71,2,urban,60,0,0.483,none,sedan,0.236,yes,9,1.0,42.117
D,B,53.0,4.99,2,highway,60,0,0.113,vip_movement,sedan,0.715,no,10,0.346,23.859
E,A,47.0,3.18,2,highway,100,2,0.642,none,suv,0.226,no,9,0.39,25.868
A,B,40.0,3.42,3,rural,60,0,0.836,none,truck,0.707,no,7,0.495,21.316
E,A,14.0,2.61,3,urban,40,0,0.353,vip_movement,bike,0.079,no,1,0.25,10.816
D,B,17.0,1.47,2,rural,40,0,0.216,procession,truck,0.032,no,2,0.343,14.337
B,D,23.0,3.27,4,urban,60,0,0.86,vip_movement,truck,0.084,no,7,0.381,15.137
C,E,39.0,1.72,2,rural,100,2,0.0,none,bike,0.488,no,2,0.35,23.005
D,A,55.0,2.82,2,rural,40,0,0.736,none,suv,0.243,no,0,0.337,23.647
A,C,21.0,3.82,2,highway,60,2,0.682,vip_movement,sedan,0.206,no,1,0.292,16.234
D,C,31.0,3.99,2,highway,60,0,0.203,none,bike,0.551,no,4,0.291,15.764
D,B,17.0,1.61,3,urban,60,0,0.656,procession,sedan,0.18,no,2,0.436,14.462
B,A,28.0,2.24,4,highway,60,0,0.854,none,suv,0.323,no,7,0.484,18.38
A,C,33.0,2.73,3,urban,100,0,0.082,none,truck,0.534,no,4,0.31,16.133
E,D,34.0,4.75,2,urban,100,0,0.302,procession,truck,0.256,no,5,0.246,15.212
B,E,45.0,4.76,2,urban,40,0,0.352,none,suv,0.464,no,10,0.347,22.022
D,E,56.0,2.0,2,urban,60,0,0.422,none,bike,0.279,no,10,0.44,27.207
A,B,11.0,3.41,3,urban,80,0,0.06,none,suv,0.504,no,5,0.28,9.564
A,D,54.0,4.13,2,rural,100,1,0.747,procession,bike,0.422,no,9,0.421,25.917
B,D,57.0,4.68,1,rural,40,0,0.755,none,truck,0.905,no,2,0.438,24.944
E,C,41.0,1.78,1,rural,80,2,0.794,none,sedan,0.477,no,6,0.539,26.693
C,E,36.0,4.11,3,rural,60,0,0.94,procession,truck,0.52,no,9,0.479,20.108
B,A,44.0,2.34,3,rural,100,2,0.097,none,truck,0.01,no,7,0.262,23.861
D,C,1.0,3.28,2,urban,80,0,0.282,none,suv,0.895,no,7,0.427,8.499
B,A,12.0,2.71,1,urban,100,0,0.665,none,sedan,0.472,no,2,0.395,10.298
A,D,29.0,1.89,4,rural,80,0,0.558,none,truck,0.199,no,2,0.383,16.584
A,C,42.0,2.67,3,rural,60,0,0.141,vip_movement,suv,0.308,no,6,0.3,20.173
C,A,3.0,1.93,2,urban,80,2,0.316,vip_movement,sedan,0.143,no,1,0.309,11.774
C,D,44.0,2.19,1,rural,80,0,0.575,none,sedan,0.291,no,10,0.456,23.051
A,E,14.0,4.01,3,rural,100,0,0.536,none,truck,0.698,no,4,0.387,10.614
B,E,5.0,1.62,2,highway,40,0,0.663,none,sedan,0.656,no,7,0.58,13.785
A,E,16.0,3.09,3,highway,60,0,0.295,none,sedan,0.025,no,1,0.204,10.156
A,E,8.0,4.48,2,urban,60,2,0.935,procession,truck,0.244,no,1,0.335,12.565
A,D,55.0,2.26,4,rural,60,0,0.715,vip_movement,bike,0.171,no,6,0.415,25.562
C,E,50.0,1.32,3,rural,60,1,0.34,none,suv,0.131,no,10,0.498,29.281
C,A,30.0,4.19,2,rural,100,0,0.382,procession,suv,0.817,no,8,0.415,16.445
C,E,43.0,2.83,1,highway,40,1,0.603,none,suv,0.55,no,1,0.382,22.685
B,D,15.0,2.88,1,highway,100,0,0.016,none,suv,0.767,no,4,0.336,10.894
D,C,30.0,3.4,2,urban,60,1,0.78,procession,bike,0.269,no,8,0.408,19.647
A,C,58.0,1.77,2,highway,80,2,0.049,none,truck,0.637,no,1,0.373,29.144
D,C,7.0,1.59,2,highway,40,0,0.921,vip_movement,truck,0.293,no,10,0.595,15.198
A,D,28.0,2.06,2,highway,80,0,0.953,procession,bike,0.293,no,3,0.473,17.157
A,D,17.0,1.26,2,urban,80,2,0.872,vip_movement,bike,0.743,no,1,0.65,20.772
C,B,44.0,1.2,1,urban,100,0,0.128,none,bike,0.288,no,2,0.437,22.645
E,C,2.0,4.72,2,urban,80,0,0.535,none,suv,0.797,yes,8,1.0,24.26
D,A,58.0,1.58,2,rural,100,0,0.038,procession,sedan,0.785,no,0,0.417,25.232
B,C,53.0,1.96,1,rural,40,1,0.882,none,suv,0.681,no,5,0.566,29.109
A,C,54.0,1.47,1,rural,100,0,0.397,none,bike,0.18,no,8,0.467,26.368
D,B,29.0,3.75,2,highway,60,2,0.919,none,bike,0.322,no,10,0.455,22.083
E,C,27.0,3.83,3,highway,60,0,0.625,none,bike,0.27,no,6,0.343,15.539
A,D,25.0,1.97,3,urban,60,1,0.954,procession,sedan,0.889,no,6,0.632,21.057
D,B,19.0,1.09,2,highway,60,2,0.927,none,truck,0.934,no,1,0.75,23.489
C,E,53.0,3.54,2,highway,40,2,0.179,none,sedan,0.949,no,9,0.429,29.402
D,C,4.0,1.31,2,urban,80,0,0.474,none,truck,0.992,no,8,0.679,14.413
B,C,46.0,2.39,2,highway,60,0,0.829,procession,suv,0.475,no,5,0.478,23.171
D,C,13.0,4.37,2,highway,60,0,0.24,vip_movement,truck,0.916,no,1,0.333,10.07
B,C,49.0,4.38,1,rural,100,1,0.792,none,bike,0.489,no,9,0.437,24.516
C,B,12.0,1.22,2,rural,40,0,0.829,none,truck,0.034,no,9,0.589,17.378
E,D,49.0,1.6,3,urban,80,0,0.078,none,truck,0.608,no,3,0.418,23.607
D,A,54.0,1.14,2,rural,40,1,0.424,none,suv,0.19,no,4,0.515,30.546
C,B,51.0,2.42,3,rural,80,0,0.386,none,truck,0.787,no,10,0.5,25.366
C,E,35.0,3.34,2,highway,100,1,0.453,none,bike,0.987,no,6,0.468,20.374
E,B,45.0,3.76,2,highway,80,0,0.204,none,bike,0.443,no,6,0.296,19.99
A,C,7.0,1.27,2,highway,60,0,0.35,none,suv,0.351,no,0,0.455,12.091
E,A,39.0,3.79,4,highway,100,1,0.096,procession,bike,0.976,no,3,0.35,19.621
A,E,43.0,4.85,3,urban,80,0,0.978,procession,suv,0.15,no,0,0.308,18.012
A,B,36.0,1.97,1,highway,40,0,0.401,none,truck,0.305,no,2,0.364,19.371
C,E,56.0,1.01,3,urban,80,2,0.059,none,truck,0.661,no,8,0.62,34.558
C,E,15.0,1.07,3,highway,60,1,0.723,procession,bike,0.438,no,10,0.707,21.766
E,B,45.0,2.94,3,urban,60,0,0.131,procession,bike,0.828,no,4,0.368,21.174
D,E,30.0,4.04,2,urban,80,0,0.175,none,truck,0.382,yes,8,1.0,32.836
D,A,54.0,3.87,2,urban,80,1,0.858,none,suv,0.8,no,8,0.515,27.241
C,B,6.0,1.21,1,urban,40,0,0.544,vip_movement,sedan,0.538,no,10,0.647,16.401
D,A,28.0,2.54,4,urban,100,2,0.198,vip_movement,truck,0.638,no,8,0.405,20.515
A,C,39.0,4.2,2,rural,80,0,0.931,none,sedan,0.208,no,1,0.333,17.423
D,E,19.0,1.03,1,rural,80,1,0.404,procession,sedan,0.964,no,7,0.733,22.29
C,B,11.0,4.11,2,rural,40,1,0.909,none,bike,0.415,no,5,0.412,13.639
E,D,3.0,1.09,2,urban,100,0,0.285,none,sedan,0.184,no,6,0.52,12.386
A,C,42.0,4.97,1,highway,60,2,0.47,none,sedan,0.118,no,10,0.298,24.088
B,E,57.0,2.85,4,highway,40,1,0.596,none,sedan,0.185,no,2,0.316,26.416
D,A,44.0,2.13,4,rural,80,0,0.354,procession,suv,0.5,no,5,0.409,21.637
E,C,1.0,2.64,3,highway,40,0,0.259,none,bike,0.42,no,4,0.328,8.273
C,E,2.0,4.61,3,urban,100,0,0.494,procession,suv,0.829,no,9,0.441,8.394
E,D,35.0,3.45,2,urban,80,2,0.655,procession,sedan,0.582,no,2,0.384,21.186
E,D,52.0,1.72,3,urban,100,0,0.551,procession,truck,0.653,no,10,0.574,26.745
B,D,7.0,3.68,2,urban,40,1,0.313,none,bike,0.157,no,10,0.303,12.488
D,E,10.0,1.92,3,rural,80,0,0.762,none,sedan,0.407,no,10,0.542,14.035
D,A,1.0,2.86,2,highway,40,1,0.361,vip_movement,truck,0.225,no,1,0.267,8.921
D,A,6.0,3.53,2,urban,40,0,0.782,procession,suv,0.623,no,7,0.464,11.257
B,D,52.0,3.12,4,rural,40,0,0.564,none,suv,0.004,no,3,0.272,22.521
B,E,40.0,4.62,4,urban,100,0,1.0,none,bike,0.524,no,2,0.411,18.097
A,B,1.0,2.03,2,urban,40,2,0.658,none,bike,0.894,no,7,0.578,15.943
A,E,12.0,1.82,4,urban,100,0,0.151,none,suv,0.574,no,5,0.414,11.987
A,C,46.0,1.7,2,rural,60,2,0.76,none,truck,0.197,yes,0,1.0,42.241
A,D,37.0,3.64,2,rural,40,2,0.255,vip_movement,sedan,0.51,no,9,0.353,23.804
C,B,19.0,2.95,2,rural,40,2,0.701,vip_movement,sedan,0.116,no,0,0.299,16.39
A,E,4.0,1.63,3,urban,100,0,0.615,procession,bike,0.738,no,7,0.586,12.033
D,A,48.0,3.23,2,highway,40,0,0.092,none,truck,0.024,no,1,0.157,19.721
C,E,31.0,1.96,2,urban,60,0,0.674,none,truck,0.027,no,7,0.414,18.886
A,D,40.0,4.74,4,rural,40,2,0.793,procession,suv,0.26,no,9,0.385,24.703
D,B,42.0,3.64,2,highway,80,0,0.847,vip_movement,suv,0.995,no,2,0.498,20.359
E,C,46.0,1.42,1,urban,100,0,0.391,none,sedan,0.212,no,6,0.462,23.628
A,C,7.0,3.71,1,urban,40,0,0.174,none,truck,0.116,no,10,0.266,10.109
E,B,14.0,3.95,2,urban,40,2,0.881,none,bike,0.244,no,4,0.366,15.929
D,B,48.0,4.96,2,rural,60,0,0.343,none,bike,0.483,no,4,0.286,20.567
E,C,57.0,2.74,2,urban,80,0,0.499,vip_movement,truck,0.301,no,3,0.336,23.881
D,A,9.0,1.42,2,rural,40,2,0.404,none,suv,0.948,no,2,0.572,18.343
E,C,4.0,2.65,2,highway,60,0,0.204,none,bike,0.135,no,6,0.278,8.568
E,C,3.0,1.22,2,urban,60,0,0.266,none,truck,0.077,no,1,0.407,10.77
D,C,9.0,1.98,2,rural,80,1,0.127,none,suv,0.593,no,4,0.386,12.879
B,D,31.0,4.8,2,rural,80,0,0.264,vip_movement,sedan,0.394,no,1,0.225,13.792
B,E,9.0,3.09,4,rural,40,0,0.823,procession,bike,0.62,no,4,0.458,11.698
B,C,26.0,1.38,3,rural,100,1,0.566,none,bike,0.127,no,2,0.448,18.804
A,B,47.0,2.09,3,urban,60,1,0.751,none,suv,0.201,no,5,0.432,25.315
B,C,7.0,2.66,2,urban,80,2,0.541,vip_movement,truck,0.262,no,2,0.331,12.685
D,C,7.0,3.42,2,highway,100,0,0.203,none,bike,0.572,no,10,0.372,9.779
A,D,5.0,2.05,4,rural,40,0,0.978,none,sedan,0.266,no,7,0.514,12.474
E,A,59.0,2.19,2,highway,60,2,0.787,none,sedan,0.968,no,0,0.534,30.824
E,A,24.0,4.97,3,urban,60,1,0.022,procession,sedan,0.794,no,3,0.274,15.043
D,E,44.0,2.69,1,highway,60,2,0.331,vip_movement,sedan,0.959,no,0,0.407,24.628
B,C,52.0,2.64,4,rural,100,2,0.281,none,suv,0.276,no,2,0.283,25.216
D,C,56.0,2.89,3,rural,100,1,0.518,procession,sedan,0.657,no,9,0.464,27.467
A,C,47.0,2.87,2,urban,100,0,0.622,none,bike,0.053,no,6,0.334,20.887
B,A,12.0,3.62,1,rural,100,2,0.299,none,bike,0.487,no,10,0.368,15.157
B,D,58.0,1.52,1,rural,60,2,0.009,vip_movement,truck,0.611,no,10,0.487,33.065
D,B,59.0,1.19,2,rural,80,0,0.893,none,truck,0.164,no,5,0.598,29.893
B,E,51.0,4.01,2,highway,40,0,0.261,none,bike,0.141,no,3,0.21,21.25
D,A,24.0,1.59,2,highway,100,2,0.761,procession,bike,0.458,no,1,0.505,20.084
C,B,2.0,2.53,2,highway,80,0,0.954,none,suv,0.608,no,10,0.571,11.285
D,A,33.0,4.73,2,rural,100,0,0.579,none,truck,0.625,no,10,0.425,17.712
C,E,20.0,1.83,1,rural,60,0,0.996,procession,suv,0.331,no,9,0.573,17.763
A,B,9.0,1.11,3,highway,60,2,0.512,none,truck,0.393,no,3,0.571,19.007
E,A,34.0,1.44,2,rural,100,0,0.331,none,sedan,0.347,no,1,0.423,18.595
A,E,16.0,1.38,2,highway,100,0,0.773,none,sedan,0.465,no,5,0.587,15.792
A,D,12.0,3.4,4,urban,60,0,0.152,procession,sedan,0.253,no,7,0.269,10.656
A,D,31.0,1.95,2,urban,80,0,0.992,vip_movement,bike,0.671,yes,5,1.0,33.865
A,E,47.0,2.69,2,urban,80,1,0.833,none,bike,0.511,no,3,0.448,24.04
E,A,38.0,3.17,2,urban,80,2,0.553,procession,bike,0.86,no,9,0.499,24.761
D,A,42.0,3.48,2,urban,80,2,0.093,none,suv,0.866,no,4,0.347,23.302
C,D,12.0,2.68,2,highway,80,2,0.313,none,suv,0.622,no,7,0.406,15.925
A,B,52.0,2.41,4,urban,100,0,0.606,vip_movement,truck,0.876,no,2,0.483,23.405
C,E,18.0,3.38,2,highway,60,2,0.721,none,sedan,0.839,no,8,0.511,19.087
C,B,15.0,3.51,2,highway,80,2,0.262,none,truck,0.249,no,2,0.236,13.684
A,D,24.0,1.69,2,highway,60,1,0.115,procession,sedan,0.594,yes,6,1.0,34.857
B,A,28.0,3.44,4,highway,60,0,0.703,vip_movement,truck,0.669,no,8,0.471,17.664
E,D,30.0,4.35,2,highway,100,0,0.91,vip_movement,truck,0.846,no,3,0.473,15.98
D,A,21.0,3.63,2,highway,40,2,0.042,none,bike,0.84,no,4,0.327,17.741
B,D,57.0,2.49,2,rural,40,0,0.113,vip_movement,truck,0.72,no,5,0.377,25.884
D,B,8.0,4.05,2,urban,100,0,0.492,none,truck,0.269,no,5,0.301,8.146
C,A,1.0,4.65,2,urban,60,0,0.862,none,suv,0.831,no,9,0.515,9.821
C,A,10.0,1.5,2,urban,100,1,0.91,none,sedan,0.425,no,3,0.564,15.071
D,E,21.0,2.11,1,urban,100,0,0.781,none,suv,0.695,no,4,0.525,15.222
C,D,21.0,3.01,2,urban,100,0,0.696,vip_movement,bike,0.919,no,1,0.466,13.315
C,E,38.0,1.68,3,urban,60,0,0.345,vip_movement,suv,0.559,no,0,0.418,20.055
D,C,39.0,3.04,1,highway,100,2,0.449,none,bike,0.365,no,5,0.345,22.294
B,A,11.0,1.41,4,rural,60,1,0.066,none,truck,0.331,no,6,0.423,15.779
D,C,30.0,2.72,4,rural,80,0,0.398,none,truck,0.705,no,3,0.398,16.417
C,E,56.0,3.33,2,urban,80,1,0.415,none,bike,0.327,no,10,0.369,26.987
E,D,46.0,2.37,3,urban,40,0,0.791,none,bike,0.023,no,8,0.412,23.625
E,C,13.0,4.15,4,rural,80,2,0.974,none,truck,0.227,no,3,0.367,14.37
D,E,10.0,4.72,2,urban,100,0,0.841,none,truck,0.422,no,10,0.437,10.933
A,B,15.0,4.28,2,rural,60,0,0.431,vip_movement,sedan,0.819,no,5,0.393,12.102
E,D,58.0,4.64,2,highway,60,0,0.702,vip_movement,suv,0.377,no,10,0.402,25.999
A,E,49.0,1.89,3,rural,60,0,0.558,vip_movement,suv,0.381,no,6,0.46,24.65
B,D,27.0,1.99,2,highway,80,2,0.677,procession,bike,0.039,no,2,0.364,19.649
C,E,39.0,4.84,2,rural,40,2,0.448,none,bike,0.955,no,6,0.423,24.167
C,E,23.0,2.17,2,highway,100,1,0.25,procession,sedan,0.379,no,7,0.381,16.913
E,B,17.0,3.92,3,urban,40,1,0.391,none,truck,0.239,no,8,0.308,15.056
C,D,41.0,4.65,2,highway,100,0,0.552,none,truck,0.723,no,9,0.431,19.986
E,B,17.0,4.97,4,rural,60,0,0.303,none,suv,0.951,no,9,0.421,13.619
A,B,11.0,3.07,2,highway,40,0,0.106,none,sedan,0.206,no,6,0.253,10.655
B,C,26.0,3.39,4,urban,100,0,0.744,procession,suv,0.69,no,7,0.475,15.92
A,C,47.0,2.58,2,urban,80,0,0.429,none,truck,0.5,no,7,0.411,22.545
B,D,23.0,3.83,2,rural,40,0,0.497,none,suv,0.495,no,2,0.323,13.835
B,E,59.0,1.12,2,urban,60,1,0.261,procession,bike,0.529,no,5,0.564,32.285
B,C,54.0,4.97,3,highway,60,0,0.222,procession,sedan,0.697,no,4,0.304,22.551
B,C,30.0,1.88,2,urban,40,0,0.859,none,sedan,0.684,no,9,0.611,21.57
C,A,17.0,2.6,2,highway,80,0,0.332,vip_movement,sedan,0.902,no,6,0.461,13.829
B,E,7.0,4.39,2,rural,40,1,0.481,none,truck,0.974,no,9,0.472,13.761
D,B,30.0,1.71,2,highway,100,0,0.837,none,sedan,0.914,no,4,0.625,19.473
A,E,34.0,2.78,4,highway,100,0,0.404,procession,bike,0.744,no,4,0.413,17.428
D,E,56.0,2.99,2,urban,100,0,0.102,procession,truck,0.553,no,4,0.305,22.816
B,C,46.0,4.35,2,rural,100,1,0.557,vip_movement,sedan,0.49,no,7,0.371,22.563
E,C,28.0,2.95,3,highway,60,0,0.319,none,bike,0.156,no,2,0.251,14.501
C,E,44.0,4.34,1,highway,100,0,0.895,procession,truck,0.778,no,9,0.517,21.817
B,A,56.0,3.39,2,urban,100,2,0.727,vip_movement,sedan,0.114,no,9,0.376,28.335
A,E,7.0,1.89,3,highway,80,0,0.087,vip_movement,suv,0.324,no,6,0.354,10.478
E,A,40.0,3.94,1,urban,60,0,0.852,none,sedan,0.423,no,10,0.457,21.335
D,A,45.0,4.1,2,highway,100,2,0.218,none,bike,0.202,no,5,0.232,22.536
C,E,39.0,3.54,1,urban,60,0,0.067,none,bike,0.237,no,3,0.204,17.25
D,C,6.0,1.02,2,urban,40,1,0.235,vip_movement,truck,0.015,no,8,0.523,17.549
E,A,48.0,2.66,3,urban,100,0,0.611,none,sedan,0.077,no,10,0.388,22.666
D,E,50.0,4.38,2,highway,80,1,0.801,vip_movement,truck,0.996,no,9,0.541,26.35
E,D,51.0,1.7,2,rural,80,0,0.451,none,sedan,0.745,no,10,0.575,26.996
C,E,10.0,3.23,1,urban,60,0,0.883,none,suv,0.598,no,4,0.46,11.452
C,A,53.0,1.55,2,rural,40,0,0.957,none,bike,0.626,no,7,0.645,28.989
B,E,32.0,2.07,4,urban,100,0,0.371,procession,sedan,0.178,no,2,0.323,16.152
C,E,57.0,1.34,2,urban,80,2,0.53,procession,sedan,0.69,no,6,0.603,33.078
B,E,28.0,3.54,2,highway,40,1,0.195,vip_movement,suv,0.619,no,2,0.296,17.167
D,A,50.0,1.49,2,highway,80,2,0.342,vip_movement,suv,0.6,no,6,0.516,29.712
C,A,23.0,2.37,2,urban,40,0,0.977,vip_movement,sedan,0.006,no,9,0.456,17.368
C,E,6.0,4.73,3,urban,40,0,0.126,vip_movement,suv,0.159,no,5,0.192,7.773
B,E,23.0,2.04,3,urban,40,2,0.918,vip_movement,bike,0.906,no,9,0.651,23.665
B,E,55.0,1.49,1,urban,60,2,0.616,none,sedan,0.491,no,9,0.58,32.954
E,C,45.0,1.4,1,rural,60,1,0.535,none,suv,0.334,no,7,0.529,27.254
D,C,41.0,4.57,3,urban,100,0,0.657,procession,sedan,0.194,no,2,0.278,17.07
A,D,17.0,4.59,3,highway,100,0,0.313,vip_movement,bike,0.379,no,6,0.285,10.742
A,B,9.0,1.38,3,highway,100,0,0.599,procession,bike,0.741,no,5,0.609,13.923
B,A,55.0,3.27,2,highway,100,2,0.442,none,truck,0.125,no,1,0.246,25.19
B,D,57.0,3.76,3,urban,40,2,0.045,vip_movement,bike,0.147,no,9,0.235,28.578
B,E,42.0,1.86,2,highway,40,2,0.614,none,bike,0.704,no,3,0.509,26.987
B,D,1.0,4.18,4,rural,60,0,0.572,none,truck,0.217,no,1,0.263,5.832
B,E,34.0,2.46,2,rural,80,2,0.252,procession,sedan,0.664,no,8,0.426,23.084
D,B,37.0,4.74,2,highway,100,0,0.142,none,sedan,0.403,no,6,0.253,16.386
C,E,50.0,2.88,3,highway,80,1,0.853,procession,suv,0.501,no,4,0.45,25.034
A,B,49.0,2.25,1,rural,100,0,0.884,procession,sedan,0.279,no,9,0.501,24.232
B,E,12.0,2.89,4,highway,40,0,0.928,none,suv,0.893,no,9,0.593,15.055
D,C,4.0,3.51,4,urban,100,0,0.646,vip_movement,truck,0.552,no,6,0.414,8.46
B,D,23.0,1.36,2,highway,100,0,0.301,none,sedan,0.801,no,5,0.566,17.745
D,E,40.0,1.87,1,rural,40,0,0.096,procession,truck,0.283,no,1,0.299,19.866
D,B,22.0,4.94,4,rural,100,1,0.977,procession,bike,0.88,no,6,0.512,16.437
E,C,43.0,1.15,1,urban,60,0,0.294,procession,sedan,0.423,no,5,0.541,25.154
D,A,26.0,1.58,2,rural,80,0,0.93,procession,bike,0.783,no,0,0.595,17.904
C,A,40.0,1.58,2,rural,100,0,0.323,vip_movement,bike,0.23,no,2,0.384,19.909
A,B,22.0,1.3,1,urban,100,0,0.777,none,suv,0.471,no,5,0.608,18.023
D,C,19.0,3.92,2,highway,80,0,0.927,none,suv,0.774,no,10,0.542,15.395
B,A,5.0,1.79,2,urban,80,0,0.742,vip_movement,truck,0.869,no,2,0.565,11.341
E,D,51.0,1.92,2,urban,80,1,0.012,vip_movement,suv,0.342,no,3,0.309,24.6
C,E,22.0,2.44,3,highway,80,0,0.144,none,truck,0.523,no,3,0.327,13.525
D,E,59.0,1.75,3,rural,80,0,0.468,procession,truck,0.046,no,2,0.352,25.483
D,E,54.0,3.58,3,highway,80,0,0.317,none,bike,0.642,no,5,0.354,23.133
D,C,43.0,1.58,4,highway,60,0,0.893,vip_movement,bike,0.598,no,7,0.621,25.179
E,C,50.0,1.33,1,urban,100,2,0.332,none,suv,0.252,no,3,0.448,28.347
C,D,47.0,3.05,1,urban,60,0,0.827,none,bike,0.217,no,1,0.35,20.938
D,A,24.0,2.84,4,urban,60,0,0.577,none,truck,0.128,no,6,0.342,15.075
E,B,47.0,4.74,3,urban,60,0,0.225,vip_movement,bike,0.766,no,6,0.343,21.28
C,E,29.0,3.9,2,highway,100,1,0.701,none,sedan,0.833,no,1,0.419,16.872
C,D,58.0,3.63,2,highway,40,1,0.027,none,bike,0.345,no,3,0.215,25.524
D,E,11.0,3.41,4,rural,40,0,0.046,procession,truck,0.742,yes,5,1.0,27.768
D,B,33.0,1.9,3,rural,100,1,0.164,procession,truck,0.532,no,8,0.429,20.924
E,A,30.0,3.98,2,rural,40,1,0.674,procession,suv,0.746,no,3,0.415,19.001
D,B,34.0,3.47,2,rural,100,1,0.545,procession,bike,0.818,no,4,0.428,19.222
C,E,52.0,1.76,2,rural,80,0,0.88,none,bike,0.802,no,10,0.663,28.064
E,C,2.0,2.69,2,rural,80,0,0.225,none,truck,0.804,no,2,0.374,7.602
E,C,44.0,2.28,2,highway,100,1,0.456,none,suv,0.831,no,2,0.453,22.825
D,B,15.0,4.67,1,rural,80,2,0.577,procession,truck,0.112,no,8,0.304,15.205
C,E,2.0,2.99,2,rural,40,1,0.78,none,bike,0.844,no,7,0.528,12.954
D,C,28.0,4.29,2,highway,60,0,0.677,procession,suv,0.069,no,3,0.273,14.392
D,E,31.0,1.02,2,urban,40,2,0.267,vip_movement,truck,0.012,no,9,0.537,27.36
C,D,7.0,3.08,2,rural,100,0,0.584,none,suv,0.909,no,4,0.468,9.704
D,E,51.0,1.39,2,highway,100,2,0.565,none,truck,0.233,no,9,0.537,30.556
C,B,2.0,2.31,2,urban,40,0,0.065,none,suv,0.335,no,7,0.323,9.393
A,D,13.0,2.76,2,urban,40,2,0.744,none,bike,0.276,no,7,0.419,17.299
D,A,13.0,1.97,2,urban,40,0,0.309,procession,bike,0.152,no,1,0.305,11.692
C,D,1.0,3.17,2,rural,80,0,0.869,vip_movement,bike,0.418,no,6,0.444,8.514
B,E,39.0,1.4,3,urban,60,0,0.765,none,sedan,0.107,no,4,0.501,22.584
D,A,34.0,4.28,3,urban,60,2,0.358,vip_movement,truck,0.846,no,1,0.344,20.509
B,E,12.0,1.44,1,highway,60,1,0.832,vip_movement,suv,0.091,no,9,0.551,17.877
B,D,38.0,3.61,1,highway,60,2,0.259,procession,suv,0.614,no,4,0.325,22.339
C,A,56.0,4.1,2,highway,60,2,0.467,vip_movement,suv,0.771,no,0,0.345,26.968
B,A,7.0,3.69,2,rural,100,0,0.415,none,suv,0.199,no,3,0.261,7.169
C,A,37.0,1.11,2,rural,100,0,0.78,none,sedan,0.566,no,1,0.64,22.716
D,A,15.0,2.77,1,rural,60,0,0.812,none,suv,0.758,no,1,0.469,12.696
C,A,20.0,3.91,2,rural,40,1,0.877,none,truck,0.235,no,3,0.355,15.428
E,A,32.0,3.15,3,rural,100,1,0.352,procession,bike,0.961,no,5,0.44,19.087
D,C,26.0,4.37,1,urban,80,2,0.566,none,sedan,0.605,yes,9,1.0,35.745
C,D,20.0,3.57,3,rural,80,2,0.861,none,suv,0.474,no,7,0.449,18.293
E,A,9.0,1.73,2,highway,100,0,0.58,vip_movement,bike,0.304,no,1,0.419,10.482
B,E,7.0,2.21,3,urban,60,2,0.313,none,suv,0.432,no,10,0.43,16.165
D,A,11.0,4.26,3,highway,100,0,0.894,procession,suv,0.864,yes,7,1.0,26.374
B,E,51.0,4.61,3,highway,80,2,0.708,vip_movement,suv,0.466,no,2,0.342,25.202
B,C,22.0,2.9,1,rural,100,0,0.846,none,sedan,0.869,no,7,0.551,15.739
B,E,48.0,2.63,3,highway,40,0,0.582,none,sedan,0.094,no,9,0.377,23.874
B,D,57.0,4.39,3,rural,100,0,0.564,none,bike,0.87,no,3,0.408,23.417
E,A,20.0,4.9,2,highway,100,0,0.503,none,truck,0.828,no,5,0.398,12.498
A,E,27.0,1.08,3,rural,40,2,0.571,procession,suv,0.563,no,6,0.656,26.484
D,A,48.0,3.19,2,urban,60,1,0.318,none,bike,0.147,no,1,0.228,21.954
A,C,27.0,3.55,2,highway,80,1,0.574,none,bike,0.712,no,7,0.44,18.306
E,A,13.0,3.53,2,urban,80,0,0.428,none,sedan,0.461,no,7,0.361,11.326
E,C,56.0,1.83,2,rural,100,2,0.913,none,sedan,0.53,no,7,0.578,31.211
E,D,27.0,2.67,2,highway,80,0,0.799,none,truck,0.566,no,5,0.473,16.697
D,A,49.0,2.68,3,highway,80,0,0.795,procession,truck,0.562,no,7,0.49,23.868
A,D,15.0,4.02,2,urban,80,1,0.046,vip_movement,sedan,0.361,no,4,0.221,11.753
A,E,24.0,2.25,4,rural,80,0,0.981,none,bike,0.214,no,8,0.497,16.998
D,A,19.0,2.42,2,highway,40,1,0.25,none,sedan,0.367,no,8,0.369,17.06
C,A,14.0,3.6,1,highway,60,1,0.401,procession,truck,0.382,no,9,0.358,14.464
A,E,53.0,2.07,1,highway,80,0,0.459,none,sedan,0.792,no,8,0.523,26.14
B,E,34.0,1.16,3,urban,80,0,0.176,none,sedan,0.328,no,10,0.546,22.983
B,C,35.0,4.01,4,highway,40,0,0.59,none,suv,0.371,no,1,0.302,16.968
D,B,13.0,3.67,2,urban,100,0,0.75,none,suv,0.239,no,8,0.387,11.23
A,D,19.0,2.81,2,highway,60,1,0.001,procession,truck,0.184,no,7,0.249,14.876
D,E,30.0,3.17,2,rural,60,1,0.132,procession,suv,0.655,no,8,0.364,19.314
B,C,30.0,1.16,4,urban,80,0,0.733,procession,sedan,0.604,no,3,0.643,21.359
A,B,57.0,4.57,4,highway,100,2,0.582,none,truck,0.754,no,1,0.365,26.542
E,B,40.0,1.28,3,highway,40,0,0.198,vip_movement,sedan,0.306,no,2,0.432,22.618
C,B,28.0,1.08,2,highway,60,0,0.027,none,sedan,0.319,no,0,0.441,18.958
A,D,58.0,4.53,1,urban,40,1,0.865,none,bike,0.809,no,8,0.503,29.134
E,B,49.0,1.85,1,urban,100,0,0.777,none,suv,0.724,no,4,0.556,24.269
C,D,3.0,4.6,1,urban,80,0,0.196,procession,sedan,0.98,no,7,0.392,8.309
B,C,48.0,1.99,2,urban,80,0,0.835,none,truck,0.288,no,7,0.496,24.277
D,E,31.0,3.95,2,urban,100,0,0.734,none,sedan,0.455,no,10,0.439,17.458
D,B,36.0,2.31,1,rural,100,2,0.275,none,bike,0.577,no,1,0.354,21.205
C,E,28.0,1.02,2,rural,40,0,0.015,none,truck,0.205,no,6,0.498,21.502
C,A,13.0,4.92,2,rural,40,2,0.959,none,sedan,0.425,no,4,0.398,15.7
D,B,4.0,3.32,3,highway,40,1,0.096,procession,suv,0.005,no,10,0.241,11.117
D,B,53.0,2.91,2,rural,40,2,0.683,none,bike,0.808,no,9,0.526,30.675
B,C,18.0,4.5,1,rural,100,1,0.739,none,suv,0.953,yes,3,1.0,29.611
B,C,52.0,2.1,2,highway,100,0,0.106,vip_movement,truck,0.223,no,6,0.317,22.852
C,D,11.0,2.88,2,highway,40,2,0.554,none,sedan,0.926,no,3,0.465,16.288
B,E,57.0,2.07,2,highway,60,0,0.687,none,suv,0.894,no,6,0.569,27.909
D,A,9.0,1.58,4,urban,80,1,0.796,none,truck,0.243,no,9,0.55,16.158
C,D,49.0,2.32,1,rural,80,0,0.543,none,sedan,0.509,no,0,0.383,21.679
A,E,25.0,1.14,3,rural,40,1,0.663,vip_movement,bike,0.803,no,1,0.653,22.6
B,C,21.0,3.02,4,rural,80,2,0.942,none,sedan,0.266,no,7,0.444,18.796
E,B,28.0,2.92,4,urban,60,0,0.333,none,truck,0.887,no,7,0.451,17.525
B,D,56.0,4.11,2,urban,60,2,0.674,none,sedan,0.776,no,6,0.447,29.19
A,E,16.0,4.52,1,highway,40,0,0.18,procession,sedan,0.402,no,6,0.265,11.753
E,A,31.0,3.13,2,rural,100,0,0.301,none,suv,0.214,no,1,0.241,14.006
E,A,4.0,4.3,1,highway,40,1,0.352,none,bike,0.708,no,2,0.325,10.01
E,C,10.0,3.69,3,highway,40,0,0.352,procession,sedan,0.593,no,5,0.347,10.828
C,A,59.0,1.71,3,urban,100,0,0.109,procession,truck,0.086,no,3,0.304,24.767
E,B,42.0,2.07,2,highway,40,0,0.23,none,bike,0.088,no,7,0.326,21.674
C,A,8.0,3.54,2,highway,60,0,0.509,procession,suv,0.954,no,3,0.436,10.27
A,E,56.0,4.1,1,urban,80,1,0.589,none,bike,0.368,no,10,0.389,26.908
D,B,23.0,4.21,2,urban,60,0,0.355,vip_movement,truck,0.702,no,7,0.376,14.751
B,C,36.0,3.6,2,urban,80,1,0.249,vip_movement,sedan,0.963,no,0,0.353,18.72
B,E,4.0,4.67,2,urban,80,2,0.721,vip_movement,truck,0.363,yes,7,1.0,28.67
B,E,57.0,2.1,3,urban,80,0,0.991,none,sedan,0.582,no,0,0.505,25.528
E,A,11.0,3.78,1,highway,40,2,0.625,none,sedan,0.287,no,7,0.358,15.607
D,A,32.0,1.01,2,highway,60,1,0.035,procession,bike,0.349,no,0,0.472,22.768
C,D,23.0,1.86,2,highway,100,0,0.557,vip_movement,suv,0.239,no,10,0.474,16.819
B,C,33.0,2.62,2,highway,80,0,0.611,none,bike,0.956,no,1,0.476,17.765
B,E,18.0,4.56,2,highway,60,0,0.038,procession,truck,0.45,no,6,0.245,11.649
D,C,20.0,3.55,2,urban,40,0,0.755,vip_movement,truck,0.72,no,10,0.508,16.488
A,C,9.0,1.14,2,urban,60,0,0.004,none,bike,0.144,no,2,0.399,12.968
D,B,36.0,1.68,2,highway,100,1,0.319,vip_movement,bike,0.608,no,0,0.424,20.519
A,D,52.0,4.09,4,rural,40,0,0.904,none,truck,0.182,no,3,0.345,22.871
D,C,58.0,1.97,2,highway,100,2,0.633,none,suv,0.169,no,5,0.413,29.564
C,E,29.0,3.99,3,highway,60,1,0.41,none,sedan,0.802,no,6,0.403,18.68
B,E,56.0,2.21,2,highway,100,1,0.161,none,truck,0.788,no,4,0.411,26.474
D,E,58.0,1.07,2,highway,40,0,0.935,vip_movement,bike,0.828,no,3,0.757,32.258
E,A,23.0,4.9,2,urban,40,0,0.977,none,suv,0.431,no,10,0.463,16.551
D,B,9.0,4.31,2,highway,80,1,0.861,none,sedan,0.859,no,3,0.467,12.128
E,B,14.0,2.29,2,highway,100,0,0.417,vip_movement,suv,0.171,no,5,0.342,11.305
E,D,46.0,4.85,1,urban,40,0,0.555,vip_movement,truck,0.758,no,6,0.405,22.079
A,D,11.0,3.13,2,highway,80,0,0.051,none,sedan,0.497,no,8,0.318,10.673
D,C,46.0,2.11,1,highway,60,1,0.272,none,suv,0.994,no,5,0.493,25.605
C,B,58.0,1.02,3,highway,100,0,0.72,procession,bike,0.003,no,8,0.615,30.54
A,C,28.0,4.39,1,highway,100,0,0.395,none,truck,0.587,no,0,0.288,12.915
D,B,10.0,1.05,4,urban,60,0,0.48,none,bike,0.713,no,7,0.689,17.548
E,A,12.0,2.56,2,urban,40,0,0.005,procession,sedan,0.718,no,10,0.401,13.56
B,C,33.0,3.95,3,rural,80,2,0.022,none,sedan,0.198,no,0,0.145,17.621
D,B,53.0,1.37,3,rural,60,0,0.419,procession,sedan,0.728,no,5,0.571,27.751
B,C,31.0,3.43,2,urban,80,0,0.878,none,suv,0.11,no,7,0.384,17.004
A,B,48.0,3.41,1,rural,100,1,0.131,none,bike,0.948,no,10,0.433,24.695
C,D,36.0,2.72,1,urban,100,0,0.313,none,sedan,0.992,no,2,0.428,17.825
D,B,56.0,4.22,2,highway,80,2,0.901,vip_movement,bike,0.09,no,4,0.333,27.114
E,A,23.0,4.53,2,rural,100,2,0.097,procession,suv,0.05,no,5,0.168,15.181
A,E,22.0,4.8,1,highway,80,1,0.966,procession,truck,0.899,no,10,0.556,18.203
D,E,47.0,1.13,2,rural,60,0,0.678,vip_movement,suv,0.932,no,6,0.736,28.597
D,E,53.0,2.39,2,highway,100,0,0.683,none,bike,0.829,no,5,0.52,24.691
A,B,29.0,1.55,2,rural,100,0,0.822,vip_movement,suv,0.568,no,0,0.536,17.786
B,C,26.0,4.77,2,rural,60,0,0.952,procession,sedan,0.816,no,0,0.437,14.722
E,A,10.0,1.01,3,rural,100,0,0.618,procession,truck,0.863,no,10,0.793,18.395
D,C,23.0,1.67,2,urban,60,0,0.956,none,sedan,0.002,no,3,0.462,16.619
A,C,53.0,1.61,2,rural,100,1,0.251,procession,truck,0.234,no,7,0.415,27.057
A,E,17.0,1.99,3,highway,80,0,0.568,none,truck,0.426,no,2,0.42,13.217
B,D,10.0,2.13,1,urban,40,1,0.568,procession,truck,0.975,no,3,0.527,15.219
E,C,33.0,1.94,1,highway,80,0,0.695,none,sedan,0.455,no,7,0.506,19.939
A,D,22.0,4.51,1,urban,100,2,0.033,vip_movement,sedan,0.708,no,7,0.307,16.679
B,E,10.0,3.89,2,rural,40,2,0.209,none,truck,0.108,no,10,0.266,14.944
D,C,56.0,4.83,2,urban,60,1,0.447,procession,truck,0.366,no,10,0.346,26.791
A,D,7.0,4.84,3,urban,40,2,0.714,none,truck,0.44,no,3,0.344,13.169
A,B,3.0,1.84,1,urban,100,1,0.707,none,bike,0.181,no,3,0.425,10.967
E,B,39.0,4.85,4,highway,100,0,0.626,vip_movement,sedan,0.918,no,5,0.441,18.642
E,A,45.0,2.04,3,highway,80,0,0.304,procession,truck,0.076,no,5,0.322,21.167
C,D,12.0,2.08,3,rural,80,2,0.332,none,sedan,0.773,no,9,0.503,17.828
B,C,39.0,3.84,2,rural,100,2,0.896,none,truck,0.767,no,7,0.507,23.969
C,D,12.0,3.38,2,rural,60,0,0.165,vip_movement,sedan,0.281,yes,9,1.0,28.379
C,A,50.0,2.82,2,urban,40,1,0.485,none,sedan,0.348,no,7,0.379,25.961
A,E,13.0,3.8,2,highway,100,0,0.535,procession,suv,0.006,no,3,0.243,8.75
A,B,39.0,4.9,1,highway,100,0,0.949,none,suv,0.393,no,5,0.4,18.223
C,B,58.0,3.78,2,highway,60,0,0.611,none,suv,0.152,no,2,0.279,23.41
C,E,44.0,4.37,2,rural,100,1,0.926,none,sedan,0.412,no,0,0.359,20.438
E,A,48.0,2.18,4,urban,40,2,0.617,none,bike,0.884,no,8,0.563,29.923
D,B,43.0,1.11,3,urban,100,0,0.199,procession,suv,0.711,no,7,0.613,25.443
B,A,19.0,3.2,2,rural,100,0,0.995,vip_movement,truck,0.218,no,0,0.367,11.436
A,D,15.0,1.44,2,urban,40,2,0.486,none,truck,0.829,no,5,0.59,20.862
A,E,20.0,4.84,1,rural,40,0,0.624,vip_movement,sedan,0.086,no,4,0.265,12.479
D,E,31.0,4.73,3,highway,100,0,0.407,none,sedan,0.915,no,1,0.359,14.646
D,A,41.0,2.14,4,urban,100,0,0.469,procession,bike,0.028,no,0,0.286,17.999
C,D,48.0,4.79,1,highway,60,1,0.989,none,sedan,0.481,no,8,0.457,25.117
B,C,9.0,1.74,2,highway,60,0,0.558,procession,suv,0.729,no,3,0.517,12.841
C,E,23.0,3.54,1,highway,80,1,0.503,none,sedan,0.002,no,8,0.294,15.85
D,E,40.0,2.75,2,urban,80,1,0.519,none,truck,0.824,no,5,0.464,22.458
E,C,10.0,4.58,2,rural,60,2,0.138,vip_movement,bike,0.183,no,1,0.162,11.409
E,D,6.0,4.36,2,highway,40,2,0.549,vip_movement,truck,0.869,yes,9,1.0,30.747
C,B,45.0,3.14,1,urban,80,0,0.815,vip_movement,sedan,0.701,no,3,0.461,21.299
A,C,9.0,3.48,1,urban,100,0,0.08,vip_movement,truck,0.959,yes,9,1.0,26.437
C,E,59.0,3.66,1,highway,100,2,0.842,procession,bike,0.993,no,4,0.516,29.529
D,A,17.0,1.5,1,rural,100,1,0.05,procession,suv,0.808,no,10,0.538,18.307
E,C,44.0,3.7,2,rural,60,0,0.043,none,truck,0.34,no,7,0.255,19.997
B,E,39.0,2.72,2,rural,40,2,0.224,vip_movement,bike,0.19,no,4,0.27,23.041
E,C,5.0,4.5,3,urban,40,0,0.469,vip_movement,bike,0.956,no,4,0.414,9.55
D,C,54.0,4.86,1,urban,100,1,0.593,procession,sedan,0.336,no,4,0.308,23.611
B,D,14.0,3.44,1,highway,40,0,0.583,none,truck,0.145,no,0,0.262,10.274
B,E,36.0,4.73,3,rural,80,2,0.112,none,suv,0.501,no,9,0.297,21.629
B,C,38.0,2.28,1,rural,60,1,0.04,none,suv,0.825,no,1,0.358,20.878
B,A,2.0,2.97,2,highway,100,1,0.404,procession,suv,0.341,no,8,0.364,10.02
E,C,12.0,2.25,3,highway,60,2,0.037,none,bike,0.501,no,4,0.325,15.372
A,B,23.0,3.57,3,urban,100,1,0.646,none,bike,0.165,no,3,0.304,14.444
A,B,18.0,2.32,3,rural,40,0,0.46,none,suv,0.202,no,1,0.315,12.907
D,C,56.0,4.62,2,rural,100,2,0.072,none,suv,0.417,no,9,0.274,26.926
C,B,34.0,4.59,2,rural,100,0,0.49,none,sedan,0.304,no,3,0.276,15.152
C,D,9.0,1.62,3,urban,100,1,0.949,none,truck,0.654,no,3,0.598,14.879
D,C,43.0,4.95,3,highway,100,1,0.481,vip_movement,truck,0.127,no,3,0.233,19.336
A,B,8.0,1.09,3,rural,40,0,0.904,vip_movement,suv,0.709,no,1,0.701,16.219
B,E,59.0,2.52,2,urban,80,2,0.226,none,bike,0.194,no,10,0.343,30.119
C,A,7.0,1.5,2,highway,100,0,0.205,procession,bike,0.097,no,5,0.376,10.689
B,D,44.0,4.54,2,rural,60,0,0.897,vip_movement,sedan,0.059,no,8,0.359,20.993
D,A,41.0,4.95,2,rural,60,2,0.782,none,truck,0.948,no,2,0.447,23.679
E,D,23.0,2.92,3,rural,60,0,0.811,none,bike,0.566,no,2,0.433,14.841
E,B,56.0,3.48,4,urban,80,0,0.461,none,bike,0.549,no,0,0.317,22.406
C,A,22.0,3.88,3,highway,40,2,0.253,none,bike,0.172,no,3,0.218,16.667
D,C,27.0,4.18,2,rural,40,2,0.115,none,bike,0.166,no,3,0.182,17.718
D,C,8.0,3.45,2,highway,80,0,0.664,none,truck,0.162,no,9,0.371,10.362
E,A,40.0,3.05,1,urban,100,0,0.075,none,sedan,0.574,no,10,0.361,19.752
E,C,54.0,2.17,1,rural,60,1,0.4,vip_movement,suv,0.985,no,1,0.471,26.917
E,B,24.0,4.71,2,rural,60,0,0.483,vip_movement,sedan,0.478,no,3,0.307,13.433
D,B,45.0,4.88,3,urban,40,1,0.532,none,bike,0.014,no,2,0.211,21.037
A,B,30.0,3.04,4,highway,80,1,0.159,none,truck,0.902,no,6,0.404,18.886
D,C,43.0,3.82,1,highway,100,0,0.052,none,bike,0.458,yes,0,1.0,34.71
B,D,15.0,1.05,3,rural,60,2,0.03,none,truck,0.999,no,9,0.676,23.302
C,E,53.0,3.83,2,rural,40,0,0.373,none,truck,0.178,no,3,0.245,22.251
C,D,39.0,1.95,1,highway,80,0,0.625,none,sedan,0.96,no,3,0.552,21.385
A,B,51.0,2.47,2,urban,40,1,0.359,procession,suv,0.631,no,9,0.45,27.622
B,D,8.0,3.79,2,rural,40,1,0.664,none,sedan,0.699,no,7,0.448,13.602
C,B,7.0,1.09,1,highway,40,0,0.132,none,bike,0.4,no,6,0.533,15.206
C,E,23.0,2.67,2,highway,100,0,0.496,none,truck,0.641,no,6,0.437,14.847
D,E,18.0,4.34,4,rural,60,1,0.813,procession,truck,0.088,no,5,0.322,14.275
A,C,31.0,3.51,2,highway,40,0,0.984,none,sedan,0.511,no,2,0.433,17.456
A,C,44.0,3.59,2,rural,80,0,0.911,vip_movement,truck,0.369,no,1,0.377,19.564
B,E,7.0,2.55,3,rural,100,0,0.271,none,truck,0.356,no,0,0.283,7.389
C,E,47.0,4.82,2,urban,80,1,0.159,procession,truck,0.583,no,8,0.311,22.851
D,E,49.0,1.71,1,urban,100,1,0.936,procession,suv,0.079,no,10,0.537,27.503
D,E,22.0,2.7,2,rural,60,0,0.541,procession,suv,0.491,no,1,0.364,13.793
C,E,7.0,1.61,2,rural,60,0,0.373,procession,suv,0.656,no,2,0.474,11.834
B,A,40.0,2.73,4,rural,100,0,0.876,procession,bike,0.104,no,3,0.373,18.661
D,A,30.0,2.56,4,rural,80,0,0.846,vip_movement,bike,0.726,no,8,0.551,19.058
B,E,38.0,1.3,2,urban,100,0,0.949,procession,truck,0.556,no,6,0.668,23.627
C,B,21.0,3.7,2,highway,60,0,0.526,none,bike,0.851,no,5,0.433,14.485
C,D,9.0,1.15,4,highway,40,2,0.127,procession,truck,0.425,no,7,0.528,19.714
E,C,56.0,4.93,1,urban,60,0,0.675,vip_movement,bike,0.517,yes,4,1.0,40.114
B,D,6.0,1.01,1,rural,80,0,0.561,none,suv,0.028,no,2,0.533,13.478
B,C,39.0,3.24,2,rural,80,2,0.572,procession,truck,0.436,no,6,0.385,23.297
A,C,57.0,2.76,2,urban,100,1,0.133,vip_movement,bike,0.625,yes,5,1.0,42.414
D,B,22.0,4.72,4,rural,100,0,0.919,none,truck,0.875,no,7,0.514,14.696
E,C,40.0,2.21,4,rural,80,0,0.006,vip_movement,suv,0.713,yes,6,1.0,36.459
A,D,41.0,2.1,2,urban,80,0,0.824,none,bike,0.485,no,1,0.462,20.507
C,D,21.0,4.49,2,highway,60,1,0.657,none,bike,0.164,no,8,0.333,15.846
B,A,46.0,2.63,3,highway,80,0,0.053,none,truck,0.795,no,0,0.322,19.922
B,D,46.0,1.1,3,highway,100,1,0.089,vip_movement,truck,0.873,no,1,0.568,26.739
B,C,25.0,3.57,4,highway,80,1,0.465,none,bike,0.689,no,10,0.443,18.324
D,B,4.0,2.23,2,highway,40,2,0.618,none,suv,0.533,no,3,0.44,14.44
C,D,1.0,1.35,3,rural,100,0,0.329,none,suv,0.206,no,1,0.414,8.857
D,B,47.0,4.99,4,rural,60,0,0.011,none,sedan,0.861,no,5,0.304,20.647
B,A,14.0,4.57,2,urban,80,1,0.463,none,suv,0.441,no,9,0.358,13.674
D,E,26.0,2.07,1,urban,40,0,0.165,none,truck,0.818,no,7,0.46,18.212
C,D,58.0,4.85,2,rural,100,0,0.153,procession,bike,0.102,no,1,0.144,20.567
C,A,37.0,3.38,3,highway,80,2,0.085,vip_movement,suv,0.59,no,9,0.343,22.81
B,E,36.0,4.38,4,rural,60,0,0.228,none,sedan,0.874,no,8,0.392,18.957
E,C,51.0,3.53,1,highway,40,1,0.768,none,sedan,0.916,no,1,0.46,25.517
D,B,27.0,3.39,3,rural,60,0,0.394,none,sedan,0.538,no,4,0.344,15.314
E,B,53.0,1.35,4,urban,40,2,0.749,none,sedan,0.95,no,9,0.726,34.674
B,A,40.0,3.33,2,highway,40,0,0.465,none,truck,0.723,no,8,0.438,21.48
B,D,40.0,3.74,2,rural,40,0,0.755,vip_movement,truck,0.566,no,2,0.391,19.65
A,E,48.0,1.77,3,urban,100,0,0.638,none,suv,0.058,no,8,0.446,23.79
E,A,37.0,4.32,1,rural,100,2,0.665,none,truck,0.621,yes,3,1.0,37.356
C,A,24.0,1.5,1,rural,40,2,0.266,none,truck,0.839,no,5,0.538,22.917
A,E,34.0,3.17,2,urban,100,0,0.147,vip_movement,truck,0.735,no,1,0.313,15.605
E,D,38.0,1.16,2,highway,60,2,0.095,vip_movement,bike,0.385,yes,0,1.0,41.212
C,E,17.0,3.77,2,urban,60,0,0.828,none,suv,0.403,no,10,0.452,14.448
D,E,47.0,4.23,2,highway,40,2,0.292,none,suv,0.326,yes,3,1.0,41.881
A,D,59.0,2.0,1,urban,60,0,0.548,none,bike,0.79,no,0,0.468,26.386
A,B,1.0,2.45,2,rural,80,2,0.892,none,suv,0.488,no,9,0.53,14.44
C,D,12.0,4.68,3,highway,100,0,0.869,none,truck,0.313,no,5,0.372,9.888
E,C,58.0,2.12,2,highway,100,1,0.071,vip_movement,truck,0.874,yes,5,1.0,43.254
E,C,28.0,3.11,3,urban,80,0,0.785,vip_movement,suv,0.824,no,2,0.471,16.117
A,D,57.0,4.12,2,urban,60,0,0.987,none,sedan,0.948,no,3,0.514,25.554
E,D,29.0,1.34,4,urban,40,0,0.945,vip_movement,sedan,0.267,no,2,0.561,20.439
D,A,12.0,3.37,1,rural,100,2,0.53,none,sedan,0.695,no,0,0.364,13.222
A,E,3.0,1.95,1,urban,100,2,0.081,none,truck,0.367,no,0,0.295,10.918
C,B,33.0,4.67,4,highway,80,1,0.635,procession,sedan,0.057,no,4,0.264,17.411
E,D,36.0,1.92,3,highway,80,0,0.691,none,truck,0.353,no,8,0.497,20.975
B,D,22.0,3.43,3,rural,100,2,0.727,none,suv,0.839,no,3,0.46,17.756
C,A,33.0,2.31,4,urban,40,0,0.644,none,sedan,0.264,no,5,0.405,19.12
D,A,16.0,3.28,2,rural,100,0,0.907,none,bike,0.069,no,6,0.377,11.797
A,B,13.0,4.46,3,urban,40,0,0.728,vip_movement,suv,0.792,no,8,0.474,13.36
E,C,12.0,3.02,2,highway,100,2,0.434,none,bike,0.312,no,8,0.362,14.972
C,B,4.0,2.15,2,rural,40,0,0.941,none,bike,0.185,no,2,0.432,10.244
E,D,44.0,3.07,1,rural,80,0,0.31,none,sedan,0.231,no,0,0.239,18.216
C,A,5.0,4.28,2,urban,80,0,0.14,none,suv,0.813,no,1,0.294,6.81
E,A,59.0,1.81,2,rural,60,0,0.326,none,bike,0.676,no,3,0.451,27.075
C,B,16.0,3.31,3,highway,100,0,0.004,none,suv,0.779,no,2,0.297,10.181
A,C,29.0,3.61,1,urban,60,1,0.947,none,suv,0.337,yes,1,1.0,33.785
A,C,55.0,4.9,1,highway,100,0,0.561,none,truck,0.359,no,7,0.336,22.777
E,D,41.0,4.98,2,highway,80,0,0.944,none,suv,0.399,no,8,0.429,20.194
A,B,49.0,3.08,2,urban,40,2,0.911,vip_movement,suv,0.96,no,7,0.574,29.463
E,A,42.0,1.79,1,rural,100,0,0.89,none,suv,0.213,no,7,0.514,22.425
D,E,57.0,3.86,4,highway,80,0,0.272,vip_movement,truck,0.844,no,8,0.407,25.064
A,B,8.0,2.5,2,urban,40,0,0.027,vip_movement,suv,0.922,no,9,0.439,12.592
C,D,48.0,3.27,2,highway,100,0,0.583,none,sedan,0.276,no,5,0.344,20.869
C,A,51.0,2.08,2,highway,60,0,0.131,vip_movement,truck,0.999,no,8,0.498,25.783
C,B,37.0,4.52,4,highway,40,0,0.116,none,truck,0.046,no,8,0.201,17.814
A,E,36.0,2.1,2,highway,60,2,0.497,procession,bike,0.73,no,4,0.476,24.235
A,D,42.0,2.95,4,rural,40,0,0.93,none,bike,0.15,yes,1,1.0,36.494
D,B,41.0,3.41,4,highway,80,0,0.565,none,bike,0.579,no,0,0.346,18.229
D,A,29.0,4.21,1,rural,40,2,0.764,none,suv,0.245,no,0,0.297,18.856
D,A,15.0,2.3,4,rural,80,2,0.956,procession,truck,0.244,no,0,0.414,15.811
A,C,4.0,4.12,1,highway,80,0,0.562,none,truck,0.316,yes,4,1.0,24.212
E,A,55.0,2.93,1,urban,80,1,0.182,none,truck,0.179,no,1,0.219,23.597
E,B,56.0,2.98,2,rural,60,0,0.876,vip_movement,sedan,0.24,no,9,0.447,26.25
D,E,48.0,2.64,2,urban,60,0,0.349,none,truck,0.017,no,3,0.255,20.939
D,A,34.0,4.69,3,highway,80,0,0.661,none,sedan,0.809,no,10,0.479,19.06
E,C,14.0,3.5,2,urban,40,1,0.781,none,suv,0.963,no,2,0.483,14.859
A,D,37.0,2.88,2,urban,100,1,0.619,vip_movement,truck,0.607,no,10,0.484,22.173
A,E,10.0,3.43,4,highway,40,0,0.252,none,bike,0.75,no,6,0.377,11.43
E,D,18.0,1.29,2,rural,60,0,0.921,none,bike,0.108,no,9,0.606,18.632
C,D,57.0,1.44,2,urban,60,2,0.649,procession,sedan,0.786,no,2,0.585,32.325
E,C,13.0,3.36,2,highway,80,1,0.569,none,truck,0.374,no,0,0.308,11.467
E,C,20.0,3.49,2,urban,80,2,0.403,vip_movement,bike,0.877,no,2,0.391,16.742
B,D,40.0,4.02,1,urban,40,2,0.761,none,suv,0.189,no,7,0.359,24.238
A,D,51.0,1.71,2,rural,80,0,0.625,none,sedan,0.193,no,5,0.447,24.687
C,A,10.0,2.55,1,rural,60,2,0.112,none,truck,0.882,no,0,0.355,14.012
D,A,12.0,1.37,3,urban,40,2,0.617,none,truck,0.371,no,0,0.489,18.123
C,D,8.0,3.69,2,highway,40,0,0.795,none,bike,0.53,no,6,0.433,11.29
E,A,26.0,2.64,1,urban,40,2,0.404,none,suv,0.169,no,9,0.356,21.056
E,A,33.0,1.59,3,urban,40,0,0.11,none,truck,0.911,no,9,0.546,22.304
A,E,56.0,1.57,2,rural,80,1,0.177,none,sedan,0.07,no,1,0.315,26.337
A,E,30.0,3.8,2,highway,60,0,0.536,none,suv,0.605,no,3,0.363,16.049
D,A,55.0,1.98,4,highway,40,0,0.193,none,suv,0.678,no,8,0.456,27.19
A,D,38.0,4.57,4,urban,40,1,0.557,vip_movement,bike,0.179,no,2,0.255,19.441
E,A,40.0,1.78,1,urban,100,0,0.749,vip_movement,suv,0.503,no,10,0.575,23.05
D,A,40.0,3.05,2,highway,40,0,0.798,none,sedan,0.721,no,3,0.465,20.89
E,A,12.0,3.94,2,urban,60,0,0.057,none,truck,0.201,no,3,0.183,8.8
D,B,13.0,1.89,2,rural,60,0,0.665,none,suv,0.482,no,6,0.501,14.248
E,B,48.0,2.27,3,rural,40,0,0.634,none,truck,0.929,no,9,0.579,26.19
C,A,53.0,3.42,2,urban,60,0,0.801,none,truck,0.006,yes,3,1.0,39.462
A,E,51.0,2.96,4,urban,40,0,0.795,vip_movement,truck,0.477,no,9,0.48,25.589
E,B,12.0,1.07,3,rural,60,0,0.222,none,suv,0.721,no,9,0.653,18.098
E,C,14.0,3.04,2,rural,60,1,0.49,none,truck,0.223,no,7,0.344,14.183
D,A,3.0,3.8,2,highway,60,0,0.215,procession,sedan,0.991,no,10,0.446,10.179
C,B,5.0,4.11,1,urban,100,0,0.122,vip_movement,truck,0.466,no,7,0.285,7.465
B,A,6.0,1.67,3,rural,100,0,0.635,none,bike,0.738,no,3,0.545,11.346
C,B,28.0,2.37,4,highway,60,0,0.778,none,suv,0.887,no,4,0.542,18.232
A,C,38.0,3.03,4,urban,60,0,0.33,none,sedan,0.583,no,4,0.354,18.893
D,C,52.0,2.69,2,rural,100,0,0.801,none,suv,0.58,no,2,0.445,22.802
A,C,19.0,1.85,3,rural,60,0,0.492,vip_movement,truck,0.391,no,2,0.413,14.437
C,E,12.0,4.49,1,highway,80,0,0.14,vip_movement,truck,0.512,no,2,0.239,8.507
B,E,3.0,4.05,2,urban,100,1,0.738,none,suv,1.0,no,1,0.456,9.399
E,A,13.0,4.13,3,urban,100,0,0.429,none,truck,0.579,no,9,0.389,11.296
B,E,27.0,2.48,2,rural,40,0,0.849,none,sedan,0.896,no,6,0.57,19.022
A,C,1.0,2.6,2,urban,40,0,0.519,vip_movement,sedan,0.629,no,6,0.443,9.856
A,C,27.0,2.97,3,highway,40,0,0.785,none,suv,0.75,no,5,0.492,17.7
A,E,33.0,1.36,2,highway,100,0,0.638,procession,sedan,0.226,no,1,0.476,19.024
B,A,43.0,3.56,1,rural,80,0,0.817,vip_movement,sedan,0.54,no,0,0.384,19.139
E,C,38.0,1.78,2,highway,80,1,0.913,procession,bike,0.339,no,1,0.485,22.265
A,D,6.0,1.29,4,urban,40,0,0.433,none,truck,0.538,yes,3,1.0,28.288
D,B,15.0,4.21,3,urban,80,2,0.376,procession,sedan,0.401,no,1,0.26,13.491
B,D,11.0,4.78,4,highway,40,0,0.43,procession,bike,0.499,no,5,0.319,10.541
C,A,38.0,1.02,2,rural,80,1,0.754,none,bike,0.754,no,8,0.773,28.615
B,A,59.0,2.87,2,rural,80,0,0.594,none,sedan,0.24,no,3,0.336,24.399
D,E,41.0,4.85,2,urban,40,0,0.917,none,truck,0.763,no,3,0.448,20.415
C,A,5.0,4.87,2,rural,60,0,0.647,none,truck,0.768,no,4,0.405,8.878
B,A,10.0,1.85,3,highway,60,2,0.341,none,truck,0.24,no,5,0.383,16.028
E,D,45.0,1.36,2,urban,100,0,0.67,none,bike,0.773,no,10,0.684,26.527
A,C,18.0,2.58,4,rural,100,0,0.757,vip_movement,bike,0.551,no,5,0.467,13.504
A,B,48.0,3.49,2,urban,100,2,0.887,vip_movement,suv,0.977,no,6,0.547,27.008
C,A,39.0,3.2,4,rural,60,1,0.648,procession,suv,0.027,no,7,0.33,21.466
D,E,52.0,1.83,2,highway,40,0,0.142,none,sedan,0.638,no,3,0.404,24.972
E,B,19.0,1.55,3,urban,100,1,0.865,none,truck,0.912,no,8,0.694,19.972
B,A,37.0,4.05,3,highway,40,0,0.06,procession,sedan,0.599,no,4,0.27,17.837
B,C,39.0,3.17,3,urban,100,0,0.678,none,suv,0.93,no,9,0.538,20.956
A,D,33.0,3.66,2,rural,100,0,0.911,none,suv,0.001,no,4,0.332,15.881
D,B,52.0,3.16,1,rural,100,1,0.272,none,truck,0.121,no,9,0.295,24.431
E,C,13.0,3.04,4,urban,100,0,0.99,procession,sedan,0.119,no,2,0.373,10.174
A,E,26.0,4.46,3,highway,80,2,0.866,none,bike,0.732,no,4,0.449,19.212
B,A,54.0,4.7,2,urban,100,1,0.958,none,suv,0.388,no,1,0.364,23.604
E,C,26.0,2.94,2,rural,100,1,0.6,vip_movement,bike,0.687,no,10,0.493,18.931
D,A,18.0,4.54,2,highway,100,0,0.754,none,truck,0.344,no,1,0.318,10.379
C,A,44.0,3.15,3,highway,40,0,0.383,vip_movement,truck,0.157,no,6,0.295,20.938
B,E,39.0,1.45,2,rural,80,1,0.725,vip_movement,suv,0.68,no,10,0.657,26.718
A,B,15.0,2.11,1,highway,60,0,0.703,procession,truck,0.318,no,0,0.394,12.306
B,D,30.0,3.04,2,highway,60,1,0.537,vip_movement,suv,0.008,no,6,0.301,18.35
A,B,41.0,1.7,2,rural,40,2,0.481,none,suv,0.634,no,2,0.478,26.422
E,B,5.0,4.16,2,highway,100,2,0.849,vip_movement,suv,0.718,no,9,0.5,13.997
D,A,39.0,2.98,2,urban,40,1,0.722,none,bike,0.401,no,1,0.369,21.266
D,C,59.0,4.09,2,rural,40,0,0.716,vip_movement,suv,0.793,no,8,0.48,27.317
B,D,36.0,4.66,2,rural,60,0,0.039,procession,suv,0.835,no,2,0.281,16.58
C,E,18.0,3.03,3,highway,80,0,0.362,none,sedan,0.538,no,6,0.372,12.975
E,A,31.0,2.57,2,highway,40,0,0.041,none,sedan,0.838,no,5,0.382,18.062
E,C,19.0,2.24,1,rural,40,2,0.835,none,bike,0.062,yes,10,1.0,35.935
A,C,46.0,1.82,2,urban,100,0,0.67,vip_movement,suv,0.381,no,1,0.44,21.649
E,D,50.0,1.57,3,rural,40,0,0.795,vip_movement,sedan,0.361,yes,2,1.0,40.588
D,A,10.0,4.13,3,urban,60,1,0.694,none,truck,0.641,no,9,0.454,14.051
A,C,27.0,1.18,2,rural,60,1,0.784,none,sedan,0.56,no,7,0.677,24.003
A,B,41.0,1.73,2,highway,80,0,0.869,none,suv,0.491,no,10,0.603,24.211
B,D,34.0,4.04,2,rural,60,0,0.449,procession,truck,0.377,no,3,0.294,16.478
A,B,41.0,1.31,4,highway,40,0,0.238,none,suv,0.322,no,3,0.448,23.203
D,A,30.0,1.4,2,highway,60,2,0.38,vip_movement,bike,0.462,no,3,0.483,23.49
E,A,51.0,2.94,2,rural,40,2,0.34,none,bike,0.936,no,6,0.451,28.713
B,A,48.0,1.78,3,urban,40,0,0.501,none,suv,0.739,no,8,0.552,26.329
B,E,25.0,1.98,2,highway,60,0,0.208,none,truck,0.692,yes,0,1.0,31.519
A,E,46.0,1.03,3,urban,80,0,0.817,procession,suv,0.354,no,8,0.704,28.312
C,B,33.0,2.11,2,highway,40,2,0.349,procession,suv,0.26,no,10,0.411,24.38
A,B,8.0,4.23,2,rural,40,0,0.745,vip_movement,sedan,0.599,no,7,0.433,11.314
B,D,39.0,3.94,1,highway,60,0,0.776,none,sedan,0.45,no,6,0.407,19.735
C,A,25.0,1.96,1,highway,60,0,0.603,none,truck,0.045,no,5,0.383,16.383
A,B,23.0,4.96,2,highway,40,0,0.671,none,suv,0.964,no,2,0.428,14.586
E,A,20.0,3.7,2,urban,100,2,0.902,procession,sedan,0.08,no,0,0.304,14.893
D,C,36.0,2.09,4,highway,60,0,0.832,vip_movement,sedan,0.233,no,1,0.415,19.042
B,E,47.0,4.35,2,urban,100,0,0.903,procession,suv,0.745,no,0,0.422,19.967
A,E,4.0,1.83,3,rural,60,2,0.102,none,suv,0.803,no,6,0.459,15.221
D,E,7.0,1.06,2,highway,60,0,0.687,none,bike,0.102,no,3,0.564,14.547
A,B,41.0,2.54,2,highway,40,1,0.937,vip_movement,suv,0.51,no,5,0.497,24.24
A,C,23.0,3.36,3,urban,100,1,0.196,vip_movement,bike,0.216,no,0,0.202,12.905
E,A,13.0,1.4,2,urban,100,0,0.49,none,bike,0.429,no,0,0.469,12.664
B,A,31.0,3.54,3,rural,100,2,0.93,vip_movement,truck,0.307,no,8,0.44,21.217
C,A,17.0,2.54,2,highway,60,0,0.485,procession,bike,0.087,no,2,0.292,11.884
C,D,27.0,4.05,3,highway,80,0,0.239,procession,truck,0.568,no,10,0.36,15.934
B,A,31.0,2.48,2,urban,60,1,0.796,none,suv,0.873,no,9,0.585,22.474
C,A,9.0,2.16,3,highway,40,0,0.328,vip_movement,sedan,0.092,no,7,0.339,11.813
C,E,16.0,2.45,3,urban,80,1,0.118,procession,truck,0.665,no,3,0.35,13.94
B,D,24.0,4.84,2,urban,80,0,0.23,vip_movement,truck,0.76,no,4,0.321,13.238
A,E,31.0,2.25,2,urban,80,0,0.924,procession,sedan,0.546,no,3,0.501,18.135
A,B,18.0,3.53,1,highway,100,0,0.085,vip_movement,truck,0.329,no,9,0.286,11.973
A,B,48.0,3.66,2,rural,100,1,0.708,procession,truck,0.541,no,0,0.359,21.854
D,A,48.0,2.3,3,rural,40,1,0.336,none,sedan,0.695,no,7,0.45,26.483
E,D,37.0,1.91,2,highway,100,0,0.732,none,bike,0.006,no,3,0.387,18.691
E,D,59.0,2.07,3,urban,80,0,0.762,none,truck,0.416,no,0,0.429,25.399
C,D,31.0,3.59,1,urban,100,0,0.225,none,suv,0.231,no,8,0.282,15.616
B,C,24.0,1.25,1,highway,80,0,0.005,none,suv,0.31,no,8,0.464,18.441
B,C,4.0,1.28,1,highway,60,1,0.365,none,suv,0.262,no,10,0.537,15.959
E,D,16.0,1.19,3,urban,80,1,0.977,procession,bike,0.584,no,5,0.699,19.992
C,D,53.0,3.21,2,urban,40,0,0.525,none,suv,0.187,no,8,0.347,24.528
B,A,43.0,2.59,2,urban,60,0,0.224,none,sedan,0.805,no,4,0.4,21.136
D,A,42.0,1.13,3,rural,100,1,0.809,procession,sedan,0.993,no,6,0.773,28.444
D,A,46.0,2.18,2,rural,60,0,0.334,vip_movement,bike,0.142,no,0,0.279,20.388
D,B,50.0,1.92,3,urban,80,1,0.069,vip_movement,sedan,0.525,no,3,0.357,24.763
D,A,17.0,3.66,2,urban,40,0,0.293,vip_movement,bike,0.599,no,9,0.378,14.041
E,A,40.0,2.12,2,urban,100,1,0.627,none,bike,0.816,no,1,0.487,21.933
E,D,59.0,3.04,4,highway,80,0,0.083,none,truck,0.503,yes,10,1.0,42.344
B,D,20.0,3.67,2,urban,60,0,0.278,vip_movement,sedan,0.368,no,7,0.308,13.343
B,C,12.0,4.78,2,rural,60,0,0.429,none,truck,0.228,no,7,0.285,10.396
D,C,30.0,2.8,1,rural,80,0,0.892,none,suv,0.157,no,5,0.403,16.812
B,A,14.0,4.17,3,rural,100,2,0.096,none,truck,0.704,no,4,0.296,13.656
C,A,40.0,4.59,1,highway,100,2,0.924,vip_movement,suv,0.221,no,0,0.316,20.75
A,B,24.0,4.05,1,highway,100,0,0.948,vip_movement,suv,0.912,no,6,0.531,15.44
B,A,16.0,2.35,3,urban,60,2,0.022,vip_movement,sedan,0.643,no,4,0.343,16.663
B,C,16.0,1.9,2,urban,40,0,0.3,procession,bike,0.527,no,4,0.416,14.395
A,E,48.0,4.48,2,rural,100,0,0.237,vip_movement,truck,0.593,no,10,0.355,21.569
A,E,17.0,1.06,2,urban,80,1,0.178,vip_movement,truck,0.296,no,0,0.473,17.563
C,D,37.0,4.92,3,highway,40,0,0.921,procession,truck,0.994,no,7,0.534,20.857
E,A,49.0,4.74,2,urban,40,0,0.059,none,sedan,0.355,no,0,0.167,19.428
C,E,49.0,1.05,3,rural,80,0,0.757,procession,suv,0.093,no,9,0.64,28.642
C,E,52.0,1.39,2,rural,80,1,0.275,none,truck,0.84,no,10,0.612,30.322
A,D,33.0,3.35,2,highway,80,2,0.877,none,truck,0.805,no,8,0.536,23.349
A,C,43.0,1.28,2,urban,40,1,0.686,none,bike,0.417,no,4,0.574,27.361
A,B,23.0,4.45,3,urban,40,2,0.1,none,suv,0.463,no,5,0.252,17.547
D,A,30.0,3.23,4,rural,40,0,0.712,vip_movement,sedan,0.926,no,1,0.462,17.366
B,D,13.0,1.56,2,highway,40,0,0.113,vip_movement,suv,0.005,no,8,0.36,14.311
C,B,5.0,3.17,1,highway,40,0,0.5,none,sedan,0.622,no,3,0.38,9.478
E,C,46.0,3.86,2,urban,80,0,0.686,none,bike,0.066,no,4,0.294,19.836
D,B,7.0,4.61,2,highway,80,1,0.99,vip_movement,suv,0.704,no,6,0.486,12.242
E,B,59.0,2.59,3,rural,80,0,0.218,none,sedan,0.527,no,8,0.383,26.062
B,D,59.0,4.18,3,highway,40,0,0.681,none,truck,0.434,no,0,0.319,24.084
D,A,26.0,1.78,1,rural,60,0,0.931,none,truck,0.751,no,2,0.581,18.326
E,A,35.0,3.4,3,highway,100,0,0.119,procession,suv,0.261,no,9,0.284,17.107
B,D,8.0,2.26,2,highway,60,2,0.682,vip_movement,truck,0.539,no,2,0.441,14.917
A,E,11.0,4.7,1,urban,100,1,0.782,none,suv,0.011,no,5,0.294,10.802
B,C,9.0,1.63,3,urban,40,0,0.97,none,bike,0.547,no,8,0.629,15.662
A,E,27.0,1.58,1,highway,40,0,0.194,procession,truck,0.867,no,1,0.475,18.219
A,D,21.0,3.32,1,urban,40,0,0.817,vip_movement,suv,0.071,no,9,0.388,15.491
C,E,8.0,3.19,2,highway,80,1,0.413,vip_movement,bike,0.475,no,9,0.393,12.7
A,D,24.0,1.05,4,urban,80,2,0.281,none,truck,0.77,no,9,0.683,25.61
C,A,47.0,1.37,2,rural,60,0,0.641,procession,sedan,0.494,no,8,0.598,26.827
B,A,11.0,1.89,3,highway,60,0,0.515,procession,truck,0.508,no,9,0.506,14.307
E,A,20.0,4.33,2,highway,60,1,0.715,none,bike,0.987,no,6,0.493,16.784
B,C,6.0,3.36,3,rural,80,0,0.72,none,sedan,0.287,no,4,0.36,8.692
C,A,17.0,2.31,2,rural,60,1,0.61,none,sedan,0.0,no,7,0.365,15.81
D,C,6.0,2.35,2,highway,60,0,0.812,none,suv,0.994,no,6,0.591,12.533
D,B,33.0,4.05,3,rural,80,2,0.943,none,sedan,0.997,no,10,0.587,24.002
B,A,36.0,3.93,1,urban,100,0,0.581,none,sedan,0.731,no,0,0.364,16.213
E,B,21.0,3.39,2,highway,60,2,0.846,none,truck,0.056,no,6,0.358,18.054
A,C,32.0,2.95,1,urban,100,0,0.051,none,suv,0.621,no,8,0.35,16.899
A,D,8.0,3.65,2,urban,100,0,0.12,none,sedan,0.637,no,3,0.291,7.783
C,A,24.0,3.71,2,highway,60,1,0.295,vip_movement,suv,0.21,no,4,0.249,15.335
A,D,8.0,4.35,1,rural,60,1,0.697,none,bike,0.841,no,4,0.44,12.246
B,C,58.0,4.17,3,highway,60,2,0.052,vip_movement,truck,0.704,no,3,0.277,27.47
B,A,47.0,3.76,3,highway,80,0,0.36,vip_movement,sedan,0.363,no,1,0.261,19.242
D,A,43.0,4.95,3,urban,100,1,0.793,vip_movement,sedan,0.499,no,3,0.369,20.701
D,E,17.0,1.43,2,rural,60,0,0.481,vip_movement,sedan,0.508,no,9,0.568,17.59
B,D,58.0,2.24,3,highway,60,0,0.698,vip_movement,sedan,0.755,no,7,0.539,27.927
C,E,34.0,1.81,2,urban,100,0,0.993,procession,bike,0.643,no,8,0.628,21.333
A,E,58.0,2.61,3,urban,80,2,0.479,procession,sedan,0.608,no,9,0.461,30.722
B,D,45.0,3.12,2,highway,80,1,0.787,none,sedan,0.818,no,0,0.449,22.591
C,E,43.0,1.96,4,rural,60,0,0.523,none,bike,0.918,no,7,0.562,23.965
E,B,20.0,1.93,1,rural,60,0,0.305,procession,suv,0.048,no,6,0.338,14.672
C,D,37.0,3.86,3,highway,100,0,0.886,vip_movement,bike,0.035,no,6,0.348,17.574
B,E,25.0,3.49,3,urban,100,0,0.777,procession,sedan,0.117,yes,6,1.0,30.632
A,C,54.0,1.44,2,rural,40,0,0.567,procession,suv,0.201,yes,5,1.0,42.683
B,C,31.0,4.72,2,urban,80,2,0.649,none,truck,0.099,no,3,0.265,18.605
A,E,51.0,3.32,1,urban,60,0,0.077,none,truck,0.227,no,6,0.241,21.917
A,E,2.0,2.62,2,highway,80,1,0.46,none,bike,0.29,no,8,0.382,10.931
D,E,27.0,2.91,2,rural,60,0,0.037,vip_movement,bike,0.593,yes,5,1.0,32.32
A,E,17.0,2.05,2,highway,60,0,0.719,vip_movement,truck,0.863,no,10,0.611,17.15
D,E,44.0,1.84,1,highway,40,1,0.681,vip_movement,sedan,0.821,no,5,0.568,26.599
D,A,26.0,1.61,2,rural,40,1,0.31,procession,truck,0.441,no,2,0.418,19.476
A,B,12.0,1.02,4,rural,40,0,0.217,none,bike,0.728,no,1,0.59,16.582
D,B,25.0,4.14,1,urban,100,2,0.858,vip_movement,truck,0.651,no,8,0.479,19.594
B,C,52.0,3.59,2,urban,100,0,0.813,none,truck,0.229,yes,8,1.0,39.093
E,D,30.0,4.98,1,highway,60,0,0.042,procession,bike,0.579,no,8,0.284,15.947
E,A,36.0,1.93,1,rural,100,0,0.894,none,bike,0.628,no,9,0.602,21.713
C,E,27.0,3.73,2,rural,100,0,0.389,vip_movement,bike,0.638,no,6,0.373,14.865
A,E,51.0,2.67,3,highway,40,2,0.66,vip_movement,truck,0.304,no,5,0.392,28.097
B,C,8.0,2.86,2,rural,60,0,0.42,procession,sedan,0.852,no,0,0.394,9.596
D,A,55.0,4.07,2,highway,80,0,0.824,vip_movement,bike,0.627,no,1,0.398,22.912
D,E,21.0,2.74,2,highway,60,0,0.679,none,suv,0.298,no,2,0.361,13.635
E,B,52.0,4.25,4,urban,100,0,0.097,none,bike,0.633,no,8,0.32,22.078
D,E,15.0,4.63,2,urban,60,0,0.86,none,bike,0.642,no,1,0.397,11.249
B,E,2.0,1.62,2,rural,80,0,0.558,none,bike,0.254,no,2,0.43,9.39
A,E,7.0,1.22,3,rural,100,0,0.569,none,bike,0.38,no,9,0.608,14.591
D,A,18.0,1.38,3,highway,60,0,0.103,none,truck,0.243,no,10,0.459,17.116
A,D,6.0,2.53,3,highway,80,0,0.075,procession,sedan,0.86,no,2,0.365,8.821
C,A,15.0,2.9,3,rural,40,0,0.86,vip_movement,truck,0.871,no,3,0.514,13.966
E,D,33.0,4.62,2,highway,60,2,0.3,vip_movement,suv,0.965,no,3,0.369,20.775
A,E,40.0,4.52,4,highway,40,0,0.582,procession,bike,0.931,no,9,0.481,21.72
D,B,36.0,1.81,2,highway,60,2,0.42,none,suv,0.238,no,9,0.442,25.281
E,A,40.0,4.91,2,highway,100,0,0.966,none,sedan,0.484,no,3,0.401,18.131
D,A,12.0,3.83,2,highway,80,0,0.811,none,sedan,0.725,no,6,0.472,11.821
E,B,47.0,2.16,1,urban,80,2,0.714,none,sedan,0.563,no,8,0.521,28.224
E,C,36.0,3.06,2,highway,40,2,0.061,procession,sedan,0.169,no,6,0.237,22.002
C,B,27.0,4.57,3,highway,80,0,0.057,procession,bike,0.007,no,1,0.11,11.498
A,B,35.0,4.99,1,highway,100,0,0.986,vip_movement,bike,0.857,no,8,0.529,18.888
E,A,7.0,3.97,2,highway,40,1,0.216,none,suv,0.198,no,4,0.224,10.398
C,B,21.0,1.54,2,urban,100,0,0.449,none,sedan,0.999,no,5,0.599,17.043
B,E,33.0,4.42,2,urban,40,2,0.483,none,bike,0.984,no,4,0.424,22.072
C,D,5.0,3.27,4,urban,100,0,0.19,none,bike,0.82,no,1,0.334,7.074
C,B,40.0,2.1,3,highway,40,0,0.244,vip_movement,truck,0.635,no,7,0.436,22.141
E,B,6.0,1.01,1,highway,80,0,0.331,vip_movement,suv,0.729,no,8,0.689,16.25
A,C,15.0,4.06,3,highway,80,1,0.863,none,suv,0.69,no,4,0.449,14.023
C,A,15.0,1.62,1,rural,80,0,0.314,vip_movement,sedan,0.004,no,4,0.351,12.898
E,B,45.0,4.63,2,urban,80,1,0.705,procession,sedan,0.347,no,1,0.307,20.846
C,D,53.0,2.92,2,urban,40,1,0.937,none,truck,0.731,yes,3,1.0,42.21
B,A,57.0,4.61,2,highway,100,1,0.168,procession,truck,0.587,no,1,0.248,23.363
B,C,10.0,4.55,2,highway,40,2,0.067,none,sedan,0.424,no,5,0.236,13.462
E,C,17.0,4.71,3,urban,60,0,0.77,none,suv,0.669,yes,6,1.0,28.861
A,D,37.0,1.77,2,urban,80,0,0.392,none,sedan,0.713,no,6,0.507,21.196
E,B,31.0,2.42,1,rural,40,1,0.242,none,sedan,0.258,no,5,0.315,19.524
E,A,57.0,2.21,2,rural,100,0,0.385,none,suv,0.572,no,2,0.392,24.185
B,E,2.0,3.94,2,highway,40,0,0.957,none,truck,0.595,no,6,0.472,9.787
D,E,54.0,2.12,2,urban,100,2,0.121,procession,sedan,0.228,no,4,0.298,26.836
D,C,22.0,2.1,3,urban,40,2,0.21,procession,sedan,0.414,no,9,0.405,20.824
B,A,16.0,3.8,2,highway,80,1,0.563,vip_movement,truck,0.858,no,4,0.43,14.21
E,C,22.0,2.31,3,highway,40,0,0.072,none,truck,0.628,yes,5,1.0,31.76
C,A,51.0,2.18,1,highway,100,0,0.847,none,truck,0.296,no,4,0.452,23.421
A,C,21.0,2.59,4,rural,80,0,0.135,none,suv,0.936,no,7,0.438,15.014
A,E,12.0,3.81,1,highway,60,1,0.238,none,truck,0.6,no,10,0.373,14.141
D,A,54.0,1.62,2,rural,80,0,0.479,procession,suv,0.967,no,8,0.617,28.055
A,D,48.0,2.14,2,highway,60,1,0.944,none,bike,0.171,no,5,0.459,25.826
E,B,11.0,4.91,1,urban,40,0,0.868,procession,truck,0.938,no,8,0.522,13.142
B,C,48.0,4.04,4,highway,60,0,0.324,none,sedan,0.997,no,2,0.383,21.37
A,C,8.0,2.42,3,rural,40,1,0.717,none,truck,0.636,no,1,0.446,13.118
B,C,51.0,1.73,1,urban,80,1,0.902,procession,bike,0.056,no,3,0.452,26.308
D,E,36.0,4.43,2,rural,100,2,0.214,none,bike,0.567,no,4,0.286,20.093
C,A,47.0,1.96,1,highway,80,2,0.637,vip_movement,suv,0.643,no,1,0.47,26.551
D,B,17.0,2.95,2,highway,80,0,0.309,procession,truck,0.289,no,2,0.275,10.947
C,D,45.0,4.32,2,rural,80,0,0.673,vip_movement,bike,0.06,no,5,0.289,19.549
E,B,19.0,4.8,2,urban,100,0,0.991,none,truck,0.209,no,5,0.373,11.974
B,A,3.0,2.73,2,highway,100,1,0.82,none,sedan,0.929,yes,0,1.0,25.235
E,D,5.0,4.49,3,urban,80,0,0.621,none,suv,0.557,no,6,0.385,8.661
E,D,59.0,3.08,1,highway,40,0,0.982,procession,sedan,0.098,no,4,0.386,25.98
E,B,23.0,3.75,1,rural,80,0,0.049,procession,truck,0.673,no,0,0.251,11.745
B,C,54.0,4.31,2,highway,60,0,0.722,vip_movement,sedan,0.072,no,10,0.352,24.377
A,D,52.0,3.78,1,highway,100,1,0.225,vip_movement,truck,0.668,yes,7,1.0,40.824
E,D,50.0,4.61,3,highway,60,2,0.758,none,sedan,0.361,no,8,0.39,27.09
B,E,42.0,2.34,1,rural,80,1,0.517,procession,truck,0.438,no,7,0.432,23.449
D,C,34.0,2.74,2,urban,40,2,0.204,procession,truck,0.812,no,9,0.439,24.216
E,B,40.0,1.57,3,highway,100,2,0.245,none,bike,0.415,no,6,0.448,25.371
A,C,14.0,1.28,2,rural,80,2,0.363,procession,truck,0.022,no,9,0.478,19.68
C,B,16.0,3.45,3,rural,60,2,0.241,none,sedan,0.854,no,3,0.365,16.002
B,A,10.0,3.77,2,rural,40,2,0.75,none,suv,0.722,no,2,0.421,14.931
B,C,52.0,1.58,2,urban,40,2,0.102,procession,bike,0.107,no,9,0.385,30.407
D,E,53.0,1.56,2,highway,40,0,0.645,none,bike,0.077,no,3,0.43,25.996
A,D,54.0,4.9,2,urban,100,0,0.044,vip_movement,truck,0.021,no,0,0.095,18.666
D,C,29.0,3.71,2,urban,40,1,0.993,none,bike,0.325,no,3,0.401,18.662
E,B,14.0,3.59,1,rural,40,0,0.635,procession,sedan,0.231,no,7,0.355,12.541
B,C,47.0,1.66,2,rural,100,0,0.755,none,truck,0.487,yes,0,1.0,37.618
A,B,3.0,4.39,2,rural,40,0,0.077,none,bike,0.315,no,10,0.27,8.736
B,D,2.0,2.9,2,urban,80,1,0.011,vip_movement,bike,0.368,no,9,0.304,10.158
C,B,41.0,2.5,2,urban,40,2,0.149,none,bike,0.335,no,9,0.347,25.562
B,D,54.0,4.79,2,rural,40,0,0.041,none,sedan,0.367,no,6,0.225,22.693
E,A,16.0,4.0,2,highway,40,1,0.586,none,bike,0.27,yes,5,1.0,31.051
E,C,11.0,1.27,3,rural,60,1,0.479,procession,sedan,0.924,no,2,0.615,17.269
B,E,41.0,3.91,3,rural,100,0,0.761,none,suv,0.867,no,4,0.468,19.559
A,C,1.0,3.0,3,rural,60,0,0.177,none,truck,0.385,no,9,0.336,8.621
E,A,39.0,2.67,2,rural,100,2,0.803,procession,sedan,0.744,no,3,0.489,23.566
D,C,53.0,4.6,1,urban,100,2,0.478,none,bike,0.484,no,7,0.349,26.381
D,A,35.0,3.11,3,urban,60,0,0.537,none,bike,0.299,no,7,0.366,18.664
A,E,1.0,3.47,3,rural,40,2,0.569,procession,sedan,0.639,no,4,0.397,12.507
D,E,2.0,4.67,3,highway,60,2,0.722,vip_movement,suv,0.943,yes,9,1.0,28.971
C,D,47.0,4.48,3,urban,80,2,0.779,none,bike,0.297,no,8,0.385,25.662
A,D,50.0,3.58,2,highway,40,2,0.455,procession,suv,0.863,no,10,0.475,29.146
E,D,10.0,1.41,2,highway,80,1,0.201,none,sedan,0.063,no,5,0.387,14.431
E,C,40.0,2.26,1,rural,80,0,0.122,procession,bike,0.445,no,4,0.33,19.311
E,A,47.0,1.46,2,highway,100,2,0.946,procession,bike,0.775,no,0,0.619,28.217
D,B,27.0,3.84,1,rural,60,0,0.779,none,sedan,0.326,no,6,0.385,15.951
A,E,2.0,3.14,2,highway,80,0,0.633,procession,suv,0.834,no,10,0.521,10.396
D,C,24.0,4.29,2,urban,60,0,0.067,none,sedan,0.3,no,2,0.187,12.131
B,E,6.0,4.77,3,highway,80,0,0.955,none,truck,0.594,no,10,0.494,10.783
B,D,54.0,1.86,1,rural,60,1,0.382,none,truck,0.419,no,10,0.475,29.139
D,C,3.0,1.64,2,urban,80,2,0.78,procession,suv,0.909,no,2,0.602,15.363
A,C,36.0,4.2,3,rural,40,0,0.413,none,suv,0.109,no,2,0.22,16.589
E,C,55.0,3.35,1,highway,80,0,0.793,vip_movement,bike,0.245,no,6,0.387,24.066
E,D,36.0,4.93,2,highway,40,0,0.491,vip_movement,suv,0.055,no,3,0.22,16.618
E,A,56.0,4.88,2,highway,80,2,0.019,procession,suv,0.906,no,5,0.317,26.995
B,D,49.0,1.49,1,urban,100,0,0.658,none,suv,0.22,no,1,0.455,23.314
D,E,18.0,4.54,3,highway,80,2,0.62,none,truck,0.135,no,8,0.319,16.292
B,C,44.0,4.82,1,rural,100,0,0.526,none,truck,0.822,no,6,0.413,20.064
D,A,56.0,4.99,1,highway,100,0,0.537,none,truck,0.606,yes,2,1.0,38.703
A,B,34.0,4.66,2,highway,40,1,0.676,none,suv,0.014,no,7,0.294,19.61
C,A,56.0,2.0,2,highway,100,0,0.293,vip_movement,sedan,0.608,no,10,0.481,26.614
B,D,32.0,4.25,2,highway,100,1,0.856,none,truck,0.037,no,9,0.363,18.702
E,C,37.0,4.56,2,highway,80,2,0.762,vip_movement,sedan,0.023,no,4,0.285,20.843
D,C,27.0,3.18,2,urban,60,2,0.211,none,sedan,0.362,no,9,0.33,20.272
D,C,48.0,2.45,1,highway,40,1,0.911,none,bike,0.778,no,0,0.501,25.459
D,C,34.0,3.86,2,urban,40,1,0.722,procession,suv,0.954,no,2,0.459,20.485
C,D,3.0,2.24,4,rural,100,2,0.744,vip_movement,bike,0.654,no,1,0.468,12.52
D,E,25.0,2.3,1,rural,60,0,0.945,vip_movement,truck,0.207,no,10,0.504,18.218
E,C,24.0,3.33,2,highway,40,2,0.255,none,bike,0.897,no,8,0.431,20.61
B,C,16.0,4.88,1,highway,40,0,0.777,vip_movement,truck,0.16,no,8,0.349,12.917
B,E,19.0,1.77,1,highway,100,1,0.294,vip_movement,bike,0.284,no,6,0.401,16.236
E,C,57.0,3.74,4,rural,40,0,0.204,none,bike,0.791,no,5,0.356,24.997
A,C,23.0,4.98,2,highway,60,0,0.323,none,truck,0.444,no,4,0.274,12.943
D,C,54.0,1.11,1,urban,40,0,0.885,procession,bike,0.11,no,4,0.599,29.484
D,A,29.0,3.79,4,rural,40,0,0.512,none,sedan,0.167,no,6,0.301,16.233
B,A,40.0,3.65,2,rural,40,2,0.829,none,truck,0.991,no,8,0.553,26.503
A,E,35.0,3.32,2,highway,100,0,0.077,none,suv,0.788,no,5,0.343,16.938
C,A,49.0,3.73,1,highway,100,0,0.133,procession,suv,0.142,no,5,0.212,19.663
D,E,10.0,1.62,2,rural,40,1,0.431,none,suv,0.545,no,4,0.482,15.71
D,C,46.0,4.68,2,urban,80,1,0.549,none,truck,0.933,yes,10,1.0,39.869
E,C,16.0,2.8,2,urban,100,0,0.945,procession,truck,0.873,no,1,0.517,12.451
B,C,20.0,1.92,2,highway,100,2,0.495,vip_movement,bike,0.612,no,3,0.459,18.291
C,D,41.0,1.11,1,urban,100,2,0.746,none,bike,0.34,no,3,0.608,28.001
B,A,54.0,2.15,2,highway,40,0,0.156,none,bike,0.845,no,5,0.436,25.885
A,D,19.0,4.15,1,urban,60,2,0.758,none,truck,0.023,no,3,0.283,15.833
B,D,56.0,3.55,2,highway,60,2,0.324,procession,bike,0.677,no,1,0.323,27.134
D,B,2.0,1.97,4,urban,100,2,0.991,vip_movement,bike,0.314,no,5,0.514,13.777
D,B,1.0,4.98,1,urban,80,0,0.914,procession,bike,0.597,no,7,0.453,8.231
E,C,4.0,3.06,3,rural,80,0,0.335,none,bike,0.323,no,9,0.352,9.157
C,E,56.0,1.65,2,urban,100,0,0.543,procession,bike,0.411,no,4,0.473,25.86
D,C,55.0,4.89,2,rural,80,1,0.839,procession,suv,0.115,no,7,0.343,25.349
B,D,34.0,2.7,2,rural,80,1,0.776,none,sedan,0.407,no,9,0.475,21.602
E,A,1.0,2.06,2,highway,40,0,0.54,none,bike,0.416,no,7,0.455,10.682
C,E,9.0,4.19,2,urban,60,2,0.824,procession,suv,0.656,no,5,0.441,14.806
C,B,46.0,2.23,2,urban,100,0,0.148,none,bike,0.998,no,1,0.419,20.932
D,A,2.0,4.04,2,rural,80,2,0.039,none,truck,0.606,no,7,0.298,11.22
E,B,33.0,1.99,1,urban,40,0,0.25,vip_movement,truck,0.12,no,9,0.366,19.874
C,E,1.0,1.34,3,highway,60,0,0.262,procession,bike,0.908,no,0,0.532,10.835
E,C,36.0,2.38,3,rural,40,1,0.575,none,bike,0.47,no,1,0.387,20.976
C,D,16.0,2.32,4,urban,60,0,0.567,procession,sedan,0.758,no,9,0.527,15.526
C,B,43.0,1.65,2,rural,60,0,0.065,procession,bike,0.929,no,0,0.442,21.858
B,D,59.0,3.52,4,highway,40,1,0.677,none,bike,0.176,no,9,0.374,28.661
A,C,39.0,4.2,4,rural,60,1,0.877,none,truck,0.124,no,0,0.296,19.347
D,C,29.0,2.1,3,rural,100,0,0.928,none,suv,0.108,no,4,0.438,16.756
D,C,36.0,3.87,3,highway,40,0,0.893,procession,bike,0.448,no,7,0.441,19.905
B,A,39.0,2.62,2,urban,80,1,0.158,procession,bike,0.378,no,3,0.29,20.102
C,D,33.0,3.69,2,urban,100,0,0.201,procession,sedan,0.064,no,4,0.201,14.57
D,B,7.0,1.45,1,rural,60,2,0.014,none,sedan,0.996,no,3,0.509,16.746
B,C,41.0,3.24,2,highway,80,2,0.928,none,truck,0.216,no,9,0.442,25.066
B,E,48.0,1.12,2,urban,60,2,0.323,none,bike,0.674,no,4,0.598,31.154
C,B,46.0,4.42,2,highway,40,1,0.488,vip_movement,truck,0.627,yes,0,1.0,38.93
C,E,6.0,3.98,2,urban,40,0,0.865,vip_movement,truck,0.688,yes,2,1.0,25.455
D,A,28.0,4.17,2,highway,60,1,0.039,vip_movement,truck,0.412,no,2,0.206,15.56
D,A,58.0,2.51,2,urban,60,2,0.441,none,truck,0.463,no,4,0.38,29.487
D,C,53.0,4.25,4,urban,60,0,0.168,procession,bike,0.581,no,10,0.344,24.018
D,E,48.0,4.8,3,urban,80,2,0.547,vip_movement,truck,0.757,no,4,0.384,25.083
A,E,59.0,4.67,4,highway,40,2,0.902,none,suv,0.451,no,0,0.356,28.335
C,E,14.0,2.16,2,urban,80,0,0.731,none,truck,0.601,no,6,0.511,13.828
B,A,29.0,2.67,2,rural,100,0,0.988,none,bike,0.096,no,3,0.397,15.643
C,D,59.0,3.98,3,rural,60,0,0.374,none,truck,0.749,no,2,0.345,24.309
C,E,7.0,1.87,3,highway,40,0,0.373,vip_movement,sedan,0.91,no,7,0.541,13.591
E,C,16.0,2.45,3,rural,100,0,0.74,procession,suv,0.289,no,2,0.389,11.637
A,C,56.0,3.4,4,rural,40,2,0.261,none,bike,0.3,no,3,0.26,27.472
E,B,13.0,3.67,4,highway,80,0,0.701,none,truck,0.411,no,4,0.371,10.773
C,B,48.0,3.98,4,rural,100,0,0.78,none,bike,0.09,no,7,0.344,21.003
A,D,20.0,2.74,2,highway,80,0,0.876,none,sedan,0.772,no,7,0.546,15.68
C,A,32.0,1.61,1,urban,80,1,0.806,none,suv,0.057,no,6,0.48,21.701
B,E,46.0,3.88,1,highway,80,2,0.449,procession,suv,0.57,no,10,0.407,26.159
D,A,48.0,1.76,2,highway,60,2,0.064,none,bike,0.82,no,10,0.505,29.794
A,D,21.0,1.46,3,urban,80,2,0.725,none,suv,0.872,no,3,0.624,21.563
A,B,56.0,2.04,4,urban,100,0,0.897,vip_movement,bike,0.536,no,1,0.493,24.882
C,A,6.0,4.81,2,highway,100,2,0.105,procession,bike,0.196,no,4,0.183,9.973
E,D,46.0,4.86,2,highway,40,0,0.299,procession,sedan,0.588,no,2,0.28,20.025
D,C,12.0,2.85,2,highway,100,0,0.77,none,sedan,0.269,no,4,0.388,10.539
C,E,56.0,4.37,3,rural,80,1,0.037,none,suv,0.431,no,9,0.275,25.492
C,D,51.0,3.09,1,rural,40,2,0.113,none,bike,0.442,no,4,0.28,26.521
E,D,24.0,4.2,1,rural,40,1,0.61,none,sedan,0.515,no,0,0.32,15.593
B,E,7.0,3.11,1,highway,60,0,0.923,none,bike,0.243,no,3,0.392,9.723
B,D,27.0,1.36,1,highway,60,1,0.845,none,bike,0.536,no,8,0.651,23.395
A,E,56.0,4.55,1,highway,80,2,0.139,none,bike,0.018,no,2,0.139,24.692
C,B,2.0,4.1,1,highway,80,0,0.759,none,truck,0.464,no,9,0.432,8.944
C,E,50.0,2.29,2,rural,40,0,0.458,vip_movement,sedan,0.807,no,10,0.528,26.465
D,E,7.0,1.01,3,rural,80,0,0.537,vip_movement,sedan,0.698,no,2,0.665,15.119
D,A,50.0,1.85,2,rural,40,0,0.627,none,truck,0.23,no,5,0.438,25.08
D,A,25.0,1.27,2,urban,40,0,0.818,vip_movement,truck,0.513,no,0,0.58,19.233
D,A,55.0,1.51,2,highway,100,0,0.409,none,suv,0.52,no,1,0.461,25.117
C,D,57.0,1.27,2,highway,40,0,0.546,none,bike,0.978,no,8,0.7,31.632
E,B,13.0,1.89,2,rural,80,2,0.404,none,truck,0.12,no,4,0.357,15.918
E,A,55.0,3.02,2,urban,60,0,0.197,vip_movement,suv,0.439,no,7,0.33,24.353
B,E,55.0,2.33,4,highway,100,2,0.317,vip_movement,suv,0.842,no,9,0.494,29.889
B,C,16.0,3.26,2,rural,60,2,0.116,none,bike,0.127,no,5,0.221,15.049
C,B,16.0,3.17,3,highway,60,0,0.057,none,suv,0.678,no,6,0.333,12.405
E,B,30.0,2.22,1,rural,60,0,0.539,procession,bike,0.592,no,5,0.457,18.323
E,A,18.0,4.84,2,rural,100,0,0.864,vip_movement,sedan,0.85,no,0,0.425,11.188
B,E,29.0,3.56,4,rural,100,0,0.645,none,suv,0.424,no,2,0.346,14.467
E,D,52.0,3.04,2,rural,100,1,0.094,procession,bike,0.948,no,1,0.35,23.445
E,C,32.0,4.28,2,urban,100,2,0.201,vip_movement,bike,0.541,no,7,0.312,19.787
C,E,36.0,4.71,2,urban,40,0,0.59,none,bike,0.621,yes,6,1.0,35.062
D,A,25.0,3.78,1,rural,40,0,0.162,vip_movement,bike,0.723,no,2,0.303,14.25
D,B,51.0,2.33,2,highway,60,0,0.555,vip_movement,sedan,0.81,no,6,0.504,25.185
E,C,29.0,4.95,1,urban,100,0,0.906,vip_movement,truck,0.614,no,8,0.465,16.456
A,C,23.0,2.02,3,urban,80,2,0.171,vip_movement,bike,0.769,no,3,0.416,19.134
C,A,21.0,1.75,1,urban,100,0,0.876,procession,sedan,0.566,no,10,0.617,17.839
C,A,30.0,1.07,1,rural,80,1,0.408,vip_movement,bike,0.982,no,5,0.702,24.7
D,A,30.0,4.59,2,highway,80,0,0.407,procession,suv,0.988,no,10,0.466,17.749
A,B,2.0,2.29,2,rural,100,0,0.807,none,bike,0.094,no,1,0.365,7.136
E,A,7.0,1.99,2,highway,100,0,0.137,none,sedan,0.467,yes,2,1.0,25.516
A,D,58.0,4.12,3,highway,40,2,0.158,none,truck,0.781,no,7,0.355,29.56
A,B,6.0,3.42,2,rural,100,1,0.724,vip_movement,sedan,0.695,no,10,0.501,12.766
D,A,31.0,2.44,4,rural,60,0,0.199,vip_movement,bike,0.847,no,0,0.373,16.577
A,D,23.0,3.59,4,urban,40,2,0.144,procession,truck,0.128,no,8,0.246,18.352
D,A,55.0,4.11,2,rural,100,0,0.596,none,truck,0.721,no,4,0.401,23.024
A,C,55.0,1.67,2,highway,100,0,0.168,vip_movement,bike,0.602,no,2,0.414,24.54
D,C,5.0,2.64,2,highway,60,1,0.37,none,sedan,0.353,no,3,0.326,10.749
D,C,52.0,4.85,2,highway,100,1,0.56,none,truck,0.769,no,5,0.398,24.113
A,B,7.0,4.57,4,rural,100,0,0.987,vip_movement,bike,0.653,no,5,0.466,9.352
E,B,46.0,3.34,4,rural,40,0,0.321,procession,bike,0.339,no,5,0.302,21.313
A,B,18.0,1.16,3,highway,40,0,0.021,procession,sedan,0.196,yes,1,1.0,31.912
E,D,34.0,2.58,2,urban,40,2,0.97,procession,suv,0.153,no,1,0.39,22.238
B,A,7.0,3.68,2,highway,80,0,0.823,none,sedan,0.333,no,9,0.43,10.556
D,A,36.0,3.75,2,highway,100,2,0.401,none,sedan,0.259,no,8,0.319,21.424
E,B,11.0,3.96,2,urban,40,0,0.447,none,bike,0.997,no,2,0.41,11.061
A,C,22.0,2.96,1,urban,100,2,0.416,none,bike,0.028,no,4,0.264,16.23
C,A,21.0,3.63,2,urban,80,0,0.364,vip_movement,bike,0.866,no,4,0.396,13.436
C,B,48.0,3.37,4,urban,60,2,0.043,none,suv,0.54,no,2,0.255,24.338
C,A,17.0,1.08,2,highway,80,1,0.777,none,sedan,0.091,no,1,0.553,18.444
C,E,42.0,2.68,3,urban,100,0,0.117,procession,sedan,0.131,no,3,0.229,17.855
D,B,18.0,1.65,1,rural,80,0,0.531,vip_movement,truck,0.283,no,8,0.486,15.889
E,C,28.0,2.95,3,highway,80,0,0.477,none,bike,0.79,no,10,0.489,17.986
A,E,51.0,1.61,2,rural,40,0,0.629,none,truck,0.461,no,9,0.556,27.762
B,C,52.0,1.7,1,urban,80,0,0.721,procession,sedan,0.484,no,0,0.476,24.3
C,B,14.0,1.56,2,highway,100,2,0.102,vip_movement,truck,0.493,no,0,0.375,15.648
B,E,14.0,4.41,1,urban,40,2,0.767,none,truck,0.94,no,6,0.492,17.455
A,D,30.0,4.26,3,highway,60,0,0.247,procession,sedan,0.586,no,2,0.281,14.879
C,A,6.0,3.13,2,rural,100,0,0.241,none,truck,0.852,no,6,0.406,9.163
E,D,54.0,3.33,2,rural,100,1,0.48,procession,sedan,0.402,no,4,0.337,24.37
C,E,17.0,2.14,4,urban,60,0,0.011,none,bike,0.954,no,10,0.48,15.738
C,E,33.0,4.33,3,urban,40,0,0.617,vip_movement,bike,0.108,yes,0,1.0,33.055
C,E,7.0,3.86,1,urban,80,1,0.482,none,bike,0.521,no,3,0.334,10.336
D,B,31.0,4.79,2,rural,100,0,0.657,none,bike,0.899,no,10,0.495,17.791
B,C,40.0,2.34,4,rural,60,0,0.074,none,bike,0.405,no,8,0.347,20.704
B,C,58.0,3.29,4,urban,60,0,0.212,none,sedan,0.062,yes,4,1.0,41.221
C,A,45.0,2.75,2,highway,60,1,0.776,none,sedan,0.838,no,8,0.548,25.902
D,C,59.0,4.77,2,rural,60,0,0.765,none,bike,0.426,no,5,0.372,24.969
E,D,42.0,1.58,2,highway,80,1,0.781,procession,suv,0.217,no,1,0.463,23.59
D,A,21.0,3.18,2,urban,60,1,0.055,none,bike,0.646,no,6,0.326,15.83
E,A,12.0,4.2,1,highway,100,0,0.553,none,suv,0.408,no,1,0.297,8.464
C,A,40.0,1.03,3,highway,40,0,0.046,none,bike,0.666,no,8,0.61,26.543
C,A,29.0,3.28,3,highway,80,2,0.727,vip_movement,sedan,0.551,no,10,0.477,21.999
D,B,45.0,1.1,1,urban,40,0,0.905,none,bike,0.143,no,7,0.644,27.896
B,A,49.0,4.67,1,highway,60,0,0.657,vip_movement,suv,0.358,no,9,0.379,22.856
C,D,54.0,4.36,3,highway,100,0,0.499,none,bike,0.935,no,0,0.378,21.632
D,C,12.0,4.61,2,urban,40,2,0.724,procession,suv,0.345,no,8,0.38,16.088
E,B,55.0,4.55,2,highway,80,0,0.88,none,sedan,0.811,no,5,0.476,24.358
A,D,58.0,4.11,2,urban,100,2,0.8,vip_movement,suv,0.186,no,1,0.305,26.362
A,E,18.0,2.84,1,highway,40,0,0.643,vip_movement,sedan,0.643,no,5,0.448,14.636
C,D,53.0,1.54,1,urban,60,0,0.267,none,sedan,0.254,no,10,0.464,27.288
E,D,55.0,3.14,1,urban,60,0,0.511,none,sedan,0.392,no,7,0.378,24.769
E,D,24.0,1.78,3,highway,80,0,0.151,procession,sedan,0.555,no,5,0.415,16.157
C,D,25.0,3.12,1,rural,100,1,0.541,vip_movement,sedan,0.792,no,4,0.435,16.753
E,B,44.0,1.75,1,rural,100,0,0.587,none,truck,0.164,no,10,0.48,23.361
B,C,56.0,1.91,1,urban,80,0,0.629,none,suv,0.428,no,2,0.441,25.221
E,C,4.0,2.35,1,highway,100,2,0.729,none,sedan,0.083,yes,3,1.0,28.426
B,C,45.0,4.89,3,urban,60,0,0.159,vip_movement,sedan,0.138,no,0,0.141,17.436
A,D,4.0,1.47,2,urban,40,1,0.381,vip_movement,bike,0.475,no,3,0.473,13.923
C,B,29.0,2.36,2,urban,40,0,0.617,procession,truck,0.941,no,7,0.551,19.732
E,C,27.0,2.91,2,urban,40,2,0.51,none,suv,0.237,no,0,0.287,18.685
C,E,2.0,1.24,4,highway,100,1,0.185,procession,sedan,0.305,no,4,0.46,12.522
D,C,25.0,2.44,3,rural,40,0,0.417,vip_movement,suv,0.592,no,5,0.416,16.704
C,D,55.0,2.57,2,highway,60,0,0.849,none,suv,0.334,no,0,0.392,23.863
B,D,11.0,4.27,2,rural,60,0,0.247,vip_movement,bike,0.119,no,10,0.267,10.641
E,D,37.0,2.36,2,rural,80,0,0.182,vip_movement,truck,0.475,no,8,0.381,19.631
E,C,10.0,1.88,2,urban,40,2,0.738,procession,bike,0.47,no,7,0.525,18.315
D,E,41.0,3.89,1,rural,60,2,0.306,none,suv,0.463,no,1,0.267,21.951
A,D,12.0,4.21,2,highway,100,1,0.402,vip_movement,bike,0.576,no,8,0.371,12.593
C,E,6.0,1.45,3,rural,80,0,0.929,none,truck,0.167,no,10,0.595,14.203
C,B,4.0,4.19,3,urban,60,0,0.04,procession,bike,0.673,no,3,0.268,7.173
C,D,55.0,4.31,2,highway,80,1,0.863,vip_movement,truck,0.466,no,0,0.359,24.247
A,B,18.0,3.44,3,urban,100,0,0.422,none,sedan,0.195,no,1,0.25,10.049
D,E,28.0,4.03,2,highway,100,0,0.873,procession,bike,0.24,no,6,0.382,15.161
B,E,51.0,3.14,3,highway,100,2,0.841,none,suv,0.853,no,7,0.536,28.154
B,A,58.0,1.47,2,highway,40,0,0.585,none,sedan,0.704,no,2,0.549,28.686
B,D,4.0,4.97,2,rural,60,2,0.612,none,bike,0.028,yes,4,1.0,28.507
A,C,48.0,1.55,1,highway,80,0,0.567,vip_movement,bike,0.188,no,8,0.489,25.109
B,A,23.0,2.81,2,highway,100,1,0.679,none,sedan,0.009,no,2,0.3,14.572
A,E,2.0,1.55,1,urban,60,2,0.811,procession,bike,0.159,no,8,0.532,16.233
A,D,33.0,3.78,1,urban,40,1,0.229,procession,bike,0.186,no,8,0.269,19.51
A,D,53.0,2.54,2,rural,80,0,0.297,none,truck,0.045,yes,1,1.0,39.065
B,A,11.0,3.87,1,urban,100,2,0.403,procession,sedan,0.618,no,9,0.398,14.869
E,B,1.0,1.56,2,urban,80,0,0.445,none,truck,0.156,no,6,0.437,10.075
E,B,20.0,2.32,4,highway,60,1,0.575,none,bike,0.66,no,8,0.499,18.246
D,E,51.0,3.5,2,rural,40,0,0.512,none,bike,0.759,no,10,0.469,25.418
B,D,1.0,3.94,2,rural,80,0,0.404,vip_movement,sedan,0.222,no,3,0.257,5.737
A,E,13.0,4.67,2,urban,100,0,0.982,none,sedan,0.907,no,8,0.543,12.506
D,B,56.0,4.0,1,urban,40,0,0.875,none,sedan,0.721,no,7,0.489,26.34
B,A,29.0,4.31,3,rural,40,0,0.837,none,bike,0.117,no,0,0.284,14.697
D,E,20.0,1.28,4,rural,100,0,0.682,procession,suv,0.644,no,10,0.678,19.195
A,C,27.0,4.33,2,highway,100,0,0.623,none,bike,0.27,no,8,0.351,14.866
A,B,37.0,5.0,3,highway,100,0,0.461,procession,sedan,0.321,no,7,0.307,17.066
D,C,4.0,2.65,2,urban,40,0,0.225,procession,suv,0.118,no,9,0.31,9.984
A,E,50.0,1.96,3,rural,80,0,0.87,vip_movement,suv,0.152,no,7,0.478,24.724
C,B,40.0,4.49,2,rural,80,1,0.338,none,truck,0.614,no,0,0.28,18.909
E,B,15.0,4.19,2,highway,60,0,0.069,none,truck,0.888,no,6,0.347,11.862
E,A,5.0,2.12,2,urban,100,1,0.41,none,bike,0.429,no,6,0.416,11.714
B,D,28.0,3.88,4,highway,40,0,0.636,none,bike,0.829,no,0,0.396,15.649
D,E,16.0,1.61,3,urban,100,0,0.72,vip_movement,bike,0.576,no,1,0.518,13.788
C,D,32.0,3.66,2,highway,60,0,0.771,procession,sedan,0.272,no,7,0.388,17.744
B,C,1.0,4.23,3,rural,80,0,0.748,procession,bike,0.166,yes,0,1.0,22.481
A,D,36.0,2.69,1,highway,80,0,0.856,procession,bike,0.886,no,8,0.577,21.033
B,E,1.0,4.41,3,urban,60,1,0.431,none,suv,0.325,no,2,0.262,7.953
A,E,25.0,1.17,3,highway,80,0,0.444,vip_movement,bike,0.29,no,2,0.509,18.257
C,A,45.0,1.9,2,rural,60,0,0.479,vip_movement,sedan,0.86,no,9,0.568,25.107
B,A,24.0,3.57,2,rural,80,0,0.868,vip_movement,sedan,0.793,no,10,0.544,17.046
A,D,8.0,3.19,1,highway,60,1,0.157,none,bike,0.495,no,7,0.326,12.127
C,D,30.0,4.6,2,rural,80,0,0.621,vip_movement,bike,0.122,no,2,0.256,14.043
C,D,19.0,3.78,1,rural,80,1,0.605,none,bike,0.765,no,8,0.46,16.222
D,E,37.0,2.35,2,rural,40,0,0.733,none,suv,0.756,no,4,0.508,21.108
A,E,52.0,4.06,2,rural,40,2,0.405,procession,bike,0.49,no,1,0.288,25.908
D,B,28.0,2.06,2,rural,40,2,0.643,vip_movement,truck,0.765,no,1,0.486,21.892
D,C,44.0,1.81,3,highway,40,1,0.754,procession,sedan,0.805,no,0,0.532,25.282
D,A,17.0,4.08,4,urban,60,0,0.605,procession,suv,0.294,no,3,0.308,11.506
E,B,2.0,4.5,2,highway,40,1,0.603,none,truck,0.77,yes,9,1.0,27.512
B,C,38.0,4.78,2,highway,100,1,0.485,procession,sedan,0.129,no,4,0.247,18.213
E,A,14.0,1.95,4,urban,40,0,0.489,vip_movement,suv,0.137,no,10,0.43,15.066
D,B,37.0,2.75,3,highway,40,0,0.06,vip_movement,suv,0.948,no,9,0.437,21.087
D,A,25.0,4.32,2,urban,40,0,0.471,none,sedan,0.496,yes,3,1.0,31.259
D,B,40.0,1.07,4,highway,60,0,0.647,procession,bike,0.627,no,4,0.669,25.662
D,C,15.0,3.25,2,rural,100,1,0.234,none,sedan,0.09,no,7,0.258,12.521
E,A,46.0,3.81,2,urban,60,0,0.6,none,suv,0.005,no,6,0.286,20.671
D,A,55.0,1.02,2,highway,40,0,0.437,none,sedan,0.524,no,2,0.606,29.885
B,E,19.0,3.17,2,urban,60,0,0.386,none,suv,0.849,no,9,0.463,15.209
B,C,46.0,3.01,4,rural,100,1,0.264,none,sedan,0.159,no,5,0.267,21.634
B,D,40.0,4.3,3,urban,60,0,0.338,none,truck,0.804,no,4,0.361,19.075
C,E,59.0,1.22,3,urban,80,0,0.808,vip_movement,suv,0.589,no,5,0.657,30.355
C,D,9.0,3.97,2,urban,60,1,0.432,none,suv,0.683,no,6,0.384,12.499
E,C,31.0,1.56,2,urban,80,2,0.46,none,bike,0.156,no,0,0.379,21.297
D,E,41.0,3.65,1,highway,80,0,0.524,none,bike,0.188,no,0,0.252,17.19
C,B,5.0,1.76,2,urban,80,1,0.921,none,truck,0.276,no,5,0.517,13.517
B,A,37.0,4.9,1,urban,60,1,0.575,procession,bike,0.463,no,7,0.359,20.614
E,C,19.0,3.84,1,urban,40,0,0.959,none,truck,0.237,no,6,0.403,14.238
B,A,45.0,1.44,3,highway,40,0,0.966,none,bike,0.264,yes,6,1.0,40.177
B,A,34.0,3.11,2,highway,40,2,0.764,procession,bike,0.512,no,8,0.464,24.048
C,A,22.0,1.84,3,highway,80,1,0.446,none,suv,0.563,no,2,0.439,17.101
D,E,41.0,2.65,3,urban,40,2,0.817,none,suv,0.356,no,10,0.486,27.048
E,B,58.0,2.83,2,rural,60,2,0.253,none,suv,0.509,no,0,0.294,27.606
A,D,10.0,1.67,2,urban,40,0,0.006,none,bike,0.027,no,7,0.316,12.55
D,B,22.0,2.52,3,rural,80,1,0.886,none,bike,0.47,no,1,0.44,16.177
A,C,58.0,3.94,2,rural,60,0,0.685,none,bike,0.92,no,3,0.453,25.296
E,B,30.0,4.54,2,rural,60,0,0.884,procession,truck,0.637,no,7,0.462,17.625
E,A,31.0,1.73,2,rural,80,0,0.313,none,sedan,0.45,no,7,0.454,19.138
D,B,18.0,3.22,1,rural,80,0,0.029,none,bike,0.735,no,9,0.367,13.422
C,E,15.0,4.62,1,highway,40,0,0.531,none,sedan,0.879,no,5,0.419,12.769
D,A,40.0,3.72,3,rural,80,0,0.558,vip_movement,truck,0.467,no,3,0.343,18.372
E,B,40.0,2.54,1,urban,80,2,0.756,procession,suv,0.945,no,7,0.568,26.047
E,B,2.0,2.48,2,highway,80,0,0.678,procession,suv,0.948,no,8,0.566,10.876
A,E,33.0,2.35,3,rural,60,0,0.159,none,bike,0.429,no,10,0.388,19.402
E,B,4.0,1.31,2,highway,80,0,0.065,procession,bike,0.329,no,5,0.434,11.35
A,B,30.0,3.53,2,urban,60,0,0.109,none,sedan,0.496,no,1,0.244,14.562
C,B,52.0,4.21,2,highway,60,0,0.583,none,suv,0.298,no,0,0.271,21.001
C,B,22.0,1.55,4,highway,80,0,0.906,none,sedan,0.098,no,1,0.469,15.727
E,B,14.0,4.15,2,urban,80,0,0.093,none,suv,0.395,no,7,0.264,10.445
D,A,55.0,3.77,2,rural,80,0,0.337,procession,suv,0.068,no,2,0.207,21.299
A,E,1.0,1.12,2,urban,80,0,0.421,procession,suv,0.577,no,4,0.595,12.503
A,E,47.0,4.29,3,rural,100,2,0.555,procession,truck,0.727,no,6,0.41,25.061
B,E,6.0,1.21,2,urban,60,0,0.356,none,truck,0.505,no,5,0.554,13.978
A,D,27.0,1.12,2,rural,80,0,0.917,none,sedan,0.218,no,6,0.645,21.234
D,A,57.0,4.66,2,highway,60,1,0.622,none,bike,0.896,no,0,0.389,25.566
A,D,24.0,2.36,2,rural,60,0,0.007,procession,truck,0.393,yes,8,1.0,32.415
D,E,32.0,3.9,3,urban,80,0,0.262,none,sedan,0.098,no,6,0.235,15.429
E,B,22.0,3.75,4,rural,40,0,0.824,none,suv,0.16,no,7,0.374,15.069
C,A,40.0,3.59,2,urban,80,1,0.474,none,truck,0.64,no,6,0.394,21.534
B,E,13.0,3.98,2,urban,60,0,0.81,vip_movement,truck,0.163,no,1,0.305,9.905
A,D,57.0,3.55,1,highway,60,1,0.49,none,truck,0.832,no,2,0.397,26.378
A,E,18.0,2.54,3,highway,80,0,0.379,vip_movement,bike,0.771,no,5,0.437,13.741
C,B,35.0,2.8,2,urban,40,1,0.391,vip_movement,sedan,0.857,no,6,0.452,22.007
B,A,29.0,2.98,2,urban,60,0,0.63,vip_movement,bike,0.942,no,9,0.538,19.06
B,D,10.0,4.94,3,urban,100,0,0.21,none,bike,0.372,no,6,0.257,8.286
B,A,52.0,2.52,4,highway,80,1,0.761,none,sedan,0.735,no,7,0.528,27.268
A,C,24.0,1.53,3,rural,100,1,0.612,none,bike,0.154,no,4,0.456,18.334
C,D,21.0,1.6,2,rural,80,0,0.09,vip_movement,sedan,0.057,no,1,0.29,13.531
B,A,42.0,2.32,1,urban,100,0,0.124,vip_movement,sedan,0.168,no,3,0.261,18.465
A,B,47.0,3.91,3,highway,80,0,0.321,vip_movement,suv,0.268,no,5,0.27,20.082
E,D,40.0,3.75,2,rural,60,0,0.721,none,sedan,0.141,no,5,0.329,19.125
D,C,35.0,2.8,2,rural,100,0,0.383,none,sedan,0.658,no,8,0.431,18.696
C,B,44.0,2.63,3,rural,80,1,0.862,vip_movement,sedan,0.477,no,1,0.43,22.598
B,C,16.0,2.56,2,highway,80,0,0.273,none,sedan,0.687,yes,3,1.0,28.355
D,A,20.0,3.3,3,urban,80,0,0.92,procession,sedan,0.35,no,0,0.375,12.262
B,E,10.0,1.92,2,urban,60,2,0.698,none,suv,0.132,no,6,0.435,16.655
C,B,57.0,2.63,2,highway,60,2,0.323,none,suv,0.312,no,0,0.279,27.297
D,E,57.0,2.84,2,highway,40,0,0.531,vip_movement,bike,0.584,no,0,0.364,24.505
E,A,56.0,4.28,2,highway,80,2,0.303,none,sedan,0.829,no,4,0.36,27.366
B,E,18.0,2.23,1,rural,100,2,0.171,none,bike,0.039,no,8,0.302,16.762
B,E,18.0,4.68,1,highway,40,1,0.952,procession,suv,0.773,yes,4,1.0,31.269
A,E,21.0,4.59,2,rural,40,2,0.39,none,truck,0.726,no,8,0.39,18.893
E,A,46.0,4.47,2,rural,100,0,0.964,none,truck,0.619,no,0,0.406,19.483
E,D,13.0,4.48,3,urban,80,0,0.81,none,truck,0.427,no,9,0.427,12.081
B,E,4.0,3.07,2,rural,60,0,0.014,vip_movement,truck,0.801,no,9,0.383,9.961
E,C,2.0,4.45,3,highway,40,2,0.236,none,truck,0.416,no,5,0.27,11.425
D,B,11.0,1.7,1,highway,40,1,0.073,none,bike,0.675,no,3,0.415,15.001
C,B,20.0,4.04,2,highway,40,0,0.471,none,bike,0.373,no,1,0.278,12.216
B,C,7.0,1.63,3,highway,80,0,0.968,none,sedan,0.117,no,5,0.513,12.295
A,B,57.0,4.42,2,urban,100,0,0.576,none,sedan,0.308,no,10,0.367,24.404
B,A,3.0,3.34,2,rural,60,1,0.112,vip_movement,sedan,0.876,no,1,0.327,9.37
E,C,40.0,3.11,2,highway,60,1,0.058,vip_movement,suv,0.828,no,8,0.386,22.562
C,A,11.0,3.89,1,rural,80,2,0.132,none,bike,0.071,no,0,0.143,11.018
D,B,9.0,1.74,1,urban,100,0,0.633,none,bike,0.511,no,6,0.519,12.46
C,B,50.0,4.14,4,rural,80,1,0.829,none,bike,0.454,no,0,0.353,22.738
A,B,29.0,2.82,2,highway,80,0,0.871,none,truck,0.316,no,3,0.409,16.17
C,D,4.0,2.24,1,rural,60,2,0.044,none,truck,0.322,no,10,0.352,14.455
E,C,40.0,4.02,1,highway,60,0,0.538,procession,suv,0.62,no,6,0.391,19.857
B,D,21.0,4.55,1,rural,100,1,0.365,none,bike,0.388,no,7,0.309,14.385
B,E,4.0,3.06,3,rural,40,0,0.776,none,sedan,0.046,no,8,0.375,10.183
B,D,10.0,1.03,2,highway,80,0,0.952,none,sedan,0.123,yes,0,1.0,28.836
C,D,6.0,4.1,1,urban,100,0,0.696,none,bike,0.09,no,1,0.265,6.365
E,C,44.0,2.32,2,urban,40,2,0.273,none,sedan,0.359,no,9,0.389,27.045
C,D,37.0,3.41,2,highway,40,1,0.791,none,suv,0.316,no,2,0.359,20.55
E,D,16.0,4.61,2,highway,80,2,0.285,vip_movement,truck,0.377,no,10,0.319,16.077
C,B,52.0,4.02,2,highway,40,1,0.991,none,sedan,0.138,no,10,0.426,27.101
D,A,6.0,2.16,3,highway,40,0,0.882,none,bike,0.282,no,6,0.478,12.093
C,D,13.0,3.93,2,highway,40,0,0.302,vip_movement,truck,0.982,no,1,0.369,11.06
B,A,24.0,2.28,2,highway,80,1,0.366,none,truck,0.006,no,7,0.32,16.996
E,B,46.0,3.96,2,urban,60,0,0.88,vip_movement,sedan,0.457,no,7,0.438,22.344
E,A,39.0,2.44,1,highway,40,0,0.598,none,truck,0.555,no,2,0.415,20.299
C,E,30.0,4.5,2,urban,60,1,0.482,none,truck,0.897,no,2,0.385,17.859
D,E,42.0,1.1,1,rural,100,2,0.729,none,bike,0.292,no,2,0.589,27.939
E,C,51.0,3.77,1,rural,80,0,0.334,procession,truck,0.885,no,2,0.37,21.726
D,C,2.0,4.89,2,urban,80,0,0.061,none,suv,0.293,no,9,0.243,6.848
B,A,6.0,4.48,1,urban,40,0,0.069,none,suv,0.985,no,1,0.31,8.218
A,D,52.0,1.19,3,rural,40,0,0.098,none,suv,0.502,yes,6,1.0,42.997
B,C,28.0,1.01,2,rural,40,0,0.239,none,sedan,0.624,no,4,0.609,22.255
B,A,55.0,4.27,2,urban,100,0,0.448,none,bike,0.439,no,3,0.301,21.782
D,B,34.0,2.17,2,highway,40,0,0.284,none,truck,0.764,no,7,0.464,20.549
E,B,11.0,4.38,3,rural,100,1,0.268,procession,bike,0.6,no,2,0.285,10.188
B,A,10.0,2.11,2,urban,60,0,0.013,vip_movement,bike,0.325,no,0,0.257,9.448
A,C,25.0,4.97,2,rural,40,0,0.769,procession,suv,0.704,no,0,0.375,14.255
E,A,24.0,4.86,1,rural,40,0,0.401,none,suv,0.978,no,1,0.368,14.111
B,D,1.0,3.32,3,urban,80,0,0.066,procession,sedan,0.409,no,7,0.286,7.061
B,C,23.0,3.99,2,rural,100,0,0.034,procession,truck,0.661,no,5,0.289,12.545
D,B,37.0,1.36,3,highway,40,2,0.525,vip_movement,truck,0.693,no,3,0.568,27.051
A,B,13.0,4.73,1,rural,80,1,0.659,none,truck,0.961,no,2,0.429,12.643
C,E,58.0,2.66,3,urban,80,0,0.139,vip_movement,truck,0.579,no,3,0.324,24.122
D,B,39.0,2.46,2,urban,60,0,0.3,none,sedan,0.783,no,1,0.389,19.316
E,A,33.0,3.81,3,rural,60,0,0.617,none,bike,0.283,no,4,0.325,16.763
A,E,53.0,2.13,2,highway,80,0,0.301,vip_movement,sedan,0.958,no,5,0.49,25.152
A,C,58.0,2.05,1,highway,100,0,0.206,none,bike,0.463,no,9,0.419,26.326
D,E,6.0,1.27,1,highway,100,2,0.846,none,suv,0.148,no,2,0.534,15.99
D,B,7.0,2.29,2,highway,100,2,0.19,none,bike,0.457,no,10,0.404,14.827
E,C,23.0,2.06,3,highway,60,0,0.329,vip_movement,truck,0.269,no,6,0.373,15.758
E,A,24.0,2.1,2,urban,100,2,0.185,none,bike,0.06,no,3,0.27,17.385
C,A,10.0,3.56,1,highway,60,0,0.706,none,sedan,0.209,no,2,0.315,9.456
C,D,33.0,4.86,1,urban,40,0,0.816,none,sedan,0.562,yes,2,1.0,33.328
B,D,39.0,3.19,2,urban,40,0,0.71,none,sedan,0.595,no,0,0.386,19.133
B,D,48.0,2.53,1,rural,100,0,0.797,none,sedan,0.364,no,0,0.391,20.784
B,A,7.0,2.04,2,rural,100,1,0.591,none,suv,0.336,yes,4,1.0,27.848
E,B,35.0,3.53,2,rural,60,2,0.169,none,sedan,0.242,yes,4,1.0,38.218
D,C,3.0,2.69,3,urban,40,0,0.001,vip_movement,bike,0.483,no,8,0.326,9.619
E,B,7.0,3.4,2,rural,40,0,0.284,none,bike,0.493,no,0,0.273,8.302
B,C,19.0,2.61,2,highway,80,0,0.717,procession,bike,0.028,no,1,0.312,11.942
E,D,37.0,4.93,3,rural,80,1,0.275,none,bike,0.522,no,6,0.301,19.319
B,E,45.0,2.71,3,highway,60,2,0.817,procession,truck,0.993,no,2,0.529,26.537
A,B,8.0,2.74,3,rural,60,0,0.358,procession,sedan,0.153,no,7,0.318,10.304
A,B,28.0,2.72,2,urban,80,0,0.9,vip_movement,truck,0.121,no,3,0.381,15.649
D,A,8.0,4.55,4,highway,80,0,0.759,none,bike,0.378,no,2,0.335,8.248
E,B,58.0,3.97,2,urban,40,1,0.276,vip_movement,truck,0.264,no,4,0.249,25.949
E,A,37.0,3.02,2,rural,100,0,0.58,none,bike,0.903,no,4,0.469,18.744
C,B,50.0,3.11,2,rural,80,0,0.486,none,sedan,0.308,no,7,0.357,22.578
D,B,17.0,4.35,1,urban,100,0,0.561,none,sedan,0.206,no,7,0.315,11.302
A,D,48.0,1.46,2,highway,40,2,0.546,procession,suv,0.411,no,6,0.525,30.263
D,E,16.0,1.79,2,urban,80,0,0.593,vip_movement,truck,0.484,no,7,0.509,15.084
B,D,25.0,4.74,2,highway,60,1,0.561,none,bike,0.114,no,10,0.319,17.249
A,B,9.0,4.45,2,highway,80,0,0.934,none,truck,0.335,no,8,0.424,10.661
B,A,37.0,4.01,3,highway,80,0,0.556,vip_movement,truck,0.145,no,10,0.34,18.748
D,C,19.0,2.77,3,highway,80,2,0.175,none,suv,0.303,no,3,0.27,15.803
C,E,40.0,4.21,4,highway,40,0,0.97,vip_movement,sedan,0.647,no,10,0.519,22.374
E,B,52.0,2.05,4,highway,80,0,0.51,none,suv,0.361,no,0,0.369,22.733
B,C,36.0,2.7,2,highway,80,0,0.755,none,suv,0.509,no,5,0.451,19.159
A,E,5.0,1.96,2,rural,60,0,0.684,none,sedan,0.979,no,6,0.596,12.706
E,A,5.0,2.27,2,highway,60,0,0.458,vip_movement,truck,0.982,no,1,0.474,10.146
B,A,9.0,2.85,4,highway,60,0,0.725,none,suv,0.219,no,7,0.399,11.343
D,A,33.0,1.81,1,rural,80,1,0.423,none,bike,0.762,no,2,0.478,20.844
C,D,37.0,1.89,2,rural,100,0,0.591,vip_movement,bike,0.546,no,8,0.519,21.03
B,C,38.0,2.33,3,urban,40,0,0.231,none,suv,0.681,no,9,0.444,21.782
A,B,57.0,4.56,2,rural,80,1,0.914,none,suv,0.329,no,10,0.436,27.56
C,B,45.0,3.15,2,highway,60,2,0.053,procession,sedan,0.016,no,3,0.171,22.898
B,A,10.0,4.15,1,highway,100,1,0.38,none,bike,0.183,no,6,0.269,10.596
B,E,55.0,4.32,2,urban,40,0,0.221,none,sedan,0.888,yes,2,1.0,40.058
B,E,33.0,4.31,2,highway,40,0,0.799,vip_movement,suv,0.878,no,6,0.488,19.144
E,D,50.0,1.96,2,urban,80,1,0.547,none,suv,0.663,no,2,0.466,25.602
A,D,58.0,4.38,2,urban,40,0,0.221,procession,bike,0.779,no,6,0.351,25.256
A,B,45.0,2.28,2,highway,100,0,0.953,vip_movement,truck,0.204,no,4,0.447,21.462
B,D,34.0,1.43,2,urban,40,2,0.655,none,suv,0.651,no,10,0.64,28.095
E,C,49.0,4.49,1,highway,80,0,0.948,none,truck,0.929,no,3,0.494,22.358
D,A,14.0,2.37,3,urban,60,1,0.887,procession,suv,0.009,no,9,0.438,15.984
C,E,12.0,2.92,1,urban,80,0,0.953,none,suv,0.786,no,8,0.565,13.561
B,C,34.0,4.5,2,highway,60,0,0.04,none,truck,0.556,yes,4,1.0,33.61
E,D,33.0,3.88,3,highway,100,2,0.673,none,truck,0.308,no,9,0.389,21.382
A,E,42.0,1.1,2,urban,80,0,0.343,procession,suv,0.587,no,4,0.59,24.852
B,D,1.0,4.39,1,highway,100,0,0.108,procession,suv,0.637,no,7,0.31,6.441
E,D,34.0,1.93,2,urban,80,2,0.442,none,suv,0.548,no,5,0.455,23.342
A,E,24.0,1.13,3,highway,60,2,0.643,none,suv,0.975,no,4,0.717,25.091
C,D,35.0,2.72,2,rural,100,0,0.149,none,truck,0.504,no,4,0.317,16.812
E,C,41.0,4.95,2,urban,40,0,0.787,none,suv,0.196,no,2,0.297,18.685
B,C,39.0,4.56,1,highway,80,0,0.221,none,bike,0.579,no,3,0.278,17.175
A,D,29.0,1.75,3,rural,40,1,0.08,procession,suv,0.028,no,3,0.28,18.961
B,C,54.0,4.58,2,rural,80,2,0.41,vip_movement,truck,0.651,no,5,0.35,26.79
D,A,58.0,2.01,2,rural,80,0,0.696,none,sedan,0.315,no,8,0.481,27.304
A,E,30.0,3.34,1,urban,60,2,0.908,none,sedan,0.663,no,0,0.434,20.333
A,D,35.0,4.4,2,urban,100,2,0.919,none,sedan,0.156,no,10,0.406,22.195
B,D,44.0,1.64,2,rural,100,1,0.41,none,truck,0.56,no,0,0.438,23.134
A,B,56.0,3.26,4,urban,40,2,0.84,procession,suv,0.01,no,8,0.373,29.664
E,A,54.0,3.83,4,highway,60,1,0.102,none,sedan,0.379,no,8,0.281,25.415
E,A,52.0,3.9,1,highway,60,0,0.516,procession,sedan,0.556,no,2,0.337,22.149
D,B,13.0,2.43,2,urban,40,0,0.284,none,truck,0.04,no,1,0.239,10.555
B,C,18.0,2.02,1,urban,80,1,0.724,procession,bike,0.021,no,6,0.407,16.146
D,B,12.0,2.2,1,highway,60,2,0.877,none,truck,0.386,no,5,0.484,17.209
D,C,31.0,4.83,2,highway,80,1,0.894,vip_movement,truck,0.395,no,10,0.441,19.74
B,E,39.0,1.74,2,urban,100,0,0.497,vip_movement,bike,0.399,no,1,0.419,19.472
D,A,21.0,2.97,1,rural,40,1,0.074,none,suv,0.23,no,2,0.216,14.544
C,B,43.0,2.95,3,rural,100,2,0.956,vip_movement,suv,0.833,no,10,0.593,27.03
D,A,59.0,4.38,3,rural,100,1,0.83,vip_movement,truck,0.665,yes,1,1.0,41.541
C,E,2.0,1.37,2,rural,40,2,0.45,vip_movement,bike,0.148,no,7,0.482,16.468
E,C,32.0,3.59,2,urban,80,0,0.745,procession,bike,0.306,no,9,0.411,17.906
B,C,17.0,2.25,2,highway,60,1,0.561,vip_movement,truck,0.084,no,10,0.407,16.898
D,A,28.0,2.53,2,urban,40,1,0.238,none,sedan,0.42,no,3,0.32,18.171
D,E,31.0,4.31,4,urban,60,1,0.777,vip_movement,suv,0.836,no,1,0.425,18.415
C,D,21.0,4.54,3,rural,80,2,0.321,none,bike,0.662,no,4,0.325,16.446
E,A,8.0,2.35,3,urban,100,0,0.482,procession,suv,0.525,no,2,0.392,9.352
C,E,26.0,2.57,2,urban,100,2,0.613,vip_movement,sedan,0.5,no,1,0.388,18.331
B,A,44.0,2.07,2,highway,60,0,0.567,none,sedan,0.143,no,7,0.405,22.561
B,D,36.0,1.18,1,rural,60,2,0.148,vip_movement,bike,0.828,no,6,0.595,27.688
A,B,58.0,2.02,2,highway,40,0,0.84,procession,sedan,0.047,no,7,0.445,27.73
D,B,12.0,4.05,2,highway,40,1,0.446,vip_movement,bike,0.086,no,2,0.225,11.487
D,B,28.0,4.17,2,highway,80,0,0.708,none,truck,0.514,no,1,0.35,14.302
B,D,4.0,1.12,2,highway,60,0,0.566,none,truck,0.797,no,9,0.721,16.195
D,C,44.0,2.98,2,highway,60,2,0.562,none,suv,0.119,no,5,0.321,24.585
C,D,55.0,2.7,1,highway,100,0,0.756,none,sedan,0.285,no,6,0.416,24.213
C,D,54.0,1.78,2,urban,60,0,0.231,none,sedan,0.608,no,1,0.402,24.72
A,C,34.0,2.8,2,urban,40,0,0.85,procession,truck,0.841,no,5,0.531,20.299
C,A,11.0,2.79,3,urban,60,0,0.315,none,bike,0.251,no,8,0.337,11.563
B,D,57.0,1.76,3,highway,80,0,0.994,vip_movement,sedan,0.103,no,8,0.527,27.813
C,E,17.0,4.52,3,urban,60,0,0.195,none,suv,0.696,no,7,0.337,12.475
A,B,44.0,1.18,2,highway,60,0,0.139,none,bike,0.849,no,8,0.617,26.712
D,E,50.0,1.64,1,highway,40,1,0.162,vip_movement,bike,0.598,no,7,0.466,28.099
C,E,44.0,2.77,2,highway,100,0,0.885,none,truck,0.747,no,7,0.54,22.306
E,A,27.0,3.59,1,highway,100,2,0.961,vip_movement,sedan,0.725,no,4,0.489,19.681
B,E,15.0,4.32,3,rural,40,1,0.449,none,bike,0.088,no,5,0.25,13.155
D,E,3.0,4.43,2,urban,40,0,0.819,none,suv,0.548,no,7,0.434,9.766
D,C,10.0,1.97,2,urban,60,2,0.192,none,truck,0.591,no,9,0.449,17.328
C,E,23.0,1.44,2,rural,80,0,0.541,none,truck,0.009,no,8,0.467,17.633
B,E,32.0,1.44,3,highway,80,0,0.77,none,bike,0.593,no,0,0.55,19.578
E,A,9.0,1.31,3,highway,60,1,0.089,none,sedan,0.88,no,10,0.6,18.017
B,D,8.0,4.79,1,highway,80,2,0.361,none,sedan,0.377,no,0,0.231,10.755
C,A,27.0,1.57,1,rural,100,0,0.826,vip_movement,sedan,0.179,no,3,0.485,17.228
D,A,17.0,3.35,2,urban,60,1,0.623,none,suv,0.349,no,8,0.394,15.632
A,B,13.0,4.15,3,rural,60,2,0.825,none,bike,0.627,no,3,0.417,15.373
D,A,12.0,1.34,2,highway,60,0,0.363,procession,sedan,0.917,no,0,0.554,14.37
B,E,15.0,1.5,4,rural,40,0,0.264,vip_movement,sedan,0.01,no,8,0.402,15.463
C,B,20.0,4.97,3,urban,80,0,0.752,none,sedan,0.926,no,4,0.456,13.368
A,B,23.0,4.72,2,highway,80,0,0.813,none,sedan,0.094,no,7,0.336,13.72
A,B,50.0,3.25,2,rural,60,1,0.533,none,truck,0.772,no,6,0.444,25.678
A,D,8.0,4.69,1,highway,40,2,0.495,vip_movement,sedan,0.36,no,10,0.356,15.03
E,A,43.0,2.52,2,rural,40,0,0.261,procession,sedan,0.704,no,9,0.442,23.103
B,D,50.0,1.62,2,highway,100,0,0.227,none,truck,0.74,no,3,0.47,23.879
E,D,53.0,1.35,2,highway,100,0,0.378,none,sedan,0.776,no,10,0.628,28.384
B,E,53.0,3.8,3,highway,80,0,0.043,none,sedan,0.741,no,0,0.262,20.84
E,B,29.0,1.11,4,urban,60,0,0.748,none,suv,0.082,no,6,0.587,21.789
E,A,9.0,4.3,2,urban,80,0,0.05,none,bike,0.367,no,5,0.227,8.129
A,D,11.0,3.26,2,highway,100,0,0.35,none,sedan,0.007,no,9,0.284,9.979
C,E,5.0,4.47,3,highway,40,0,0.01,none,sedan,0.988,no,1,0.299,7.809
B,A,40.0,4.67,2,rural,100,1,0.78,none,truck,0.495,no,1,0.351,19.277
C,D,16.0,1.02,2,rural,40,1,0.469,none,suv,0.106,no,10,0.609,21.805
D,E,38.0,4.04,2,urban,80,1,0.161,none,suv,0.622,yes,8,1.0,37.239
A,C,23.0,3.7,2,rural,80,0,0.031,procession,suv,0.824,no,9,0.369,14.744
B,C,8.0,4.63,2,highway,100,0,0.912,none,truck,0.138,no,1,0.306,7.245
D,B,20.0,3.11,2,urban,80,2,0.507,vip_movement,bike,0.794,no,7,0.459,18.596
B,A,42.0,3.93,2,rural,100,0,0.166,procession,sedan,0.396,no,10,0.314,19.516
A,B,38.0,4.82,4,urban,100,0,0.547,none,sedan,0.156,no,5,0.274,16.675
A,D,29.0,1.88,1,urban,60,2,0.179,none,sedan,0.626,no,1,0.384,20.894
A,D,13.0,4.16,4,urban,60,1,0.319,procession,bike,0.557,no,7,0.342,13.419
D,E,17.0,1.6,3,rural,40,0,0.476,procession,sedan,0.689,no,0,0.483,15.062
D,E,26.0,1.01,1,highway,80,0,0.652,none,suv,0.118,no,7,0.62,21.359
A,C,21.0,4.51,2,rural,60,0,0.501,vip_movement,truck,0.006,no,0,0.19,10.812
A,B,21.0,1.17,1,rural,80,2,0.994,procession,sedan,0.168,no,4,0.613,22.488
C,B,24.0,1.78,4,rural,40,0,0.324,none,suv,0.536,no,1,0.407,16.283
D,A,22.0,1.47,3,urban,80,1,0.016,none,suv,0.783,no,6,0.493,19.138
D,B,10.0,4.89,2,urban,60,1,0.005,none,truck,0.196,no,4,0.162,9.944
C,D,44.0,2.69,2,urban,80,2,0.507,none,suv,0.113,no,3,0.303,23.691
B,C,42.0,4.38,4,rural,60,1,0.766,none,suv,0.541,no,3,0.383,21.667
A,B,54.0,2.42,2,highway,40,0,0.208,none,sedan,0.809,no,9,0.458,26.647
E,C,49.0,1.55,1,urban,60,1,0.733,none,bike,0.931,no,2,0.611,27.937
C,D,51.0,3.09,3,urban,80,2,0.811,procession,truck,0.364,no,4,0.404,26.758
B,C,25.0,2.65,2,urban,60,0,0.97,vip_movement,suv,0.272,no,6,0.459,16.683
C,B,18.0,3.75,1,highway,40,1,0.041,none,truck,0.906,no,8,0.376,16.096
B,E,38.0,4.59,2,highway,100,1,0.616,vip_movement,suv,0.265,no,5,0.313,19.121
C,D,30.0,4.93,1,urban,80,1,0.023,none,bike,0.423,no,3,0.2,15.616
B,A,53.0,4.35,3,highway,40,0,0.646,procession,bike,0.172,no,4,0.296,22.808
A,B,11.0,4.26,3,rural,80,0,0.807,none,bike,0.14,no,2,0.303,8.908
C,E,49.0,3.5,3,rural,80,0,0.385,none,bike,0.917,no,0,0.375,20.876
A,B,58.0,2.58,2,rural,40,0,0.604,none,sedan,0.234,no,6,0.383,26.364
A,C,55.0,2.21,2,urban,60,2,0.984,procession,suv,0.698,no,7,0.587,31.528
A,B,54.0,3.0,2,rural,80,0,0.782,none,truck,0.096,no,8,0.389,24.359
D,E,11.0,3.5,1,rural,100,0,0.15,vip_movement,bike,0.779,no,1,0.31,8.527
A,D,57.0,4.87,2,urban,100,1,0.313,none,sedan,0.032,yes,1,0.961,40.44
A,D,2.0,1.22,1,urban,40,1,0.939,none,suv,0.778,no,5,0.722,16.932
D,E,43.0,3.46,4,rural,60,0,0.415,procession,bike,0.739,no,1,0.356,19.607
E,D,55.0,3.98,2,highway,100,0,0.077,none,sedan,0.582,no,4,0.272,21.781
A,E,3.0,4.21,2,highway,40,2,0.348,procession,truck,0.767,no,9,0.408,13.968
A,B,7.0,2.98,2,urban,80,0,0.039,procession,sedan,0.761,no,1,0.304,8.021
C,D,17.0,4.85,4,rural,60,1,0.319,vip_movement,sedan,0.632,no,0,0.273,12.356
A,E,13.0,4.75,1,rural,100,1,0.688,vip_movement,suv,0.846,no,0,0.391,11.365
D,B,7.0,1.55,3,urban,60,2,0.522,none,bike,0.438,no,8,0.531,17.74
D,A,6.0,4.65,4,highway,60,0,0.225,procession,bike,0.208,no,0,0.173,6.1
B,A,37.0,4.8,2,highway,80,2,0.207,vip_movement,sedan,0.781,no,4,0.321,21.149
C,D,59.0,2.27,2,rural,80,0,0.716,none,truck,0.175,no,4,0.395,25.654
D,C,34.0,4.75,3,urban,100,0,0.97,procession,bike,0.028,no,1,0.294,14.891
B,A,5.0,2.94,2,highway,100,0,0.212,none,sedan,0.514,no,10,0.381,9.512
B,A,11.0,2.98,2,rural,100,2,0.681,none,bike,0.743,no,10,0.519,16.669
A,E,29.0,2.73,2,urban,60,0,0.392,procession,sedan,0.395,no,6,0.364,16.869
C,B,18.0,3.45,2,rural,40,2,0.928,vip_movement,bike,0.949,no,3,0.521,18.657
E,B,52.0,4.05,3,rural,80,2,0.552,none,sedan,0.664,no,4,0.382,26.456
E,D,20.0,2.41,1,urban,60,0,0.64,vip_movement,suv,0.033,no,8,0.38,14.977
B,D,17.0,3.82,3,highway,100,0,0.312,none,suv,0.613,yes,0,1.0,26.909
A,B,26.0,2.43,2,urban,80,1,0.839,vip_movement,suv,0.279,no,6,0.448,18.532
A,E,3.0,2.81,2,urban,40,1,0.816,procession,bike,0.564,no,1,0.428,11.164
E,B,53.0,1.65,4,rural,40,0,0.295,none,bike,0.671,no,0,0.436,25.291
D,B,53.0,2.95,1,urban,60,0,0.161,vip_movement,sedan,0.146,no,3,0.227,21.965
B,C,8.0,1.18,1,urban,80,0,0.025,none,sedan,0.744,yes,1,1.0,27.821
B,C,21.0,3.71,4,rural,100,0,0.0,vip_movement,sedan,0.098,no,1,0.137,9.72
C,D,48.0,4.94,3,highway,60,1,0.434,vip_movement,bike,0.548,no,1,0.287,21.986
B,D,26.0,4.42,2,urban,100,1,0.333,none,sedan,0.313,no,2,0.24,14.23
E,D,16.0,1.66,1,highway,100,0,0.556,none,suv,0.081,no,0,0.368,11.991
D,C,57.0,1.83,2,highway,80,0,0.05,none,truck,0.264,no,8,0.361,26.045
C,B,19.0,2.92,3,rural,40,1,0.264,procession,truck,0.073,no,2,0.225,14.061
C,B,46.0,1.53,2,urban,40,0,0.61,none,suv,0.377,no,0,0.459,23.653
B,D,19.0,1.59,1,rural,80,0,0.241,none,suv,0.342,no,1,0.378,13.817
C,A,1.0,2.19,2,urban,40,2,0.251,procession,sedan,0.852,no,1,0.413,12.912
A,C,45.0,3.63,4,rural,100,1,0.161,procession,sedan,0.119,no,5,0.216,20.54
C,E,35.0,4.5,2,highway,60,0,0.856,none,truck,0.448,no,10,0.45,19.606
A,E,7.0,3.65,3,urban,80,1,0.845,vip_movement,truck,0.771,no,0,0.433,10.8
B,C,3.0,4.95,4,rural,40,0,0.79,procession,suv,0.866,no,1,0.422,8.331
E,B,59.0,2.32,4,urban,80,1,0.003,none,suv,0.222,no,7,0.287,27.129
C,B,2.0,2.67,3,highway,40,1,0.158,procession,truck,0.391,no,9,0.35,11.775
A,D,16.0,3.07,2,rural,60,0,0.534,procession,truck,0.606,no,0,0.358,11.514
C,A,27.0,3.38,2,rural,60,0,0.395,none,truck,0.796,no,8,0.437,17.043
C,B,59.0,4.1,1,rural,80,0,0.308,none,bike,0.144,no,1,0.198,22.1
D,E,50.0,4.96,2,highway,80,0,0.845,procession,suv,0.108,no,5,0.321,21.219
A,C,57.0,2.02,2,highway,100,0,0.586,procession,bike,0.292,yes,3,1.0,40.673
B,C,38.0,1.9,2,urban,60,2,0.848,none,suv,0.98,no,6,0.637,27.101
B,C,23.0,4.5,2,highway,40,0,0.734,vip_movement,truck,0.74,no,8,0.464,16.25
C,A,30.0,2.0,1,rural,80,2,0.028,none,sedan,0.31,no,4,0.308,20.385
E,C,7.0,2.58,3,rural,80,0,0.329,none,suv,0.035,no,6,0.288,9.115
C,B,26.0,3.73,2,rural,80,1,0.075,none,suv,0.522,no,1,0.236,14.704
E,D,23.0,4.17,2,urban,40,0,0.903,none,suv,0.481,no,5,0.423,15.325
D,A,49.0,1.4,1,highway,80,0,0.281,none,bike,0.839,no,5,0.56,25.875
A,C,36.0,1.96,2,highway,60,0,0.691,none,bike,0.06,no,9,0.444,21.093
A,E,58.0,3.55,1,rural,60,0,0.799,none,bike,0.826,no,2,0.458,25.284
A,E,28.0,3.74,3,highway,100,0,0.076,none,truck,0.677,no,5,0.308,14.312
B,C,52.0,4.66,3,urban,40,1,0.998,none,sedan,0.627,no,8,0.491,27.179
D,A,46.0,3.62,3,rural,100,1,0.485,none,sedan,0.909,no,5,0.439,23.076
B,C,59.0,2.24,2,rural,100,0,0.879,procession,sedan,0.536,no,9,0.551,27.741
C,E,53.0,3.26,2,urban,100,0,0.046,procession,truck,0.794,no,4,0.331,22.044
A,C,27.0,1.43,2,rural,60,1,0.416,none,truck,0.883,no,7,0.609,22.573
A,C,4.0,3.9,4,urban,80,0,0.708,vip_movement,suv,0.256,no,3,0.325,7.332
D,C,31.0,3.11,2,highway,60,1,0.748,procession,sedan,0.308,no,8,0.42,20.207
A,B,12.0,4.22,4,highway,60,2,0.111,none,suv,0.76,no,7,0.339,15.073
C,A,1.0,3.01,1,urban,60,0,0.135,procession,bike,0.621,no,7,0.354,8.405
C,B,29.0,3.21,3,rural,100,0,0.595,vip_movement,bike,0.124,no,3,0.298,14.339
E,B,25.0,2.09,4,urban,40,1,0.788,procession,bike,0.442,yes,8,1.0,35.494
E,B,48.0,1.95,2,highway,80,0,0.821,none,truck,0.308,no,10,0.531,25.274
A,E,12.0,4.88,2,rural,80,2,0.098,procession,suv,0.552,no,6,0.272,13.546
D,C,29.0,2.82,2,rural,40,2,0.181,none,sedan,0.773,no,10,0.433,22.797
C,D,59.0,2.05,1,urban,60,0,0.263,procession,bike,0.236,no,10,0.395,27.59
C,E,44.0,4.8,2,highway,40,0,0.129,procession,sedan,0.662,no,1,0.251,18.955
B,A,2.0,2.81,4,urban,40,0,0.401,none,truck,0.827,no,2,0.408,8.86
D,C,18.0,1.47,2,rural,60,0,0.572,none,sedan,0.241,no,1,0.444,14.932
D,E,33.0,2.27,2,rural,60,2,0.653,none,truck,0.055,no,5,0.368,22.281
B,E,13.0,1.76,3,rural,100,2,0.879,none,suv,0.259,no,3,0.484,16.677
B,C,13.0,3.13,1,urban,80,2,0.505,vip_movement,sedan,0.906,no,10,0.51,17.597
C,D,41.0,3.22,2,rural,60,2,0.502,procession,bike,0.393,no,10,0.403,25.386
D,C,38.0,2.76,3,rural,80,0,0.693,none,sedan,0.481,no,0,0.38,18.011
B,D,58.0,1.45,3,highway,80,0,0.935,none,truck,0.516,no,2,0.585,28.092
D,B,8.0,4.85,2,rural,80,1,0.365,none,suv,0.47,no,8,0.329,11.325
D,B,10.0,1.02,2,rural,40,0,0.52,none,truck,0.246,yes,1,1.0,30.098
C,A,18.0,3.85,2,rural,60,0,0.32,none,bike,0.333,no,3,0.264,11.442
D,A,31.0,4.33,4,highway,100,0,0.54,procession,sedan,0.808,no,5,0.412,16.075
C,D,18.0,2.78,3,urban,40,0,0.035,none,suv,0.211,no,8,0.273,13.534
B,C,41.0,2.44,2,urban,80,0,0.36,none,sedan,0.345,no,8,0.385,20.797
B,E,17.0,3.67,1,rural,100,0,0.833,none,suv,0.283,no,7,0.402,12.387
C,D,5.0,1.95,2,highway,60,2,0.931,none,suv,0.129,no,3,0.447,14.634
E,B,34.0,1.27,3,urban,80,2,0.318,none,bike,0.6,no,4,0.54,25.349
B,D,37.0,1.29,1,rural,100,1,0.445,none,truck,0.877,no,2,0.594,23.817
B,A,24.0,1.82,2,urban,60,1,0.959,none,bike,0.124,no,4,0.476,19.007
D,C,17.0,3.96,2,rural,100,2,0.935,none,truck,0.726,no,4,0.473,16.394
A,C,7.0,1.05,2,highway,100,0,0.959,procession,bike,0.74,no,0,0.72,14.56
B,A,20.0,1.82,2,highway,100,1,0.005,none,suv,0.461,yes,1,1.0,31.451
C,B,7.0,1.43,3,urban,100,0,0.23,none,suv,0.785,no,3,0.512,11.818
C,A,33.0,4.75,1,rural,40,0,0.488,none,truck,0.893,no,1,0.37,16.857
E,D,56.0,3.05,3,highway,80,1,0.657,none,truck,0.764,no,10,0.515,28.593
A,B,12.0,2.56,2,rural,100,1,0.515,none,sedan,0.697,no,10,0.499,15.043
B,A,3.0,1.47,2,urban,60,2,0.453,procession,bike,0.493,no,1,0.471,14.716
D,B,56.0,2.05,3,rural,80,0,0.842,none,sedan,0.634,no,10,0.59,28.145
E,D,14.0,2.71,2,rural,60,1,0.688,procession,sedan,0.773,no,1,0.45,14.244
A,C,38.0,2.69,3,highway,60,2,0.939,procession,truck,0.079,no,3,0.382,23.178
A,D,40.0,4.91,1,highway,60,0,0.844,vip_movement,sedan,0.024,no,3,0.285,17.968
E,A,16.0,2.63,2,urban,80,0,0.591,none,suv,0.929,no,5,0.506,13.756
B,D,14.0,2.21,2,urban,80,0,0.192,vip_movement,sedan,0.372,no,2,0.314,10.996
B,E,32.0,4.16,2,urban,100,2,0.997,none,suv,0.476,no,5,0.441,20.709
C,A,22.0,4.91,3,rural,80,1,0.149,vip_movement,suv,0.45,no,5,0.251,14.131
C,E,11.0,4.63,2,rural,80,0,0.757,vip_movement,sedan,0.853,yes,1,1.0,25.58
E,C,42.0,1.35,1,rural,60,2,0.867,none,truck,0.417,no,2,0.572,27.916
D,A,20.0,4.44,3,highway,40,2,0.405,vip_movement,sedan,0.026,no,5,0.226,16.39
A,B,1.0,3.42,1,urban,80,2,0.724,none,truck,0.705,no,4,0.443,11.99
B,A,36.0,1.03,2,highway,60,1,0.785,none,sedan,0.106,no,10,0.666,27.816
E,C,19.0,2.72,1,highway,100,0,0.087,none,bike,0.713,no,5,0.357,12.614
A,E,1.0,3.06,4,rural,40,2,0.368,none,bike,0.506,no,4,0.346,12.19
C,E,49.0,2.28,2,rural,60,1,0.887,none,suv,0.19,no,0,0.391,24.306
A,B,57.0,4.48,2,highway,40,0,0.758,none,suv,0.715,no,8,0.464,26.452
B,C,29.0,2.29,2,highway,80,2,0.464,none,sedan,0.025,no,5,0.322,20.109
D,C,18.0,3.82,4,highway,40,1,0.314,none,suv,0.651,no,5,0.348,15.188
E,A,30.0,2.0,2,rural,100,2,0.864,procession,bike,0.965,no,7,0.636,23.764
B,E,44.0,4.37,4,rural,40,0,0.743,none,truck,0.776,no,6,0.455,22.097
D,E,26.0,4.19,3,urban,80,0,0.853,none,sedan,0.47,no,8,0.44,15.996
D,B,41.0,2.24,2,rural,100,0,0.402,vip_movement,bike,0.471,no,10,0.453,21.556
E,D,42.0,1.46,4,highway,40,0,0.266,none,suv,0.578,no,0,0.444,22.472
B,E,23.0,3.2,2,urban,100,0,0.875,none,sedan,0.339,yes,10,1.0,30.963
C,D,6.0,1.21,1,rural,80,1,0.81,vip_movement,sedan,0.364,no,2,0.584,15.163
E,D,33.0,4.45,2,urban,100,2,0.239,none,sedan,0.429,no,5,0.273,19.258
E,D,32.0,2.15,3,rural,80,0,0.181,none,bike,0.659,no,10,0.454,19.457
A,D,24.0,1.04,2,urban,80,0,0.961,vip_movement,sedan,0.367,no,5,0.701,21.02
C,E,39.0,4.13,3,rural,100,0,0.534,none,bike,0.282,no,9,0.35,18.71
A,D,44.0,3.75,2,highway,40,1,0.488,none,truck,0.793,no,2,0.383,22.762
C,D,7.0,4.96,3,rural,40,0,0.81,none,truck,0.433,yes,10,1.0,27.107
D,A,53.0,3.77,2,urban,80,2,0.764,vip_movement,sedan,0.362,no,5,0.381,27.037
E,C,11.0,4.45,1,urban,100,0,0.733,none,suv,0.773,no,8,0.471,11.234
E,A,21.0,1.92,2,highway,40,1,0.297,vip_movement,bike,0.312,no,6,0.39,18.008
B,D,44.0,1.05,4,rural,80,0,0.237,none,suv,0.873,no,8,0.684,27.415
C,B,26.0,2.67,2,urban,80,1,0.342,none,bike,0.464,no,9,0.401,18.489
E,C,27.0,1.68,2,highway,60,2,0.86,procession,suv,0.971,no,7,0.674,24.716
E,B,37.0,3.68,2,highway,100,0,0.978,none,suv,0.222,no,3,0.379,17.343
A,D,3.0,2.22,2,urban,100,0,0.737,none,truck,0.789,no,8,0.565,10.903
A,C,48.0,1.15,1,highway,80,2,0.574,vip_movement,sedan,0.133,no,10,0.588,31.609
C,A,11.0,4.59,3,rural,60,0,0.673,none,suv,1.0,no,3,0.452,11.007
C,D,28.0,4.98,1,rural,100,0,0.785,none,sedan,0.685,no,5,0.424,15.146
B,E,14.0,4.11,1,urban,40,2,0.119,none,sedan,0.992,no,7,0.39,16.714
A,D,43.0,4.95,3,urban,80,2,0.23,procession,sedan,0.178,no,5,0.212,22.033
A,E,53.0,1.74,2,urban,100,2,0.222,vip_movement,suv,0.8,no,3,0.464,28.514
E,D,3.0,3.7,3,urban,40,0,0.435,vip_movement,bike,0.705,no,2,0.356,8.215
D,A,40.0,2.06,2,urban,60,0,0.184,vip_movement,truck,0.531,no,9,0.427,22.001
A,E,53.0,4.42,2,rural,100,0,0.319,none,truck,0.342,no,4,0.263,20.96
A,D,7.0,2.35,2,highway,100,0,0.893,vip_movement,truck,0.789,no,1,0.517,10.097
A,B,44.0,1.61,3,highway,100,0,0.761,none,suv,0.299,no,4,0.5,22.595
D,E,30.0,3.82,2,highway,100,0,0.632,none,bike,0.717,no,0,0.374,14.552
A,B,32.0,2.16,3,highway,40,1,0.772,none,sedan,0.682,no,3,0.506,21.568
D,C,40.0,4.9,3,urban,60,0,0.804,none,truck,0.787,no,3,0.43,19.42
B,A,49.0,1.01,3,rural,100,0,0.036,vip_movement,suv,0.169,no,4,0.478,25.737
D,B,15.0,2.75,4,urban,80,0,0.419,none,truck,0.277,no,10,0.385,13.164
D,B,43.0,3.7,3,urban,100,1,0.497,none,suv,0.0,no,8,0.288,21.227
E,D,11.0,2.6,3,highway,40,0,0.135,none,bike,0.809,no,3,0.372,11.545
C,E,7.0,4.25,2,highway,100,0,0.081,procession,truck,0.921,no,6,0.355,8.523
A,D,35.0,3.72,2,highway,80,0,0.266,procession,bike,0.503,no,8,0.341,17.855
B,A,28.0,1.92,2,highway,40,2,0.12,none,bike,0.406,no,3,0.343,21.03
E,D,29.0,3.77,1,urban,60,0,0.09,none,suv,0.615,no,3,0.277,14.896
C,E,23.0,2.06,4,urban,40,2,0.126,none,sedan,0.906,no,10,0.501,22.337
E,A,41.0,2.2,1,rural,40,0,0.424,procession,suv,0.653,no,1,0.407,20.842
C,D,1.0,1.09,3,highway,40,0,0.104,none,bike,0.485,no,2,0.505,12.337
B,D,40.0,4.15,2,urban,100,0,0.808,vip_movement,bike,0.12,no,7,0.352,18.624
D,A,40.0,1.12,1,highway,60,1,0.366,none,suv,0.354,no,9,0.59,27.643
E,B,7.0,4.19,3,urban,100,0,0.397,vip_movement,sedan,0.976,no,7,0.44,9.593
B,D,26.0,1.32,2,urban,100,0,0.24,none,suv,0.235,no,2,0.418,16.66
D,E,53.0,3.5,2,rural,40,0,0.69,vip_movement,truck,0.599,no,2,0.392,23.65
D,B,10.0,3.21,2,highway,80,0,0.75,none,truck,0.33,no,8,0.421,11.367
C,A,10.0,2.05,3,highway,80,1,0.248,procession,bike,0.376,no,1,0.33,11.939
C,B,43.0,2.43,1,rural,60,0,0.918,procession,sedan,0.769,yes,6,1.0,37.662
E,D,20.0,2.65,2,rural,100,0,0.175,none,sedan,0.731,no,1,0.342,12.007
A,E,55.0,4.36,2,urban,100,1,0.223,vip_movement,truck,0.443,no,10,0.325,25.396
B,D,41.0,4.95,2,urban,80,0,0.845,none,suv,0.582,no,1,0.376,18.274
E,A,22.0,4.9,2,rural,40,1,0.849,none,sedan,0.085,no,5,0.318,15.804
C,A,41.0,3.29,3,urban,40,2,0.237,none,sedan,0.76,no,4,0.361,24.23
E,C,21.0,2.18,2,urban,60,2,0.269,none,bike,0.042,no,1,0.256,16.85
D,B,35.0,4.48,3,urban,80,0,0.364,none,truck,0.657,no,6,0.353,17.351
B,A,57.0,2.85,3,highway,80,1,0.994,none,truck,0.234,no,6,0.446,27.518
E,B,38.0,2.93,2,highway,40,0,0.158,none,bike,0.893,no,4,0.387,19.776
B,A,41.0,4.47,2,rural,80,0,0.431,vip_movement,truck,0.831,no,8,0.422,20.236
E,B,39.0,3.95,1,highway,100,0,0.362,none,sedan,0.293,no,4,0.272,16.987
D,A,44.0,2.99,2,highway,80,1,0.596,none,sedan,0.432,no,2,0.359,21.868
D,E,20.0,4.71,3,rural,100,0,0.414,procession,truck,0.901,no,10,0.448,14.04
A,E,27.0,3.99,2,rural,40,0,0.616,vip_movement,bike,0.495,no,5,0.373,16.081
E,B,27.0,1.52,3,highway,60,2,0.628,none,suv,0.313,no,10,0.551,24.403
E,C,3.0,2.58,2,rural,60,1,0.985,procession,suv,0.585,no,3,0.499,11.924
B,C,49.0,2.42,1,urban,40,1,0.798,none,suv,0.793,no,7,0.554,27.702
E,B,14.0,4.51,2,rural,40,1,0.82,none,suv,0.12,no,5,0.327,13.575
E,D,57.0,4.65,2,rural,60,2,0.518,none,truck,0.318,no,7,0.323,28.309
B,D,21.0,1.25,2,urban,80,1,0.042,vip_movement,truck,0.592,no,0,0.447,17.768
D,C,58.0,1.92,2,highway,100,1,0.577,procession,suv,0.339,no,10,0.492,29.431
B,A,6.0,4.43,2,rural,40,0,0.585,none,sedan,0.849,no,0,0.377,8.7
E,C,45.0,2.18,3,rural,80,0,0.254,none,sedan,0.678,no,9,0.46,23.192
B,A,43.0,3.86,2,urban,60,0,0.739,none,bike,0.874,no,2,0.446,20.56
E,C,10.0,3.96,2,urban,80,0,0.053,vip_movement,sedan,0.079,no,1,0.137,6.837
E,B,4.0,4.12,2,highway,100,0,0.985,none,suv,0.99,no,6,0.552,9.635
A,B,40.0,2.95,2,rural,80,0,0.872,vip_movement,truck,0.174,no,5,0.395,19.644
C,D,5.0,1.59,1,highway,80,1,0.096,none,suv,0.867,no,4,0.484,13.292
B,C,12.0,1.3,3,rural,40,0,0.021,none,suv,0.058,no,8,0.403,15.064
D,A,24.0,1.03,2,urban,80,0,0.155,vip_movement,truck,0.709,no,9,0.652,21.385
E,B,48.0,1.79,3,urban,100,1,0.192,procession,suv,0.901,no,9,0.532,26.805
C,E,20.0,3.51,3,highway,40,0,0.309,vip_movement,bike,0.099,no,1,0.206,11.682
C,E,48.0,2.82,2,rural,60,2,0.727,none,truck,0.321,no,9,0.442,27.888
A,D,26.0,3.3,1,rural,80,1,0.612,none,truck,0.281,no,1,0.31,15.614
A,D,13.0,1.69,2,highway,40,0,0.998,none,suv,0.344,no,5,0.555,15.396
D,C,23.0,3.19,2,highway,40,0,0.173,none,suv,0.194,no,5,0.249,13.955
D,A,14.0,2.67,1,urban,80,2,0.814,none,truck,0.994,no,5,0.561,17.689
C,D,31.0,2.5,3,urban,100,2,0.756,procession,suv,0.51,no,3,0.443,20.825
D,C,24.0,1.91,1,highway,100,2,0.329,none,truck,0.494,no,2,0.394,18.653
B,D,38.0,1.74,2,highway,100,0,0.642,none,sedan,0.697,no,9,0.587,22.444
A,B,15.0,3.11,2,highway,80,1,0.046,vip_movement,suv,0.415,no,4,0.261,12.517
A,C,16.0,3.34,2,urban,100,0,0.46,none,bike,0.455,no,5,0.353,11.325
C,A,28.0,1.32,2,rural,80,2,0.207,none,bike,0.57,yes,0,1.0,37.2
B,E,11.0,4.9,2,rural,100,0,0.891,none,truck,0.299,no,5,0.37,9.516
C,A,44.0,4.88,4,rural,80,2,0.62,none,suv,0.572,no,7,0.39,24.529
C,B,32.0,4.78,3,urban,60,0,0.566,none,bike,0.058,no,5,0.259,15.732
B,D,35.0,4.61,4,urban,40,2,0.928,none,suv,0.914,no,10,0.555,25.138
D,B,9.0,1.61,2,rural,80,0,0.8,none,bike,0.204,no,8,0.529,13.7
E,D,54.0,4.73,3,highway,40,0,0.581,none,bike,0.871,no,8,0.455,25.408
E,B,31.0,1.16,2,urban,100,2,0.105,vip_movement,suv,0.587,no,4,0.522,24.113
A,D,36.0,4.44,2,highway,80,2,0.834,vip_movement,sedan,0.96,no,2,0.469,22.018
E,B,12.0,4.17,2,urban,40,0,0.304,vip_movement,bike,0.86,no,0,0.329,10.085
E,C,44.0,2.92,1,rural,60,1,0.711,none,sedan,0.545,no,5,0.438,23.791
A,C,19.0,4.64,2,rural,40,0,0.382,vip_movement,bike,0.88,no,10,0.439,15.166
B,A,9.0,1.76,2,urban,60,0,0.8,none,suv,0.425,no,3,0.502,12.656
B,A,47.0,3.83,2,urban,80,2,0.895,none,suv,0.722,no,4,0.468,25.886
C,A,32.0,1.42,2,highway,80,0,0.999,none,suv,0.895,no,1,0.671,21.032
E,B,24.0,3.8,3,highway,80,1,0.42,none,sedan,0.79,no,1,0.357,15.289
B,E,23.0,3.11,2,urban,80,0,0.125,none,truck,0.97,no,7,0.418,15.087
A,C,5.0,2.87,2,highway,40,0,0.729,none,suv,0.438,no,1,0.383,9.272
B,A,17.0,1.45,2,urban,80,2,0.686,vip_movement,sedan,0.134,no,2,0.461,18.566
E,B,45.0,3.47,1,urban,100,1,0.239,vip_movement,suv,0.428,no,4,0.289,21.129
B,E,13.0,3.67,2,rural,60,0,0.051,none,truck,0.8,no,5,0.329,11.056
E,D,43.0,4.11,2,urban,40,2,0.659,vip_movement,sedan,0.618,no,10,0.453,26.643
A,B,24.0,3.39,4,urban,100,2,0.448,none,truck,0.351,no,0,0.278,15.953
E,D,18.0,4.45,1,urban,40,2,0.7,none,sedan,0.706,no,5,0.421,17.733
D,B,18.0,1.85,2,highway,60,0,0.822,none,bike,0.618,no,2,0.525,15.25
B,A,2.0,2.79,2,rural,60,0,0.603,none,sedan,0.3,no,0,0.324,7.131
D,A,19.0,2.62,2,urban,60,2,0.337,procession,bike,0.299,no,3,0.31,16.812
A,C,57.0,3.53,2,urban,60,0,0.339,vip_movement,sedan,0.829,no,8,0.427,25.886
B,E,32.0,3.19,3,urban,60,1,0.608,none,truck,0.993,no,8,0.526,21.523
E,C,2.0,4.95,2,highway,80,0,0.46,none,truck,0.217,no,6,0.276,6.572
D,B,6.0,4.79,2,rural,40,0,0.895,none,suv,0.955,no,3,0.483,10.276
D,A,36.0,2.38,3,urban,40,0,0.261,none,bike,0.034,no,1,0.237,17.465
A,B,3.0,1.63,3,highway,60,0,0.725,none,sedan,0.041,no,9,0.489,12.155
B,C,33.0,3.81,2,urban,40,0,0.165,vip_movement,truck,0.587,no,8,0.335,18.167
C,B,7.0,3.36,4,urban,100,0,0.942,none,sedan,0.113,no,9,0.42,10.085
E,C,6.0,2.89,3,rural,40,2,0.686,none,truck,0.518,no,7,0.449,15.423
C,B,39.0,3.64,2,rural,80,1,0.349,none,suv,0.196,no,0,0.219,18.261
D,E,49.0,2.27,4,rural,60,2,0.961,none,bike,0.933,no,7,0.625,30.054
D,B,36.0,4.44,2,urban,40,1,0.167,procession,suv,0.839,no,0,0.291,18.841
B,A,11.0,1.09,1,highway,100,1,0.292,none,suv,0.793,no,8,0.663,18.599
E,B,28.0,2.04,3,highway,40,2,0.613,vip_movement,sedan,0.179,no,10,0.454,23.385
E,C,52.0,2.12,2,rural,60,0,0.52,none,suv,0.519,no,7,0.466,25.519
A,E,41.0,2.45,3,rural,40,2,0.261,none,truck,0.938,no,8,0.483,26.769
A,E,36.0,4.11,2,urban,40,0,0.802,none,bike,0.958,no,5,0.499,20.007
A,E,8.0,4.36,3,highway,40,0,0.309,procession,bike,0.778,no,0,0.309,8.637
C,E,54.0,3.99,2,urban,60,1,0.811,none,truck,0.356,no,9,0.424,26.989
C,B,24.0,4.79,3,highway,60,0,0.11,none,sedan,0.71,no,6,0.307,14.018
B,A,57.0,3.32,3,rural,40,0,0.896,none,truck,0.723,no,8,0.524,27.445
D,B,16.0,1.2,2,urban,100,0,0.002,procession,sedan,0.152,no,7,0.433,15.189
E,C,56.0,1.66,2,rural,100,0,0.741,none,truck,0.648,no,0,0.519,25.5
A,D,42.0,1.72,2,urban,100,0,0.996,none,suv,0.151,no,3,0.493,21.54
B,C,52.0,4.34,1,rural,80,0,0.252,procession,bike,0.463,no,6,0.295,21.904
C,B,34.0,3.84,2,urban,80,0,0.663,none,suv,0.542,no,2,0.365,16.553
D,B,56.0,3.04,1,highway,80,0,0.371,procession,truck,0.987,no,0,0.403,23.476
E,D,57.0,1.3,2,urban,60,0,0.847,none,sedan,0.605,no,9,0.689,31.145
A,D,56.0,1.6,4,urban,60,1,0.354,none,sedan,0.799,no,9,0.571,30.933
C,E,52.0,4.77,2,urban,80,1,0.917,none,bike,0.289,no,5,0.375,24.399
C,A,32.0,3.0,2,rural,100,0,0.064,vip_movement,sedan,0.756,no,6,0.357,16.542
D,B,32.0,1.89,2,rural,60,2,0.941,vip_movement,sedan,0.046,no,4,0.45,23.048
C,D,30.0,2.77,2,rural,60,0,0.421,vip_movement,suv,0.923,no,3,0.443,17.34
E,A,30.0,3.86,2,highway,80,0,0.082,none,sedan,0.396,no,10,0.299,16.29
B,C,30.0,3.93,2,rural,80,0,0.201,none,suv,0.158,no,6,0.234,14.806
C,E,10.0,1.4,3,urban,100,0,0.407,procession,suv,0.42,no,1,0.461,11.886
E,D,43.0,3.05,3,rural,100,1,0.592,none,suv,0.308,no,0,0.311,20.148
B,D,52.0,2.99,1,rural,80,0,0.244,none,suv,0.527,no,7,0.358,23.249
A,E,11.0,4.02,2,highway,40,2,0.248,none,suv,0.824,no,4,0.354,14.882
C,A,5.0,1.14,4,highway,40,1,0.463,procession,truck,0.254,no,4,0.535,16.047
B,E,49.0,3.97,2,highway,100,0,0.203,none,truck,0.238,no,1,0.199,18.647
B,E,58.0,2.42,1,highway,100,0,0.219,procession,sedan,0.345,no,1,0.288,23.046
A,C,39.0,4.77,1,rural,80,1,0.585,procession,truck,0.509,no,7,0.373,20.875
E,A,53.0,3.61,4,urban,80,0,0.977,procession,truck,0.699,no,9,0.536,25.444
D,A,31.0,4.09,1,highway,100,1,0.638,vip_movement,bike,0.295,no,0,0.284,15.865
B,A,40.0,4.5,2,urban,60,0,0.863,vip_movement,suv,0.397,no,7,0.411,20.118
C,D,10.0,3.48,2,rural,60,0,0.854,vip_movement,bike,0.06,yes,6,1.0,27.139
D,C,49.0,3.0,1,urban,40,0,0.628,none,bike,0.102,no,5,0.329,22.659
C,E,19.0,1.6,2,urban,80,2,0.116,none,sedan,0.567,no,10,0.487,20.694
E,D,12.0,4.48,2,highway,100,0,0.257,vip_movement,truck,0.898,yes,2,1.0,25.615
B,A,56.0,2.53,1,urban,40,2,0.7,procession,suv,0.219,no,1,0.352,28.494
B,D,23.0,2.83,2,highway,40,0,0.224,none,bike,0.88,no,4,0.402,15.493
E,B,38.0,4.93,4,highway,80,0,0.142,none,suv,0.398,no,5,0.239,16.808
B,A,31.0,4.87,2,rural,100,1,0.802,none,truck,0.935,no,8,0.51,19.523
B,A,28.0,2.95,2,highway,100,2,0.37,procession,suv,0.372,no,4,0.324,18.633
B,C,48.0,4.27,4,highway,80,0,0.711,procession,bike,0.192,no,10,0.374,22.313
A,C,16.0,3.24,2,highway,100,0,0.391,none,sedan,0.537,no,1,0.319,10.233
A,E,4.0,3.86,2,urban,80,0,0.5,vip_movement,bike,0.615,no,1,0.337,7.062
A,E,24.0,2.61,2,rural,80,1,0.567,none,sedan,0.759,no,2,0.439,16.903
E,B,17.0,2.02,2,highway,100,0,0.316,none,truck,0.033,no,7,0.338,12.852
B,D,11.0,3.23,2,urban,60,0,0.545,procession,suv,0.964,yes,3,1.0,26.948
C,A,51.0,1.83,4,highway,60,1,0.093,none,sedan,0.92,no,3,0.452,26.657
A,C,27.0,2.83,2,highway,60,0,0.076,none,suv,0.372,no,9,0.321,16.38
B,A,41.0,3.75,2,highway,100,0,0.866,none,truck,0.154,no,4,0.351,18.441
E,A,25.0,1.95,2,highway,40,0,0.794,procession,truck,0.617,no,8,0.568,19.345
E,B,29.0,1.58,2,rural,60,2,0.96,procession,truck,0.499,no,6,0.606,24.627
D,B,2.0,2.26,2,rural,100,2,0.974,vip_movement,bike,0.29,yes,8,1.0,28.915
E,C,2.0,3.62,2,highway,80,2,0.374,none,suv,0.759,no,8,0.417,12.752
B,A,40.0,3.25,1,highway,60,0,0.212,vip_movement,bike,0.276,no,4,0.261,18.443
C,E,10.0,4.33,3,highway,40,0,0.773,procession,bike,0.954,no,5,0.488,12.031
A,E,8.0,2.07,2,urban,60,2,0.788,procession,bike,0.905,no,1,0.542,15.94
B,C,49.0,1.73,2,rural,100,1,0.813,vip_movement,bike,0.255,no,1,0.454,24.823
A,E,26.0,3.99,1,highway,40,0,0.071,vip_movement,sedan,0.23,no,2,0.181,13.26
D,B,39.0,2.19,3,rural,80,0,0.683,none,truck,0.96,no,9,0.601,22.794
E,C,29.0,1.92,1,highway,100,0,0.361,procession,truck,0.526,no,0,0.386,15.668
E,D,3.0,1.06,2,highway,80,0,0.853,none,bike,0.574,no,1,0.674,13.564
B,C,58.0,1.28,2,urban,40,0,0.572,none,truck,0.951,no,9,0.707,32.178
A,B,50.0,2.32,3,rural,60,1,0.927,procession,suv,0.544,no,0,0.467,25.325
D,B,20.0,3.7,2,urban,80,0,0.769,none,truck,0.25,no,9,0.402,14.169
E,A,57.0,3.05,2,highway,40,1,0.891,vip_movement,sedan,0.511,no,8,0.491,29.255
E,D,38.0,3.1,2,highway,80,1,0.451,none,truck,0.096,no,2,0.259,19.0
A,D,21.0,2.38,2,rural,60,0,0.49,none,sedan,0.142,no,8,0.375,15.252
B,A,15.0,3.43,3,highway,100,0,0.402,none,sedan,0.143,no,4,0.266,9.917
C,E,42.0,4.53,2,highway,40,0,0.748,procession,suv,0.617,no,4,0.401,20.517
B,D,40.0,1.99,2,highway,60,2,0.852,procession,sedan,0.726,no,6,0.577,26.98
D,C,21.0,2.85,2,highway,80,0,0.902,none,suv,0.671,no,1,0.465,13.901
D,E,35.0,1.49,4,highway,80,1,0.677,none,bike,0.769,no,2,0.578,23.03
B,E,43.0,4.16,4,highway,80,2,0.777,none,truck,0.52,no,2,0.375,23.256
C,A,56.0,1.6,2,rural,40,0,0.875,none,sedan,0.171,no,7,0.53,28.632
C,E,10.0,3.45,4,rural,80,1,0.238,none,sedan,0.678,no,6,0.359,12.237
D,A,55.0,4.95,1,urban,100,2,0.462,none,truck,0.425,no,3,0.288,25.493
E,A,10.0,3.99,1,rural,60,1,0.603,none,bike,0.27,no,4,0.315,11.704
B,D,8.0,2.04,3,urban,60,1,0.245,vip_movement,truck,0.168,yes,5,1.0,29.345
B,D,31.0,2.38,2,urban,60,1,0.4,procession,sedan,0.279,no,4,0.344,19.138
E,A,38.0,2.94,4,highway,40,0,0.794,none,truck,0.306,no,6,0.416,20.459
C,D,11.0,2.14,2,highway,60,0,0.66,procession,truck,0.511,no,9,0.511,14.042
E,A,19.0,1.3,2,rural,40,1,0.764,none,sedan,0.608,no,3,0.612,20.272
D,E,44.0,3.99,1,urban,80,2,0.496,none,suv,0.09,no,10,0.317,24.627
B,A,18.0,3.08,2,urban,80,1,0.974,procession,bike,0.959,no,1,0.526,15.484
E,D,19.0,1.14,2,urban,40,0,0.087,procession,bike,0.289,no,6,0.487,18.171
E,C,59.0,3.98,3,highway,40,0,0.182,none,bike,0.359,no,8,0.289,25.441
A,B,8.0,4.77,4,rural,80,0,0.833,procession,suv,0.667,no,6,0.444,10.085
C,A,58.0,4.01,3,highway,60,0,0.302,vip_movement,truck,0.494,no,4,0.299,23.937
E,A,29.0,3.67,2,rural,40,0,0.44,none,bike,0.885,no,9,0.464,18.504
B,E,27.0,1.06,2,urban,100,2,0.358,none,truck,0.566,no,1,0.57,23.199
C,E,29.0,4.61,2,highway,40,0,0.733,none,sedan,0.732,no,5,0.43,17.082
E,C,52.0,3.12,2,rural,80,1,0.74,none,suv,0.627,no,9,0.492,26.92
B,A,29.0,2.63,1,urban,80,0,0.138,none,truck,0.611,no,2,0.322,15.218
A,D,18.0,4.38,1,urban,60,1,0.372,none,suv,0.944,no,9,0.444,16.286
A,B,4.0,4.47,1,highway,100,1,0.412,none,truck,0.538,no,0,0.279,7.612
A,C,19.0,2.01,2,rural,100,0,0.61,vip_movement,suv,0.682,no,5,0.507,14.76
E,D,55.0,1.97,1,highway,40,0,0.187,procession,suv,0.965,no,8,0.514,27.783
B,A,31.0,2.72,2,urban,40,1,0.682,vip_movement,truck,0.004,no,1,0.294,18.278
D,A,33.0,3.12,4,rural,80,1,0.894,none,truck,0.577,no,9,0.512,21.429
D,C,35.0,2.82,2,rural,40,0,0.124,none,bike,0.467,no,4,0.3,18.075
D,C,48.0,4.87,1,rural,40,0,0.299,vip_movement,bike,0.494,no,7,0.311,21.934
B,C,40.0,1.32,2,highway,100,0,0.696,none,truck,0.321,no,7,0.577,23.46
B,A,26.0,3.71,2,rural,80,2,0.103,procession,sedan,0.198,no,7,0.238,17.929
C,B,38.0,1.93,3,urban,100,0,0.209,none,truck,0.256,no,6,0.36,19.295
A,D,8.0,4.13,2,urban,80,0,0.641,none,truck,0.413,no,6,0.368,9.485
A,E,28.0,4.85,1,highway,80,0,0.325,none,bike,0.567,no,8,0.341,15.443
D,C,1.0,2.49,3,highway,60,0,0.453,procession,truck,0.853,no,8,0.502,10.422
C,B,2.0,1.37,2,urban,80,0,0.945,none,suv,0.839,no,4,0.688,12.921
C,B,42.0,2.52,2,rural,80,2,0.651,none,bike,0.086,no,3,0.336,23.551
D,A,36.0,3.36,3,highway,100,0,0.105,none,truck,0.158,no,0,0.172,14.508
E,C,16.0,4.64,4,urban,100,0,0.459,procession,suv,0.46,no,1,0.28,9.377
A,B,45.0,2.75,2,urban,80,0,0.314,none,truck,0.059,no,2,0.24,19.113
E,B,1.0,4.25,3,highway,60,0,0.839,none,suv,0.169,no,6,0.356,7.733
B,C,52.0,2.42,2,rural,60,0,0.884,vip_movement,sedan,0.907,no,4,0.563,25.599
D,E,18.0,2.0,1,urban,40,2,0.155,none,suv,0.57,no,6,0.405,19.15
E,D,40.0,4.92,2,rural,40,0,0.973,none,bike,0.927,no,1,0.471,19.929
D,E,55.0,2.92,2,urban,100,0,0.056,vip_movement,bike,0.882,no,1,0.335,22.259
A,D,19.0,1.68,3,highway,100,2,0.502,none,sedan,0.234,no,1,0.395,17.323
E,C,25.0,4.79,3,rural,60,1,0.973,none,sedan,0.856,no,0,0.449,16.537
B,A,25.0,2.43,2,rural,80,0,0.528,none,suv,0.921,no,4,0.494,16.304
E,D,6.0,2.5,1,rural,80,0,0.833,none,suv,0.86,no,3,0.529,10.687
A,C,46.0,2.81,3,urban,40,1,0.365,none,truck,0.32,no,0,0.279,22.376
B,C,40.0,2.66,1,urban,80,0,0.634,none,truck,0.042,no,5,0.336,19.235
C,D,15.0,2.87,1,urban,80,0,0.669,none,bike,0.574,no,6,0.448,12.927
C,A,41.0,4.19,2,rural,80,0,0.032,none,sedan,0.047,no,0,0.111,15.603
D,A,54.0,1.59,1,highway,100,0,0.823,none,truck,0.065,no,9,0.519,26.835
C,E,11.0,2.49,2,rural,60,0,0.479,procession,sedan,0.055,no,0,0.267,9.48
D,B,39.0,4.65,2,urban,40,0,0.162,procession,sedan,0.401,yes,7,1.0,36.175
A,C,24.0,3.38,1,urban,40,0,0.804,none,sedan,0.684,no,8,0.496,17.241
D,C,36.0,1.55,1,highway,60,2,0.496,vip_movement,sedan,0.529,no,6,0.523,25.963
C,B,40.0,4.24,3,urban,100,0,0.661,none,suv,0.308,no,9,0.378,19.263
A,E,26.0,1.66,2,urban,40,1,0.866,none,sedan,0.326,no,10,0.58,22.616
C,D,46.0,3.01,2,urban,80,0,0.688,none,bike,0.023,no,1,0.285,19.511
A,C,5.0,2.82,2,highway,100,0,0.524,none,sedan,0.86,no,6,0.479,9.761
E,C,43.0,4.26,2,highway,40,0,0.885,vip_movement,bike,0.989,no,9,0.559,23.46
B,C,33.0,1.44,3,rural,40,2,0.577,vip_movement,suv,0.656,no,2,0.544,25.215
A,D,19.0,3.69,3,highway,80,0,0.086,none,truck,0.89,no,4,0.344,12.294
C,B,43.0,2.45,2,urban,60,1,0.455,none,truck,0.442,no,8,0.423,24.267
A,B,25.0,4.9,2,urban,80,2,0.295,none,sedan,0.427,no,10,0.326,18.782
D,E,8.0,1.93,2,urban,80,0,0.969,vip_movement,bike,0.404,no,8,0.562,13.209
A,E,3.0,1.54,3,rural,40,0,0.186,none,suv,0.496,no,4,0.436,11.304
B,E,7.0,2.16,4,rural,100,2,0.886,procession,sedan,0.834,no,4,0.569,15.4
A,E,45.0,1.97,3,highway,80,2,0.023,none,sedan,0.148,no,9,0.328,26.118
A,D,20.0,3.17,4,highway,80,2,0.146,none,sedan,0.154,no,10,0.286,17.44
A,B,19.0,2.23,3,rural,60,0,0.621,none,truck,0.904,no,9,0.574,16.981
A,D,24.0,1.0,2,urban,100,2,0.868,none,truck,0.88,no,0,0.749,24.175
E,D,37.0,4.5,3,highway,40,0,0.94,none,bike,0.205,no,8,0.398,19.788
B,A,30.0,4.56,3,highway,40,0,0.534,none,sedan,0.715,no,4,0.378,16.673
D,B,32.0,4.55,2,urban,40,0,0.973,procession,bike,0.699,no,7,0.492,19.02
D,C,38.0,2.65,1,highway,60,2,0.95,none,suv,0.108,no,8,0.443,24.817
D,C,8.0,1.02,4,urban,100,2,0.924,none,suv,0.833,no,8,0.823,21.634
C,B,5.0,1.67,2,rural,100,2,0.983,procession,sedan,0.085,no,6,0.513,15.32
A,E,54.0,2.11,1,highway,80,0,0.51,vip_movement,suv,0.743,yes,0,1.0,39.565
D,C,37.0,1.83,2,rural,40,0,0.619,none,sedan,0.048,no,3,0.381,20.241
E,D,11.0,4.5,2,rural,100,0,0.586,none,bike,0.475,no,6,0.361,9.721
D,C,19.0,4.17,1,highway,100,0,0.685,none,truck,0.096,no,6,0.312,11.718
B,C,23.0,1.39,3,rural,100,0,0.813,none,bike,0.097,no,9,0.561,18.413
C,A,44.0,3.23,4,rural,80,0,0.361,procession,bike,0.711,no,4,0.378,20.327
D,C,41.0,1.19,1,rural,40,0,0.843,none,sedan,0.489,no,4,0.642,25.719
C,E,12.0,1.33,3,highway,100,0,0.793,none,suv,0.776,no,1,0.624,14.29
B,C,18.0,4.34,2,urban,100,1,0.152,none,bike,0.933,yes,5,1.0,30.051
A,D,23.0,3.59,2,rural,60,1,0.3,vip_movement,bike,0.848,no,9,0.431,17.9
E,B,56.0,1.26,4,highway,40,0,0.371,none,sedan,0.438,no,2,0.5,28.172
D,A,15.0,2.39,2,urban,100,0,0.716,none,bike,0.667,no,5,0.494,13.028
C,D,28.0,1.3,3,urban,40,0,0.032,vip_movement,suv,0.288,no,8,0.452,20.382
E,B,2.0,1.09,2,urban,40,0,0.968,none,bike,0.011,no,6,0.623,14.631
D,A,49.0,1.11,2,rural,100,0,0.981,none,sedan,0.72,no,7,0.769,28.775
E,B,13.0,4.42,4,rural,40,0,0.964,none,truck,0.835,no,4,0.49,12.733
A,B,11.0,2.47,2,highway,60,0,0.737,procession,truck,0.806,no,0,0.471,11.534
C,A,1.0,1.48,2,rural,100,0,0.273,none,suv,0.703,no,7,0.535,10.922
B,C,18.0,1.74,2,urban,40,2,0.895,procession,bike,0.242,no,2,0.477,19.44
D,C,28.0,4.56,2,rural,80,1,0.387,none,bike,0.704,no,6,0.366,17.357
C,B,6.0,3.09,1,rural,80,0,0.553,none,truck,0.25,no,7,0.36,9.421
A,C,1.0,4.69,2,urban,80,0,0.923,none,truck,0.328,no,4,0.375,6.919
E,B,26.0,2.01,2,highway,40,0,0.992,none,truck,0.614,no,10,0.62,20.492
D,E,14.0,4.49,3,rural,80,0,0.158,none,sedan,0.659,no,8,0.333,11.238
E,D,51.0,4.32,2,rural,60,1,0.023,procession,truck,0.657,no,8,0.309,24.642
D,A,36.0,4.15,3,highway,60,2,0.182,vip_movement,sedan,0.493,no,4,0.271,21.017
B,E,28.0,3.95,3,highway,100,2,0.268,none,sedan,0.499,no,3,0.285,17.613
B,A,30.0,4.98,2,urban,80,2,0.367,vip_movement,truck,0.283,no,3,0.24,18.006
D,A,3.0,2.04,2,highway,60,2,0.529,none,bike,0.958,no,5,0.543,15.284
D,B,1.0,2.79,2,urban,80,1,0.32,vip_movement,sedan,0.826,no,1,0.382,9.114
C,D,18.0,3.2,2,highway,80,1,0.669,none,bike,0.24,no,7,0.377,15.127
B,C,8.0,4.32,2,highway,60,0,0.046,none,truck,0.762,no,2,0.274,8.202
D,E,38.0,4.39,3,rural,100,1,0.466,vip_movement,bike,0.427,no,2,0.29,18.333
C,D,7.0,3.62,4,highway,80,0,0.138,none,sedan,0.146,no,3,0.197,7.052
A,D,5.0,3.47,2,urban,80,0,0.638,procession,suv,0.305,no,3,0.334,7.881
B,A,48.0,2.16,3,urban,80,0,0.853,vip_movement,suv,0.016,no,10,0.459,24.311
E,A,32.0,4.07,3,urban,60,1,0.65,none,suv,0.42,no,9,0.402,20.15
D,E,52.0,1.33,2,urban,40,1,0.235,vip_movement,sedan,0.063,no,7,0.43,29.045
B,A,47.0,2.0,3,rural,100,0,0.677,vip_movement,sedan,0.602,no,7,0.525,23.747
C,A,51.0,1.08,1,urban,80,0,0.307,vip_movement,truck,0.338,no,9,0.588,28.597
C,E,9.0,3.4,4,urban,60,0,0.092,none,bike,0.56,no,10,0.348,11.152
E,D,36.0,2.89,2,rural,40,0,0.822,none,bike,0.96,no,10,0.595,22.483
B,A,49.0,1.8,2,urban,40,2,0.877,none,bike,0.366,no,9,0.561,30.883
B,E,33.0,2.21,3,urban,60,0,0.873,procession,bike,0.622,no,3,0.51,19.355
E,A,9.0,2.74,2,rural,40,0,0.585,none,suv,0.668,no,2,0.417,11.09
A,D,52.0,2.01,2,highway,100,0,0.485,none,bike,0.65,no,9,0.516,25.549
A,E,29.0,1.87,1,highway,100,1,0.738,none,suv,0.007,no,1,0.373,17.792
A,C,28.0,4.36,2,urban,60,2,0.673,procession,suv,0.434,no,5,0.363,19.678
C,B,8.0,2.26,2,highway,60,0,0.586,none,truck,0.996,no,4,0.533,12.238
D,C,6.0,4.04,2,highway,100,1,0.23,vip_movement,suv,0.672,no,10,0.379,11.331
C,D,21.0,4.2,1,rural,80,0,0.255,none,bike,0.755,no,7,0.367,13.562
B,D,26.0,4.78,2,rural,80,1,0.868,vip_movement,bike,0.77,no,10,0.511,18.959
C,E,39.0,3.8,2,highway,40,1,0.493,none,truck,0.423,no,2,0.309,20.5
E,A,35.0,3.17,3,rural,100,0,0.286,vip_movement,sedan,0.003,yes,2,1.0,32.978
C,B,6.0,4.19,2,urban,40,0,0.51,vip_movement,bike,0.568,no,3,0.341,9.001
E,C,50.0,2.42,2,rural,80,2,0.637,none,bike,0.792,no,4,0.492,27.785
D,E,24.0,1.51,2,highway,60,1,0.669,procession,sedan,0.079,no,10,0.515,21.155
B,C,32.0,1.48,2,rural,80,1,0.65,none,bike,0.369,no,2,0.495,21.328
B,A,15.0,4.74,1,highway,80,0,0.454,none,truck,0.612,no,10,0.398,12.529
E,C,24.0,2.96,4,urban,40,2,0.948,vip_movement,bike,0.067,no,10,0.438,21.272
D,E,38.0,3.36,2,highway,100,0,0.852,procession,bike,0.07,no,3,0.333,17.321
C,A,6.0,3.52,3,urban,60,0,0.114,procession,sedan,0.808,no,3,0.328,8.596
B,E,37.0,1.99,2,rural,100,0,0.436,none,truck,0.708,no,0,0.43,18.412
B,E,43.0,4.13,3,highway,80,1,0.734,none,sedan,0.417,no,4,0.367,21.582
B,E,30.0,3.79,2,rural,100,0,0.443,procession,suv,0.584,no,4,0.351,15.127
D,B,15.0,3.69,2,urban,80,0,0.217,none,suv,0.244,no,6,0.261,10.662
D,B,15.0,3.58,1,rural,100,2,0.754,procession,truck,0.233,no,3,0.339,14.386
A,E,25.0,4.27,3,urban,80,0,0.333,none,truck,0.721,no,9,0.395,15.417
E,A,13.0,1.92,2,rural,60,2,0.406,procession,truck,0.552,no,9,0.49,18.714
A,D,6.0,3.53,3,highway,100,0,0.735,none,suv,0.319,yes,4,1.0,24.517
E,B,27.0,2.07,2,highway,100,2,0.203,procession,bike,0.859,no,3,0.435,19.964
D,A,19.0,1.07,3,highway,80,0,0.899,none,truck,0.426,no,7,0.708,19.851
C,E,29.0,3.54,3,rural,100,0,0.237,none,bike,0.688,no,4,0.338,14.794
D,A,31.0,1.23,2,highway,40,0,0.156,none,truck,0.908,no,3,0.567,21.625
A,B,48.0,4.45,3,rural,100,2,0.696,none,truck,0.422,no,0,0.313,23.157
C,A,46.0,3.6,3,rural,80,0,0.156,procession,suv,0.561,yes,3,1.0,36.788
A,E,41.0,1.35,2,highway,40,0,0.562,procession,sedan,0.166,no,6,0.501,24.203
B,D,34.0,1.86,2,rural,60,0,0.727,none,suv,0.927,no,6,0.605,21.635
D,C,1.0,4.01,2,highway,100,2,0.578,none,sedan,0.815,no,2,0.398,10.431
A,D,3.0,3.36,3,urban,40,0,0.013,vip_movement,sedan,0.915,no,4,0.345,8.635
D,C,47.0,4.25,1,urban,40,2,0.527,vip_movement,suv,0.027,no,0,0.205,23.325
B,E,36.0,2.49,3,urban,80,0,0.899,none,suv,0.191,no,3,0.409,18.499
A,E,23.0,3.86,2,highway,80,1,0.398,none,truck,0.573,no,5,0.348,15.673
C,E,20.0,1.39,2,highway,100,1,0.077,vip_movement,sedan,0.472,no,3,0.427,16.959
A,C,39.0,3.57,1,rural,40,0,0.99,none,suv,0.337,no,8,0.458,21.278
C,D,23.0,4.78,3,urban,80,2,0.973,procession,truck,0.347,no,1,0.358,16.724
A,E,12.0,1.45,2,highway,100,0,0.685,procession,suv,0.846,no,5,0.633,14.884
C,E,1.0,3.32,2,highway,40,0,0.05,procession,truck,0.514,no,7,0.303,8.234
B,D,11.0,4.91,1,highway,100,2,0.629,procession,bike,0.868,no,3,0.411,13.527
C,D,22.0,2.97,1,rural,100,2,0.016,vip_movement,suv,0.367,no,6,0.271,16.693
D,E,38.0,1.3,2,rural,40,0,0.128,vip_movement,bike,0.113,no,10,0.456,23.81
E,C,56.0,3.54,3,rural,80,1,0.26,none,bike,0.644,no,3,0.324,25.053
B,E,32.0,4.53,3,urban,60,2,0.002,procession,suv,0.84,no,3,0.287,19.67
D,B,42.0,1.09,1,highway,40,0,0.49,procession,bike,0.085,no,1,0.491,24.286
D,C,10.0,2.16,1,urban,100,0,0.304,procession,truck,0.169,no,0,0.28,8.615
E,A,33.0,3.45,2,urban,40,0,0.46,none,suv,0.835,no,1,0.385,17.397
C,A,8.0,3.78,2,highway,80,2,0.875,procession,truck,0.308,no,9,0.432,14.848
C,E,14.0,4.88,2,rural,60,2,0.123,none,truck,0.497,yes,10,1.0,32.724
A,B,10.0,1.24,4,highway,100,1,0.989,vip_movement,truck,0.932,no,9,0.796,19.281
D,B,3.0,2.92,3,rural,60,0,0.306,none,suv,0.748,no,10,0.448,10.592
B,C,37.0,2.68,2,rural,80,0,0.95,none,suv,0.962,no,5,0.582,20.782
A,E,13.0,3.42,2,rural,40,0,0.201,none,sedan,0.034,no,6,0.224,10.804
A,C,35.0,1.55,1,highway,80,2,0.356,vip_movement,bike,0.01,no,10,0.431,25.033
D,A,33.0,1.09,1,highway,100,1,0.655,vip_movement,sedan,0.901,no,3,0.706,24.631
B,D,25.0,2.17,3,urban,60,0,0.202,none,bike,0.403,no,3,0.335,15.257
D,E,53.0,2.31,1,highway,100,0,0.675,none,bike,0.74,no,10,0.556,26.121
E,B,50.0,1.76,4,highway,80,0,0.459,procession,sedan,0.799,no,2,0.499,24.242
D,E,47.0,2.42,3,highway,100,0,0.433,procession,truck,0.733,no,2,0.419,21.25
B,E,37.0,3.18,3,rural,80,0,0.019,none,bike,0.337,no,1,0.207,15.94
B,D,10.0,3.4,3,rural,80,1,0.43,none,truck,0.401,no,6,0.344,12.11
E,C,16.0,3.1,4,highway,60,0,0.971,none,bike,0.561,no,8,0.516,14.672
A,D,1.0,2.55,3,rural,100,1,0.488,none,truck,0.38,no,5,0.38,9.562
D,E,49.0,1.55,2,urban,100,0,0.94,vip_movement,bike,0.092,no,5,0.514,24.567
D,E,28.0,2.92,4,rural,40,2,0.115,none,suv,0.851,no,3,0.36,20.319
D,E,7.0,4.4,2,rural,80,0,0.521,none,bike,0.34,no,6,0.323,8.667
D,C,51.0,3.18,3,rural,40,0,0.027,none,sedan,0.119,no,4,0.195,21.625
B,A,1.0,2.13,2,rural,80,0,0.963,none,truck,0.514,no,2,0.503,9.078
C,E,51.0,4.85,3,highway,100,0,0.532,vip_movement,suv,0.021,no,2,0.213,19.364
D,C,8.0,1.49,2,rural,100,0,0.654,none,sedan,0.924,no,0,0.584,12.103
A,B,53.0,3.93,2,rural,80,2,0.061,none,sedan,0.155,no,8,0.225,26.022
D,E,32.0,2.7,3,urban,60,0,0.397,none,sedan,0.474,no,8,0.402,18.57
A,E,41.0,4.09,2,rural,60,2,0.59,none,suv,0.196,no,4,0.295,22.771
B,A,47.0,4.93,2,rural,60,0,0.475,none,bike,0.313,no,7,0.309,21.101
A,C,6.0,1.09,2,highway,100,2,0.278,none,sedan,0.425,no,4,0.546,17.132
D,B,25.0,3.29,3,rural,100,2,0.691,procession,bike,0.42,no,1,0.354,17.26
A,E,19.0,3.71,4,rural,40,0,0.22,vip_movement,suv,0.889,no,9,0.42,15.044
A,E,14.0,4.7,2,rural,80,0,0.105,procession,sedan,0.652,no,7,0.307,10.73
E,D,14.0,1.35,2,urban,40,0,0.588,none,bike,0.801,no,3,0.604,16.536
B,D,45.0,1.54,1,rural,60,2,0.701,none,sedan,0.68,no,10,0.635,30.594
A,C,14.0,4.02,2,rural,80,0,0.093,none,suv,0.473,no,2,0.232,9.167
B,D,53.0,1.29,2,highway,60,2,0.516,procession,bike,0.37,no,1,0.498,30.47
C,A,37.0,2.88,2,rural,60,2,0.272,vip_movement,bike,0.945,no,7,0.452,24.258
A,C,37.0,4.01,4,highway,100,2,0.202,none,bike,0.37,no,3,0.244,19.887
B,D,10.0,4.86,2,urban,40,2,0.46,none,sedan,0.239,no,7,0.292,14.352
E,D,3.0,2.64,2,urban,80,2,0.831,procession,truck,0.112,no,3,0.37,12.094
B,E,8.0,1.88,3,urban,80,0,0.367,procession,sedan,0.783,no,0,0.443,10.497
B,E,16.0,2.09,2,urban,60,1,0.377,none,bike,0.46,no,10,0.459,17.288
B,C,29.0,4.53,4,rural,100,0,0.46,none,suv,0.779,no,3,0.366,14.563
B,A,31.0,1.82,2,urban,60,2,0.068,none,suv,0.195,no,2,0.292,20.862
C,D,35.0,2.55,3,urban,60,2,0.603,vip_movement,truck,0.796,no,8,0.517,24.73
B,E,30.0,1.61,3,urban,80,2,0.137,vip_movement,bike,0.724,no,5,0.471,22.82
A,E,21.0,4.93,4,highway,60,2,0.614,none,bike,0.076,no,9,0.309,17.705
A,E,30.0,4.86,2,rural,60,2,0.55,procession,truck,0.629,no,5,0.368,20.212
A,D,42.0,2.85,2,rural,100,0,0.905,none,suv,0.848,no,1,0.501,20.063
A,C,43.0,1.6,2,highway,40,1,0.627,vip_movement,truck,0.495,no,3,0.504,25.665
E,C,56.0,4.06,2,highway,100,0,0.124,vip_movement,suv,0.328,no,3,0.219,21.321
A,C,35.0,1.92,2,highway,60,1,0.509,procession,suv,0.62,no,9,0.524,23.637
A,D,32.0,2.5,2,highway,100,0,0.35,vip_movement,bike,0.092,no,3,0.278,15.48
D,A,57.0,1.61,2,urban,40,2,0.089,vip_movement,bike,0.831,no,4,0.472,31.724
E,D,37.0,3.14,2,highway,60,0,0.442,none,truck,0.919,no,8,0.48,20.588
A,B,33.0,4.74,2,highway,60,2,0.184,procession,sedan,0.224,no,8,0.246,20.514
B,C,54.0,3.18,1,rural,80,0,0.679,none,truck,0.986,no,8,0.539,25.759
A,B,8.0,2.61,2,urban,80,0,0.247,none,bike,0.928,yes,4,1.0,26.115
E,C,47.0,1.01,4,urban,100,1,0.788,procession,bike,0.572,no,3,0.698,29.123
E,C,25.0,3.6,3,highway,100,2,0.132,none,suv,0.039,no,0,0.145,14.844
B,A,55.0,3.47,2,highway,80,0,0.091,none,bike,0.583,no,0,0.25,21.44
E,B,14.0,1.15,2,rural,60,1,0.826,procession,bike,0.633,no,7,0.709,20.54
A,C,17.0,4.69,2,urban,60,1,0.114,none,sedan,0.412,no,8,0.27,13.97
A,C,28.0,1.52,1,rural,80,0,0.191,vip_movement,bike,0.808,no,8,0.543,19.716
C,A,32.0,3.43,1,rural,60,0,0.919,none,truck,0.727,no,4,0.486,18.217
D,B,16.0,2.34,2,highway,60,0,0.075,none,sedan,0.7,no,8,0.405,14.087
A,D,19.0,1.27,2,urban,100,1,0.656,none,suv,0.28,no,7,0.571,19.242
B,E,24.0,2.96,2,rural,40,0,0.129,none,truck,0.423,no,6,0.306,15.146
E,A,40.0,1.72,1,urban,60,1,0.131,procession,sedan,0.367,no,9,0.422,24.424
E,C,59.0,2.69,2,urban,60,1,0.466,none,bike,0.128,no,0,0.268,25.735
B,E,35.0,4.51,2,rural,100,0,0.033,none,truck,0.215,no,7,0.208,15.589
D,E,33.0,1.78,2,highway,60,2,0.078,none,bike,0.288,no,9,0.388,23.891
A,E,48.0,3.68,1,urban,40,0,0.531,none,sedan,0.387,no,9,0.382,23.38
D,A,26.0,4.62,2,rural,80,2,0.411,none,truck,0.01,no,7,0.241,17.691
C,A,52.0,4.81,2,rural,100,2,0.774,procession,bike,0.479,no,1,0.344,24.775
C,D,39.0,4.28,4,urban,40,0,0.792,none,truck,0.626,no,8,0.457,21.038
E,B,45.0,2.32,2,rural,100,2,0.998,vip_movement,bike,0.731,no,8,0.598,27.739
B,D,10.0,4.46,1,urban,100,2,0.484,procession,sedan,0.601,no,9,0.397,14.388
D,A,42.0,3.21,1,highway,100,0,0.778,vip_movement,sedan,0.756,no,0,0.431,18.968
B,E,19.0,1.37,1,highway,60,1,0.651,none,truck,0.354,no,10,0.593,20.785
C,A,52.0,3.12,2,rural,80,0,0.711,none,sedan,0.491,no,1,0.379,22.19
D,B,39.0,2.28,2,highway,80,0,0.684,none,suv,0.422,no,6,0.457,20.66
B,E,42.0,3.62,3,highway,80,0,0.201,none,truck,0.873,no,4,0.365,19.431
D,B,58.0,3.3,4,urban,60,0,0.879,procession,truck,0.776,no,2,0.472,25.535
B,D,1.0,4.15,1,highway,40,0,0.87,none,suv,0.426,no,3,0.385,7.96
C,E,52.0,3.14,1,rural,40,0,0.254,procession,suv,0.362,no,2,0.27,22.296
C,B,43.0,1.21,4,highway,100,0,0.397,none,truck,0.936,no,10,0.697,26.51
E,A,49.0,3.62,2,rural,100,0,0.819,none,truck,0.47,no,2,0.388,20.868
B,C,26.0,3.61,2,urban,100,2,0.321,none,suv,0.534,no,3,0.312,17.404
D,C,46.0,2.41,1,urban,80,0,0.038,none,truck,0.286,no,1,0.241,19.484
C,D,47.0,4.4,3,rural,100,0,0.303,none,sedan,0.538,no,7,0.329,20.425
C,D,48.0,1.67,2,highway,80,1,0.817,none,truck,0.208,no,1,0.454,25.129
B,E,22.0,4.07,2,highway,100,0,0.289,none,truck,0.216,no,5,0.249,11.82
B,C,23.0,1.13,3,urban,100,1,0.074,procession,truck,0.083,no,1,0.396,17.985
D,C,30.0,3.99,2,rural,40,0,0.342,none,bike,0.471,no,1,0.273,15.182
B,C,25.0,4.13,3,urban,100,1,0.894,vip_movement,truck,0.71,no,7,0.488,17.488
E,D,19.0,2.89,4,rural,80,0,0.07,vip_movement,sedan,0.558,yes,6,1.0,29.629
A,E,23.0,3.5,1,rural,80,0,0.764,procession,suv,0.25,no,7,0.387,14.601
B,E,2.0,1.12,2,urban,60,2,0.822,procession,bike,0.97,no,8,0.796,20.142
A,E,12.0,1.25,2,urban,100,0,0.804,none,truck,0.152,yes,10,1.0,30.114
A,C,1.0,3.95,1,rural,60,1,0.818,none,suv,0.653,no,10,0.496,12.022
B,E,40.0,4.36,3,highway,60,0,0.711,vip_movement,sedan,0.236,no,2,0.301,18.059
E,D,55.0,2.08,2,urban,100,0,0.07,procession,suv,0.421,no,4,0.33,23.501
B,C,24.0,3.77,2,rural,100,1,0.534,procession,bike,0.114,no,6,0.296,15.186
B,E,21.0,3.79,2,rural,60,2,0.704,none,bike,0.761,no,7,0.468,19.203
C,D,13.0,4.39,2,highway,100,1,0.991,procession,suv,0.27,no,5,0.393,12.474
E,D,26.0,4.14,1,urban,40,0,0.816,none,sedan,0.923,no,1,0.454,15.754
D,E,18.0,3.1,1,urban,80,0,0.591,none,sedan,0.981,yes,9,1.0,29.812
B,D,37.0,2.99,2,highway,100,0,0.568,none,suv,0.056,no,1,0.269,16.158
E,C,32.0,2.17,1,rural,100,2,0.575,none,bike,0.097,no,0,0.318,19.582
A,E,32.0,2.59,3,highway,40,1,0.428,none,suv,0.096,yes,2,1.0,35.932
C,A,48.0,1.22,2,urban,40,0,0.445,none,sedan,0.499,no,5,0.567,27.183
E,D,3.0,1.22,3,urban,60,1,0.874,none,sedan,0.616,yes,5,1.0,29.513
E,B,28.0,4.04,2,highway,80,0,0.932,vip_movement,bike,0.127,no,9,0.401,16.444
D,E,55.0,3.91,2,highway,40,0,0.599,none,truck,0.583,no,7,0.409,25.264
E,C,53.0,2.32,3,rural,100,1,0.444,vip_movement,suv,0.537,no,9,0.459,26.947
A,B,54.0,4.1,2,highway,40,2,0.144,none,suv,0.103,no,1,0.157,25.191
D,E,49.0,3.25,2,highway,100,2,0.695,none,bike,0.936,no,9,0.539,27.93
A,E,17.0,2.03,2,urban,80,0,0.258,none,sedan,0.106,no,4,0.31,12.457
E,B,52.0,3.21,4,rural,60,1,0.474,none,bike,0.614,no,2,0.362,24.675
A,E,13.0,1.31,2,highway,80,0,0.992,none,truck,0.36,no,0,0.576,14.49
C,B,28.0,2.15,2,urban,80,2,0.263,none,truck,0.708,no,3,0.411,20.437
C,B,21.0,2.78,2,urban,80,0,0.752,vip_movement,suv,0.945,no,3,0.513,14.827
C,D,17.0,4.79,2,urban,40,0,0.596,procession,truck,0.787,no,10,0.46,14.746
A,D,8.0,3.34,2,rural,100,2,0.738,procession,suv,0.305,no,1,0.338,11.979
E,B,29.0,4.52,2,rural,60,0,0.051,procession,sedan,0.728,no,1,0.254,14.05
B,A,52.0,1.9,2,highway,40,0,0.938,procession,truck,0.693,no,5,0.587,27.102
A,C,54.0,3.54,3,rural,60,0,0.502,none,bike,0.825,no,2,0.398,23.498
C,B,8.0,3.55,3,rural,60,0,0.258,vip_movement,truck,0.721,no,9,0.398,11.09
C,D,11.0,2.65,3,urban,40,2,0.589,none,truck,0.463,no,4,0.401,15.995
A,D,17.0,3.66,2,rural,100,0,0.242,none,sedan,0.148,no,0,0.187,8.838
D,E,58.0,4.26,2,highway,40,0,0.726,none,bike,0.379,no,2,0.335,24.325
B,D,13.0,1.6,1,highway,80,0,0.676,none,bike,0.847,no,9,0.645,16.283
C,A,28.0,1.73,2,urban,100,0,0.644,none,sedan,0.227,no,7,0.476,17.96
E,A,38.0,3.23,2,highway,40,2,0.209,vip_movement,sedan,0.222,no,7,0.28,23.15
C,D,45.0,2.71,2,rural,40,0,0.72,procession,suv,0.507,no,10,0.493,24.27
A,D,10.0,3.9,2,highway,40,2,0.088,none,suv,0.167,no,2,0.174,12.419
A,B,29.0,1.42,3,highway,60,1,0.17,none,suv,0.114,no,3,0.368,20.001
E,A,49.0,2.67,2,rural,80,0,0.253,none,bike,0.758,no,1,0.362,21.4
D,C,11.0,4.74,2,rural,100,2,0.286,procession,bike,0.967,yes,6,1.0,30.056
D,C,37.0,2.36,2,urban,100,1,0.916,procession,truck,0.948,no,4,0.582,22.343
B,D,6.0,2.74,2,urban,40,2,0.684,none,suv,0.629,no,7,0.479,15.809
B,E,31.0,4.63,4,rural,60,2,0.095,vip_movement,truck,0.382,no,4,0.222,18.897
C,A,13.0,3.33,3,highway,60,2,0.766,vip_movement,sedan,0.112,no,8,0.376,16.263
D,A,56.0,1.12,1,rural,60,0,0.738,none,bike,0.666,no,8,0.718,31.554
B,D,58.0,2.63,4,urban,100,2,0.343,none,suv,0.94,no,7,0.479,29.988
E,A,58.0,2.32,2,rural,80,0,0.798,none,sedan,0.707,no,2,0.493,25.888
A,E,38.0,3.35,1,urban,60,2,0.402,vip_movement,truck,0.846,no,1,0.379,22.386
B,E,34.0,2.16,2,rural,40,1,0.466,none,sedan,0.593,no,5,0.447,21.975
A,B,38.0,3.05,3,rural,60,0,0.371,none,truck,0.177,no,0,0.241,16.949
C,D,7.0,2.69,3,highway,40,0,0.924,none,truck,0.159,no,3,0.396,10.518
C,D,31.0,3.59,4,urban,40,0,0.198,none,sedan,0.427,no,10,0.336,18.056
C,E,30.0,4.67,4,highway,80,0,0.86,none,truck,0.357,no,1,0.339,14.663
A,B,30.0,4.32,2,rural,60,1,0.977,procession,suv,0.33,no,0,0.354,17.198
C,E,20.0,1.52,2,urban,40,0,0.059,none,bike,0.709,yes,10,1.0,33.292
E,D,10.0,1.0,2,rural,40,2,0.311,none,truck,0.985,no,2,0.679,21.184
C,B,18.0,4.35,1,urban,40,2,0.183,vip_movement,sedan,0.578,no,9,0.334,17.693
C,A,5.0,2.2,1,rural,100,1,0.178,none,suv,0.595,no,1,0.347,9.939
B,C,51.0,3.23,3,urban,40,0,0.404,procession,suv,0.34,no,3,0.303,22.474
C,A,11.0,3.87,1,highway,40,0,0.438,none,truck,0.692,no,7,0.4,11.99
E,B,3.0,4.45,3,highway,60,0,0.083,none,suv,0.342,no,0,0.175,5.275
B,E,57.0,3.05,3,rural,40,2,0.865,procession,sedan,0.54,no,0,0.412,28.863
D,C,8.0,3.76,3,rural,60,0,0.833,procession,truck,0.069,no,3,0.317,8.997
A,E,2.0,4.33,1,rural,40,2,0.88,none,suv,0.373,no,0,0.343,11.182
C,B,35.0,4.55,3,highway,60,2,0.72,procession,suv,0.186,no,7,0.339,21.889
B,D,38.0,1.16,3,urban,60,0,0.979,none,suv,0.118,no,2,0.585,23.48
A,B,15.0,4.92,3,urban,40,1,0.721,procession,suv,0.928,no,3,0.441,14.526
A,D,57.0,3.03,1,highway,80,0,0.188,none,truck,0.578,no,2,0.305,23.206
A,D,23.0,1.94,2,highway,60,0,0.245,none,sedan,0.485,no,3,0.382,15.405
B,A,10.0,1.0,2,rural,60,0,0.69,procession,sedan,0.418,no,0,0.62,15.68
A,B,45.0,3.15,2,urban,80,1,0.004,vip_movement,sedan,0.593,no,10,0.346,23.548
A,D,20.0,3.49,2,highway,100,0,0.968,vip_movement,truck,0.196,no,10,0.447,14.406
B,C,41.0,3.72,3,urban,60,0,0.626,procession,sedan,0.916,no,4,0.456,20.502
D,B,53.0,1.76,3,urban,60,0,0.421,vip_movement,truck,0.885,no,4,0.528,26.323
A,C,20.0,4.0,4,highway,80,0,0.379,none,suv,0.432,no,5,0.312,12.373
C,A,28.0,3.04,2,urban,100,2,0.207,none,truck,0.788,no,0,0.331,17.851
E,D,59.0,3.5,3,urban,80,0,0.671,vip_movement,sedan,0.565,no,1,0.372,24.046
D,B,23.0,1.91,2,urban,80,0,0.011,vip_movement,truck,0.706,no,1,0.363,14.343
B,D,39.0,4.47,2,highway,60,1,0.946,none,sedan,0.505,no,8,0.46,22.516
D,B,5.0,4.08,3,rural,80,1,0.191,none,sedan,0.18,no,8,0.252,9.849
C,A,33.0,1.1,2,rural,60,1,0.375,none,suv,0.044,no,0,0.447,22.409
C,D,23.0,4.66,2,urban,100,1,0.523,vip_movement,sedan,0.312,no,4,0.293,14.2
C,B,32.0,1.35,2,rural,80,1,0.304,none,sedan,0.448,no,10,0.547,23.775
E,A,49.0,1.44,2,highway,80,0,0.009,procession,bike,0.094,no,1,0.309,22.464
E,D,27.0,1.36,2,rural,40,0,0.398,vip_movement,sedan,0.288,no,2,0.452,18.7
D,C,31.0,2.37,2,rural,40,0,0.22,none,truck,0.97,no,10,0.507,20.481
A,D,45.0,3.4,2,rural,60,0,0.977,vip_movement,bike,0.234,no,2,0.38,20.667
D,A,54.0,2.54,2,urban,60,0,0.228,none,suv,0.416,no,0,0.287,22.538
D,B,31.0,2.31,2,rural,100,2,0.555,none,bike,0.008,no,1,0.296,19.129
B,E,21.0,1.46,2,urban,80,0,0.856,procession,truck,0.315,no,3,0.538,16.708
C,B,50.0,3.45,1,highway,100,2,0.642,none,truck,0.576,no,2,0.38,25.147
D,B,34.0,1.56,2,rural,80,0,0.683,none,suv,0.56,no,10,0.605,22.445
D,B,57.0,4.46,2,rural,80,0,0.136,none,suv,0.46,no,5,0.259,22.811
E,C,28.0,4.82,1,urban,40,0,0.074,vip_movement,sedan,0.987,yes,2,1.0,31.838
B,C,26.0,2.17,2,urban,100,0,0.406,procession,sedan,0.872,no,7,0.51,17.102
C,D,44.0,3.94,1,urban,80,1,0.788,none,truck,0.197,no,8,0.379,22.858
D,E,39.0,4.93,2,rural,40,1,0.749,procession,truck,0.746,no,5,0.43,22.013
E,B,11.0,2.16,2,highway,60,0,0.883,none,sedan,0.684,no,7,0.569,14.199
B,E,33.0,4.82,4,rural,60,0,0.151,none,suv,0.321,no,5,0.227,15.712
C,D,12.0,4.97,2,highway,80,0,0.8,procession,truck,0.4,no,0,0.32,8.811
B,A,10.0,4.21,2,urban,60,0,0.995,vip_movement,suv,0.799,no,8,0.534,12.623
E,D,34.0,1.24,2,urban,60,0,0.265,none,suv,0.059,no,4,0.427,20.799
B,E,16.0,3.44,2,rural,60,0,0.681,none,bike,0.082,no,9,0.359,13.14
A,E,45.0,4.31,2,rural,60,0,0.074,none,sedan,0.447,no,7,0.267,20.231
A,B,32.0,4.99,1,urban,40,0,0.225,none,suv,0.42,no,5,0.259,16.194
B,A,40.0,1.86,2,rural,100,0,0.798,vip_movement,truck,0.209,no,4,0.457,20.555
C,A,49.0,4.93,1,highway,60,0,0.75,none,suv,0.545,no,0,0.34,20.612
C,B,37.0,1.59,4,rural,100,1,0.391,vip_movement,sedan,0.52,no,1,0.444,21.392
A,B,56.0,4.05,4,rural,60,1,0.24,none,truck,0.145,no,3,0.206,24.193
B,D,56.0,1.53,2,highway,60,1,0.778,none,truck,0.202,no,4,0.497,29.327
D,E,16.0,1.58,4,urban,40,0,0.231,none,sedan,0.502,no,9,0.49,16.67
E,A,45.0,1.71,2,rural,100,0,0.878,vip_movement,bike,0.642,no,10,0.638,25.312
E,C,46.0,1.62,2,urban,60,0,0.089,none,suv,0.666,no,1,0.408,22.667
C,B,45.0,2.69,2,highway,80,2,0.582,none,sedan,0.264,no,8,0.398,25.935
B,E,31.0,4.5,3,rural,80,2,0.109,procession,sedan,0.612,no,7,0.303,19.843
A,B,58.0,1.71,3,urban,60,0,0.555,none,truck,0.498,no,6,0.504,28.062
E,C,23.0,2.59,2,rural,40,0,0.33,none,suv,0.224,no,4,0.305,14.688
E,A,34.0,4.86,2,highway,100,0,0.663,none,suv,0.493,no,6,0.373,16.664
C,B,40.0,1.87,2,rural,100,0,0.807,vip_movement,suv,0.819,yes,1,1.0,35.376
E,C,31.0,2.71,2,rural,40,1,0.895,none,sedan,0.138,no,5,0.405,20.193
B,A,50.0,1.79,2,highway,60,2,0.828,none,truck,0.081,no,6,0.466,29.154
C,B,46.0,2.98,2,rural,40,0,0.779,vip_movement,bike,0.964,no,4,0.523,23.511
C,A,4.0,3.4,1,rural,100,0,0.131,none,sedan,0.461,no,5,0.286,7.03
C,B,36.0,3.91,4,highway,40,0,0.139,none,bike,0.525,yes,3,1.0,34.679
E,D,49.0,2.0,1,rural,60,1,0.77,procession,sedan,0.617,no,5,0.528,26.977
D,E,43.0,1.89,2,rural,80,0,0.886,none,truck,0.8,no,5,0.599,23.531
D,A,12.0,2.11,2,rural,40,0,0.05,none,truck,0.689,no,10,0.438,14.352
C,E,24.0,3.06,2,rural,40,1,0.868,none,bike,0.493,no,3,0.433,17.762
C,A,23.0,2.19,1,urban,40,0,0.172,procession,truck,0.079,no,9,0.323,16.209
D,C,32.0,1.41,1,highway,60,0,0.259,none,truck,0.148,yes,0,1.0,34.642
A,E,7.0,4.18,2,urban,80,0,0.213,vip_movement,truck,0.746,no,9,0.377,9.867
A,E,7.0,3.16,2,highway,80,1,0.238,none,sedan,0.973,no,5,0.419,11.869
B,A,8.0,3.37,1,urban,40,0,0.029,vip_movement,truck,0.671,no,2,0.279,9.068
D,A,30.0,3.78,2,urban,80,1,0.815,none,truck,0.578,no,6,0.444,18.965
A,E,31.0,1.51,2,highway,100,2,0.307,none,suv,0.57,no,1,0.45,21.796
E,B,49.0,2.76,4,rural,100,2,0.179,none,bike,0.193,no,6,0.279,25.003
A,B,23.0,4.94,3,highway,80,0,0.36,vip_movement,sedan,0.829,yes,1,1.0,29.112
C,E,46.0,2.14,2,highway,100,0,0.243,none,sedan,0.003,no,6,0.296,20.804
C,A,10.0,1.33,2,urban,60,0,0.101,none,sedan,0.269,no,10,0.475,15.013
D,B,57.0,2.51,2,highway,40,2,0.368,none,bike,0.546,no,6,0.402,30.319
A,C,53.0,1.85,2,rural,80,0,0.346,vip_movement,bike,0.961,no,2,0.497,24.968
A,D,7.0,2.68,4,urban,80,0,0.758,none,truck,0.968,no,10,0.594,12.908
B,D,47.0,4.94,4,highway,60,0,0.755,none,suv,0.012,no,6,0.294,20.754
A,B,11.0,2.22,4,urban,80,1,0.607,none,bike,0.754,no,4,0.492,14.278
B,A,21.0,1.23,3,rural,40,2,0.752,procession,sedan,0.208,yes,1,1.0,36.56
A,E,4.0,1.21,2,urban,40,2,0.71,none,bike,0.639,no,0,0.599,17.307
D,C,20.0,3.92,2,urban,100,0,0.802,vip_movement,bike,0.368,no,9,0.426,13.834
E,A,33.0,3.75,1,urban,40,1,0.819,none,bike,0.961,no,3,0.493,20.761
A,D,41.0,2.02,2,rural,40,0,0.38,none,sedan,0.751,no,6,0.485,22.824
B,E,29.0,3.69,3,urban,100,0,0.247,none,bike,0.097,no,9,0.267,15.028
A,B,28.0,3.37,3,rural,40,0,0.851,vip_movement,suv,0.937,no,8,0.556,19.047
C,D,46.0,4.23,4,urban,80,1,0.243,procession,sedan,0.796,no,1,0.312,21.303
B,E,32.0,2.65,4,highway,40,2,0.567,none,bike,0.842,no,5,0.483,23.313
E,D,23.0,1.12,1,urban,40,0,0.055,none,sedan,0.589,no,3,0.515,19.105
C,B,42.0,1.38,2,highway,80,2,0.716,none,truck,0.983,no,1,0.64,27.818
A,D,13.0,3.55,2,urban,100,0,0.981,none,truck,0.92,no,5,0.543,12.239
E,A,10.0,1.88,2,urban,80,2,0.377,none,sedan,0.365,no,0,0.361,14.259
B,A,4.0,4.49,2,rural,100,0,0.651,none,bike,0.156,no,7,0.32,7.419
D,B,26.0,4.51,4,urban,80,0,0.684,none,sedan,0.035,no,0,0.233,12.234
D,A,43.0,3.03,4,urban,100,0,0.208,none,truck,0.333,yes,6,1.0,36.251
E,A,49.0,3.09,2,urban,40,1,0.969,none,bike,0.356,no,2,0.414,24.858
B,D,58.0,3.14,2,rural,80,0,0.997,none,bike,0.335,no,0,0.394,23.929
C,D,19.0,3.42,2,highway,40,0,0.309,none,suv,0.383,no,2,0.275,12.316
A,D,27.0,2.72,2,urban,100,0,0.18,none,bike,0.174,no,10,0.318,15.621
D,E,48.0,4.55,3,urban,80,2,0.66,none,truck,0.377,no,0,0.295,23.451
A,C,43.0,4.57,1,highway,80,2,0.759,procession,sedan,0.063,no,9,0.342,24.215
A,E,58.0,2.68,2,highway,80,2,0.39,none,bike,0.35,yes,7,1.0,45.664
B,E,8.0,3.75,2,urban,80,1,0.219,none,bike,0.448,no,9,0.33,11.835
E,C,43.0,2.84,1,rural,60,0,0.331,procession,sedan,0.518,no,1,0.321,19.565
E,B,28.0,1.47,1,urban,80,0,0.592,vip_movement,bike,0.239,no,0,0.439,17.205
A,E,38.0,1.55,3,highway,80,0,0.015,procession,bike,0.151,no,9,0.381,21.234
D,E,38.0,4.28,3,highway,100,0,0.379,none,truck,0.586,no,5,0.337,17.435
E,C,36.0,1.6,2,rural,80,2,0.217,none,sedan,0.745,no,7,0.512,25.438
C,E,42.0,2.94,4,urban,100,0,0.961,none,truck,0.234,no,3,0.405,19.451
D,C,43.0,2.48,2,highway,40,0,0.368,none,bike,0.835,no,1,0.411,21.227
C,E,2.0,2.85,2,highway,100,0,0.919,none,truck,0.082,no,9,0.431,8.962
B,A,55.0,3.52,2,rural,60,0,0.844,none,bike,0.415,no,9,0.455,25.772
D,C,48.0,1.97,3,urban,40,1,0.431,none,truck,0.861,no,10,0.561,28.546
B,D,23.0,1.3,2,urban,100,0,0.811,none,truck,0.224,no,10,0.614,19.371
A,D,41.0,2.93,2,highway,100,0,0.516,procession,suv,0.932,no,9,0.516,21.469
A,D,43.0,3.23,3,rural,100,0,0.502,none,bike,0.876,no,5,0.45,20.445
A,B,23.0,2.56,3,rural,40,0,0.536,procession,suv,0.509,no,7,0.435,16.602
B,C,25.0,3.55,2,urban,100,0,0.914,none,truck,0.197,no,4,0.375,13.959
B,D,26.0,1.87,1,rural,60,0,0.302,none,bike,0.25,no,0,0.324,15.217
B,C,16.0,3.14,2,highway,100,0,0.741,none,truck,0.68,no,9,0.502,13.714
B,C,35.0,4.84,2,urban,80,0,0.933,none,bike,0.458,no,2,0.381,16.743
D,E,43.0,3.96,3,rural,60,2,0.87,none,truck,0.11,no,3,0.327,23.536
C,D,26.0,3.65,2,highway,40,0,0.896,none,truck,0.871,yes,8,1.0,32.768
D,E,42.0,2.81,2,rural,60,0,0.659,none,bike,0.484,yes,5,1.0,36.88
C,A,43.0,3.82,2,highway,100,1,0.158,none,truck,0.804,no,2,0.317,20.283
D,E,52.0,2.77,2,urban,80,0,0.524,none,sedan,0.396,no,1,0.338,21.988
C,A,4.0,1.15,4,rural,80,0,0.859,none,truck,0.196,no,6,0.619,13.93
B,D,47.0,1.59,2,rural,80,0,0.421,procession,bike,0.558,no,0,0.448,22.724
A,D,39.0,4.92,2,highway,40,0,0.837,none,bike,0.779,no,9,0.494,21.461
E,A,25.0,3.72,2,rural,100,2,0.71,none,truck,0.91,no,7,0.501,19.758
B,E,11.0,3.05,2,highway,80,1,0.292,vip_movement,truck,0.747,no,10,0.439,14.326
B,A,55.0,3.56,3,urban,60,2,0.891,none,sedan,0.422,no,1,0.385,27.455
A,E,3.0,4.32,4,rural,60,0,0.422,none,truck,0.822,no,9,0.432,9.675
A,C,39.0,2.18,2,urban,100,1,0.104,none,bike,0.864,no,4,0.418,21.473
C,A,38.0,3.53,1,urban,60,2,0.846,procession,truck,0.03,no,5,0.339,22.703
B,E,27.0,4.04,1,highway,40,0,0.045,none,sedan,0.404,no,2,0.209,13.828
B,A,57.0,4.72,2,urban,60,2,0.484,none,sedan,0.187,no,7,0.289,27.949
E,A,28.0,2.97,2,highway,40,1,0.992,none,bike,0.349,no,0,0.403,18.112
A,C,17.0,1.13,3,rural,100,0,0.205,none,truck,0.871,no,6,0.629,17.51
B,A,24.0,1.38,3,rural,100,0,0.445,procession,sedan,0.552,no,6,0.55,18.027
C,B,44.0,4.39,2,urban,60,2,0.757,none,bike,0.989,yes,2,1.0,40.239
C,A,46.0,4.29,1,highway,80,2,0.227,vip_movement,sedan,0.395,no,3,0.248,23.04
C,B,4.0,4.12,1,urban,100,2,0.787,none,sedan,0.656,no,3,0.416,11.672
B,C,5.0,1.02,3,highway,40,0,0.94,none,truck,0.002,no,5,0.632,15.744
A,E,32.0,3.27,3,highway,80,0,0.68,vip_movement,sedan,0.716,no,9,0.492,18.843
A,B,10.0,3.5,4,highway,100,0,0.825,procession,suv,0.528,no,9,0.475,11.475
C,D,9.0,4.33,2,highway,100,0,0.843,none,sedan,0.975,no,5,0.506,10.415
D,A,43.0,1.15,2,rural,100,0,0.291,none,suv,0.675,no,3,0.571,24.067
A,D,13.0,4.3,1,rural,60,1,0.754,none,bike,0.302,no,0,0.304,11.605
D,A,10.0,4.48,2,rural,60,0,0.155,none,truck,0.239,no,0,0.168,7.299
A,B,43.0,2.29,2,highway,40,0,0.45,none,truck,1.0,no,5,0.515,23.227
C,A,59.0,2.29,3,urban,80,0,0.856,procession,truck,0.188,no,2,0.404,25.322
C,A,31.0,2.59,2,urban,80,0,0.602,none,sedan,0.498,no,9,0.465,18.677
B,E,8.0,2.17,2,highway,100,1,0.702,none,truck,0.158,no,0,0.357,10.77
C,E,11.0,1.45,2,highway,60,1,0.308,none,bike,0.184,no,4,0.415,15.199
E,C,23.0,4.62,3,urban,100,0,0.23,procession,bike,0.315,no,8,0.275,12.836
D,B,33.0,1.02,2,urban,40,1,0.147,none,bike,0.407,no,6,0.563,25.636
C,A,42.0,1.62,2,rural,60,0,0.187,none,sedan,0.073,no,8,0.379,22.578
D,C,32.0,4.55,2,urban,60,0,0.478,none,sedan,0.754,no,4,0.374,16.738
B,A,29.0,1.28,4,urban,100,0,0.05,procession,truck,0.781,no,5,0.528,19.368
C,D,35.0,3.39,2,highway,80,2,0.891,none,bike,0.126,no,5,0.371,21.689
D,A,22.0,4.69,3,urban,100,0,0.177,none,sedan,0.982,no,10,0.417,14.337
C,B,55.0,1.3,2,urban,60,2,0.297,none,truck,0.525,no,1,0.481,30.842
C,B,33.0,4.05,2,rural,100,1,0.958,none,sedan,0.392,no,6,0.429,19.123
B,A,26.0,4.75,3,highway,40,0,0.491,none,suv,0.776,no,9,0.428,16.931
A,E,8.0,3.01,1,urban,40,0,0.402,vip_movement,sedan,0.756,no,10,0.464,12.703
B,A,53.0,3.82,2,urban,60,2,0.768,none,truck,0.019,no,8,0.342,27.728
C,D,15.0,4.35,2,highway,40,0,0.608,procession,bike,0.533,no,2,0.34,11.451
E,C,16.0,3.76,2,highway,80,0,0.234,procession,truck,0.224,no,10,0.298,12.111
A,C,45.0,4.99,2,rural,80,0,0.622,none,bike,0.973,no,10,0.499,22.492
D,E,56.0,2.31,3,rural,40,0,0.979,none,bike,0.511,no,9,0.561,28.377
E,D,5.0,2.99,2,urban,60,1,0.251,none,bike,0.808,no,10,0.445,13.125
C,A,40.0,3.02,2,urban,100,2,0.951,none,sedan,0.419,no,10,0.506,25.22
C,E,2.0,1.17,3,highway,60,1,0.249,none,suv,0.539,no,8,0.58,15.778
A,D,13.0,4.26,1,urban,80,0,0.956,procession,suv,0.945,no,10,0.574,13.817
D,A,27.0,2.9,1,highway,40,0,0.324,none,suv,0.581,no,4,0.359,16.211
B,C,3.0,3.16,2,urban,100,0,0.322,none,truck,0.493,no,7,0.36,7.978
A,C,23.0,1.19,3,highway,40,0,0.59,none,suv,0.316,no,6,0.578,20.101
E,D,20.0,2.2,2,rural,80,0,0.413,procession,sedan,0.22,no,6,0.368,14.152
E,B,7.0,1.07,1,highway,80,2,0.763,none,sedan,0.716,no,0,0.669,18.448
C,A,59.0,4.67,2,rural,80,0,0.563,vip_movement,suv,0.933,no,8,0.465,26.019
D,A,18.0,3.0,3,urban,60,0,0.956,none,bike,0.86,no,3,0.526,14.431
C,D,24.0,1.48,1,urban,40,0,0.657,none,suv,0.271,no,7,0.526,19.235
E,B,8.0,3.58,4,rural,80,0,0.598,vip_movement,sedan,0.791,no,7,0.46,10.793
C,B,37.0,1.48,2,highway,100,0,0.413,none,truck,0.176,no,1,0.398,19.157
D,A,43.0,1.1,4,urban,100,2,0.212,none,sedan,0.251,yes,10,1.0,43.934
D,C,15.0,4.41,3,urban,60,0,0.61,none,suv,0.624,no,9,0.428,13.21
B,A,15.0,1.67,2,urban,80,0,0.983,none,bike,0.948,no,3,0.656,15.651
D,B,10.0,1.95,1,highway,40,1,0.201,none,sedan,0.266,no,1,0.308,12.846
C,A,29.0,3.92,3,highway,40,0,0.528,vip_movement,sedan,0.485,no,3,0.335,15.924
D,A,21.0,3.72,2,urban,80,0,0.75,procession,truck,0.322,no,1,0.332,12.167
C,B,28.0,3.67,2,highway,80,0,0.273,procession,truck,0.215,no,2,0.227,13.429
D,A,5.0,2.12,2,highway,100,2,0.879,none,sedan,0.54,yes,1,1.0,28.557
D,C,23.0,1.86,2,rural,60,0,0.033,vip_movement,bike,0.234,no,10,0.369,16.775
E,D,50.0,4.58,2,urban,60,0,0.206,none,bike,0.664,no,1,0.271,20.505
D,A,24.0,3.0,3,rural,60,1,0.451,vip_movement,bike,0.721,yes,9,1.0,34.166
D,E,31.0,4.36,3,rural,40,2,0.196,none,sedan,0.871,no,8,0.385,21.901
D,E,51.0,3.03,4,urban,40,0,0.421,vip_movement,suv,0.122,no,10,0.341,24.361
B,A,28.0,1.55,2,highway,40,0,0.522,vip_movement,truck,0.486,yes,8,1.0,35.233
C,D,40.0,2.58,2,highway,80,1,0.899,none,sedan,0.664,no,10,0.567,24.612
D,E,1.0,2.15,3,urban,60,0,0.882,none,truck,0.937,yes,8,1.0,25.729
D,E,21.0,3.67,4,urban,80,2,0.158,procession,truck,0.573,no,1,0.265,15.512
B,A,39.0,3.8,1,rural,100,0,0.379,none,truck,0.894,no,2,0.38,17.716
A,E,50.0,1.5,2,rural,60,0,0.705,vip_movement,suv,0.373,no,0,0.482,24.657
D,B,9.0,3.17,3,urban,100,0,0.441,none,bike,0.432,no,6,0.361,9.59
D,C,43.0,3.04,4,highway,40,0,0.427,none,bike,0.217,no,1,0.27,19.448
D,C,14.0,2.0,2,rural,60,0,0.014,none,truck,0.146,no,9,0.322,13.217
D,A,40.0,3.37,3,rural,40,0,0.066,vip_movement,sedan,0.923,no,5,0.367,20.151
D,E,25.0,4.44,1,urban,100,0,0.189,procession,sedan,0.689,no,2,0.286,12.38
D,B,28.0,2.39,3,rural,80,0,0.435,none,bike,0.779,no,2,0.43,16.194
A,D,38.0,4.97,2,rural,60,2,0.664,none,sedan,0.391,no,2,0.312,21.423
A,C,16.0,4.34,2,highway,80,0,0.602,none,bike,0.935,no,1,0.409,11.246
E,A,21.0,3.02,2,highway,100,0,0.554,none,sedan,0.85,no,2,0.433,13.188
B,E,47.0,1.69,3,rural,80,0,0.403,none,suv,0.617,no,2,0.461,23.072
D,B,46.0,2.58,1,highway,40,2,0.954,none,suv,0.744,no,4,0.535,27.884
A,B,57.0,4.41,2,urban,80,0,0.77,none,bike,0.769,no,10,0.498,26.218
D,C,15.0,4.64,1,rural,100,0,0.674,none,truck,0.799,no,8,0.461,12.283
D,C,13.0,1.45,2,urban,100,1,0.573,vip_movement,bike,0.25,no,8,0.521,16.66
B,D,30.0,3.97,1,rural,40,0,0.044,none,bike,0.312,no,6,0.232,15.78
C,E,1.0,2.42,3,highway,60,0,0.977,none,sedan,0.268,no,1,0.425,8.315
B,C,3.0,1.14,3,rural,80,0,0.227,procession,truck,0.412,no,3,0.509,11.984
B,C,18.0,3.21,1,highway,40,0,0.707,none,truck,0.012,no,10,0.369,14.643
E,D,9.0,3.15,2,rural,80,1,0.551,procession,bike,0.893,no,7,0.486,13.55
C,A,27.0,3.76,2,rural,80,0,0.964,none,bike,0.246,no,3,0.378,14.815
D,A,41.0,1.17,1,urban,80,0,0.175,none,bike,0.541,no,6,0.546,24.249
C,D,36.0,3.19,2,rural,80,1,0.22,none,bike,0.416,no,10,0.352,20.891
C,B,32.0,1.47,2,rural,80,0,0.228,none,suv,0.11,no,1,0.351,17.72
A,E,58.0,3.42,1,highway,40,0,0.732,procession,suv,0.148,no,4,0.333,24.992
B,C,6.0,2.38,3,urban,60,0,0.12,none,suv,0.522,no,6,0.356,10.16
C,D,29.0,4.85,3,rural,60,2,0.02,procession,sedan,0.319,no,0,0.15,16.735
D,E,35.0,3.83,1,rural,40,2,0.087,vip_movement,bike,0.142,yes,3,0.98,38.21
C,E,7.0,1.12,2,highway,80,2,0.534,none,bike,0.161,no,6,0.558,18.359
E,D,13.0,2.68,2,rural,100,0,0.707,none,bike,0.531,no,9,0.487,12.939
E,D,15.0,3.04,1,urban,60,0,0.537,none,suv,0.149,no,2,0.289,10.934
C,D,42.0,1.19,2,rural,40,1,0.581,procession,bike,0.973,no,4,0.687,28.484
D,C,45.0,3.1,2,rural,80,2,0.696,none,sedan,0.209,no,9,0.4,25.913
A,B,31.0,4.62,3,highway,40,2,0.382,procession,sedan,0.573,no,9,0.367,21.856
C,A,37.0,2.65,3,highway,60,0,0.853,none,sedan,0.323,no,8,0.466,20.746
D,B,30.0,2.6,1,highway,80,0,0.809,vip_movement,suv,0.634,no,7,0.513,18.454
B,D,53.0,2.43,3,highway,60,2,0.71,vip_movement,suv,0.798,no,8,0.546,30.517
B,E,32.0,3.29,2,urban,80,0,0.18,procession,sedan,0.7,no,3,0.328,16.0
C,E,39.0,3.28,3,highway,100,0,0.643,none,suv,0.663,yes,7,1.0,35.125
B,A,19.0,2.67,1,urban,60,0,0.027,none,truck,0.177,no,3,0.22,11.873
B,A,33.0,2.61,2,urban,40,2,0.664,none,truck,0.094,no,3,0.335,21.767
B,D,26.0,4.69,2,urban,60,0,0.385,none,truck,0.365,no,0,0.235,12.721
A,C,21.0,2.2,2,highway,40,0,0.9,none,truck,0.492,no,6,0.52,16.98
B,E,2.0,3.46,1,highway,40,0,0.788,vip_movement,bike,0.896,no,1,0.463,8.87
E,B,25.0,3.07,2,rural,40,2,0.144,vip_movement,sedan,0.091,no,10,0.277,19.899
D,A,57.0,3.36,2,urban,40,2,0.528,vip_movement,truck,0.326,no,8,0.37,29.885
E,C,21.0,2.43,2,urban,40,0,0.106,none,bike,0.138,no,9,0.304,15.197
E,A,30.0,4.03,4,urban,100,0,0.235,vip_movement,truck,0.688,no,9,0.374,16.279
C,D,34.0,1.25,2,highway,100,1,0.302,none,bike,0.13,no,2,0.427,21.376
C,A,19.0,4.36,1,urban,80,0,0.342,none,sedan,0.183,no,1,0.207,10.114
A,B,38.0,4.66,2,highway,40,0,0.015,none,sedan,0.489,no,4,0.227,17.538
D,B,59.0,3.72,2,highway,100,1,0.55,procession,suv,0.626,yes,0,1.0,41.542
D,B,29.0,3.09,2,urban,40,1,0.111,none,suv,0.083,no,2,0.188,16.597
A,C,36.0,3.42,3,rural,80,0,0.889,procession,truck,0.721,no,1,0.449,17.948
E,B,23.0,1.83,4,rural,40,2,0.879,none,truck,0.585,no,3,0.542,21.656
C,A,51.0,2.55,2,rural,100,2,0.823,none,truck,0.025,no,3,0.356,25.923
B,C,2.0,1.02,1,rural,60,2,0.481,none,truck,0.225,no,1,0.545,16.665
E,A,31.0,1.87,4,urban,100,0,0.626,none,suv,0.206,no,4,0.42,17.474
B,D,19.0,4.26,2,urban,60,2,0.217,none,bike,0.205,no,0,0.178,14.158
D,C,6.0,1.67,3,urban,60,2,0.156,vip_movement,suv,0.386,no,4,0.388,14.967
D,C,43.0,2.31,1,urban,40,1,0.473,none,suv,0.211,no,7,0.38,24.26
B,E,55.0,1.87,4,rural,60,0,0.299,none,truck,0.283,no,10,0.43,26.978
B,A,30.0,3.97,2,urban,60,1,0.768,none,truck,0.218,no,3,0.328,17.641
D,B,11.0,1.59,4,urban,80,1,0.468,none,bike,0.797,no,9,0.594,17.18
B,C,18.0,2.27,2,urban,60,0,0.119,none,suv,0.07,no,10,0.314,14.245
A,E,4.0,4.35,2,urban,100,0,0.594,vip_movement,suv,0.16,no,8,0.323,7.676
C,B,40.0,1.42,4,highway,60,0,0.991,procession,truck,0.312,no,9,0.632,25.148
D,A,32.0,2.64,2,highway,100,1,0.128,none,suv,0.59,no,7,0.365,19.043
C,D,42.0,3.53,3,urban,100,0,0.014,none,truck,0.026,no,4,0.161,16.927
A,D,23.0,4.79,1,rural,40,1,0.986,none,sedan,0.385,no,10,0.458,18.522
B,D,29.0,1.94,3,highway,80,0,0.521,none,sedan,0.558,no,1,0.432,16.795
B,D,3.0,4.96,1,rural,60,0,0.304,none,bike,0.338,no,8,0.289,7.897
D,C,5.0,4.28,2,rural,80,1,0.793,none,bike,0.963,no,8,0.525,12.515
C,A,18.0,4.46,4,rural,40,2,0.129,none,suv,0.383,no,2,0.212,15.043
D,B,5.0,3.46,2,rural,100,1,0.333,none,suv,0.712,no,7,0.395,10.793
B,C,45.0,2.3,1,rural,60,2,0.81,vip_movement,sedan,0.857,no,5,0.557,27.738
E,C,38.0,2.93,4,urban,100,1,0.706,none,bike,0.541,no,8,0.466,21.865
A,B,34.0,2.75,2,rural,60,0,0.101,none,sedan,0.198,no,5,0.255,17.074
E,A,40.0,3.15,3,highway,60,0,0.216,none,truck,0.519,no,9,0.364,20.528
A,C,52.0,3.31,3,urban,100,0,0.031,procession,bike,0.563,no,7,0.31,22.104
B,E,10.0,4.7,3,highway,80,2,0.601,procession,bike,0.229,no,9,0.341,14.275
D,C,29.0,4.34,4,rural,80,1,0.233,none,sedan,0.446,no,6,0.288,16.929
C,E,4.0,2.93,3,highway,40,1,0.27,procession,bike,0.701,no,6,0.391,12.016
E,D,36.0,2.25,3,rural,100,1,0.521,none,sedan,0.441,no,10,0.47,22.222
B,D,53.0,1.59,3,rural,100,1,0.667,none,bike,0.375,no,1,0.471,26.459
B,C,31.0,1.03,2,urban,40,0,0.385,none,suv,0.154,no,1,0.506,21.422
A,D,54.0,4.68,3,rural,40,1,0.267,procession,sedan,0.949,no,7,0.399,26.655
C,B,33.0,1.02,1,rural,80,2,0.479,none,bike,0.801,no,8,0.727,28.67
A,B,1.0,3.51,2,urban,80,2,0.276,none,sedan,0.388,no,2,0.267,9.794
B,D,19.0,2.03,2,highway,80,0,0.866,none,bike,0.107,yes,7,1.0,30.564
C,A,21.0,3.57,4,highway,100,0,0.284,vip_movement,bike,0.506,no,0,0.27,10.898
C,B,6.0,1.88,4,rural,80,2,0.947,none,sedan,0.141,no,4,0.471,14.967
A,D,52.0,1.09,2,rural,100,2,0.156,vip_movement,bike,0.77,no,0,0.552,30.209
E,C,52.0,2.63,2,highway,60,0,0.902,none,suv,0.059,no,10,0.444,25.444
A,E,16.0,1.19,1,urban,100,0,0.94,none,suv,0.35,no,10,0.695,18.454
E,A,56.0,4.35,2,rural,100,1,0.602,procession,suv,0.455,yes,0,1.0,40.448
B,E,56.0,2.23,4,highway,80,1,0.758,none,truck,0.051,no,4,0.381,26.657
D,E,53.0,2.4,2,urban,40,0,0.291,none,truck,0.391,no,0,0.303,23.014
B,D,3.0,2.26,2,urban,40,1,0.284,procession,bike,0.282,no,1,0.3,10.321
B,C,38.0,3.8,1,urban,60,0,0.511,none,suv,0.596,no,10,0.427,20.485
D,B,54.0,3.96,1,urban,40,0,0.224,none,sedan,0.962,no,5,0.388,24.345
A,D,9.0,1.81,2,urban,40,0,0.137,none,suv,0.52,no,8,0.432,13.381
C,A,40.0,4.93,1,highway,40,0,0.296,vip_movement,sedan,0.552,no,1,0.261,17.822
B,A,28.0,2.57,2,highway,100,1,0.28,procession,suv,0.725,no,2,0.377,17.016
D,E,44.0,2.01,3,rural,100,0,0.025,none,bike,0.761,no,8,0.436,22.15
E,C,5.0,3.96,4,highway,100,1,0.346,none,bike,0.292,no,9,0.319,10.249
A,B,47.0,1.94,2,highway,60,0,0.38,none,bike,0.094,no,1,0.311,21.478
C,D,39.0,2.96,3,highway,60,2,0.13,none,truck,0.115,no,5,0.234,22.232
C,B,47.0,2.67,2,highway,40,0,0.957,procession,bike,0.01,no,4,0.383,22.6
B,A,5.0,1.13,2,urban,40,2,0.135,none,suv,0.254,no,2,0.452,16.844
D,C,52.0,2.11,1,highway,60,1,0.74,none,truck,0.864,yes,8,1.0,43.066
C,E,6.0,1.14,2,rural,80,1,0.479,none,sedan,0.355,no,4,0.557,15.546
E,A,49.0,4.79,2,urban,100,0,0.518,none,suv,0.839,no,10,0.455,22.795
A,B,11.0,3.71,2,rural,60,0,0.02,vip_movement,truck,0.238,yes,4,0.999,26.94
D,B,10.0,3.02,2,highway,80,0,0.878,procession,suv,0.639,no,7,0.506,12.116
C,E,18.0,4.61,2,highway,80,0,0.828,none,bike,0.457,no,5,0.394,12.42
C,D,41.0,4.74,3,highway,60,0,0.317,none,bike,0.278,no,4,0.244,18.09
B,A,34.0,4.02,2,urban,40,0,0.523,none,suv,0.642,no,1,0.343,17.069
E,D,49.0,3.8,2,urban,80,0,0.795,none,suv,0.999,no,9,0.554,24.355
B,D,35.0,1.03,3,urban,100,2,0.86,none,bike,0.402,no,0,0.639,26.228
D,B,32.0,1.61,2,rural,60,0,0.945,procession,bike,0.26,no,8,0.57,21.511
A,C,45.0,1.59,2,rural,60,2,0.028,procession,truck,0.88,no,4,0.473,27.671
E,A,47.0,3.07,2,highway,40,0,0.639,none,bike,0.307,no,3,0.35,21.823
B,A,49.0,3.74,1,highway,100,0,0.085,procession,bike,0.635,no,2,0.271,19.646
B,D,2.0,3.28,1,highway,100,0,0.194,none,sedan,0.126,no,7,0.256,6.582
E,A,33.0,3.49,2,urban,40,0,0.054,vip_movement,sedan,0.665,no,9,0.348,18.618
B,D,16.0,4.51,2,rural,40,0,0.573,none,sedan,0.376,no,9,0.368,13.392
B,D,52.0,4.9,1,rural,40,0,0.038,none,truck,0.901,yes,1,1.0,38.82
C,B,15.0,1.08,3,urban,60,2,0.395,none,sedan,0.892,no,3,0.657,21.793
C,B,24.0,3.16,2,urban,60,0,0.411,procession,bike,0.739,no,7,0.427,15.951
B,C,41.0,3.8,3,highway,60,0,0.896,none,bike,0.668,no,10,0.518,22.295
D,B,22.0,2.21,1,rural,80,0,0.451,none,suv,0.412,no,4,0.393,14.589
A,C,41.0,2.52,1,highway,60,1,0.522,none,bike,0.429,no,7,0.419,23.373
B,A,14.0,2.76,3,highway,40,0,0.092,none,sedan,0.583,no,4,0.32,12.01
A,C,44.0,2.63,2,rural,80,2,0.86,none,truck,0.39,no,8,0.482,26.521
C,B,8.0,1.12,2,rural,40,0,0.78,vip_movement,bike,0.279,no,5,0.62,16.082
C,D,10.0,3.33,3,urban,100,0,0.603,procession,sedan,0.098,no,2,0.28,8.203
A,D,28.0,2.78,1,rural,80,0,0.476,none,suv,0.18,no,5,0.325,15.446
C,E,20.0,4.86,3,urban,40,0,0.48,procession,truck,0.608,no,10,0.4,15.028
C,A,40.0,4.67,2,rural,60,0,0.547,none,bike,0.474,no,8,0.37,19.869
B,D,34.0,2.4,3,highway,100,0,0.889,none,truck,0.587,no,7,0.532,19.496
C,E,8.0,3.37,1,urban,60,0,0.488,none,truck,0.857,no,9,0.478,11.964
B,D,9.0,1.58,2,rural,100,2,0.86,none,truck,0.075,no,10,0.54,17.758
A,D,17.0,1.41,2,urban,80,2,0.575,procession,bike,0.773,no,8,0.634,21.595
B,D,44.0,3.1,2,urban,60,0,0.812,vip_movement,bike,0.984,no,4,0.528,22.397
A,D,7.0,4.22,2,rural,100,0,0.226,vip_movement,suv,0.792,no,4,0.339,7.971
E,C,19.0,3.38,4,urban,100,0,0.485,procession,bike,0.348,no,5,0.335,12.027
E,B,15.0,1.33,1,rural,40,0,0.126,none,bike,0.754,no,4,0.518,16.25
C,B,8.0,3.79,2,urban,40,0,0.77,vip_movement,suv,0.723,no,7,0.474,11.858
E,B,57.0,4.3,4,urban,80,1,0.376,none,truck,0.697,no,10,0.408,27.339
C,D,8.0,2.61,3,rural,60,1,0.328,procession,truck,0.741,no,1,0.377,11.788
D,E,14.0,4.27,1,rural,40,1,0.367,none,truck,0.58,no,7,0.353,14.303
C,B,44.0,2.05,2,rural,100,0,0.578,none,suv,0.126,no,9,0.426,22.197
B,D,18.0,4.17,2,urban,60,0,0.452,none,sedan,0.591,no,6,0.364,12.942
E,A,5.0,1.3,3,highway,40,0,0.927,none,suv,0.233,no,8,0.619,15.129
A,C,36.0,1.47,1,urban,60,2,0.345,vip_movement,bike,0.19,no,9,0.47,26.204
C,D,20.0,3.43,1,urban,100,0,0.287,procession,sedan,0.902,no,6,0.414,13.299
A,B,35.0,1.0,2,rural,40,0,0.694,none,suv,0.02,no,0,0.541,22.887
C,B,32.0,2.98,1,rural,40,1,0.97,vip_movement,sedan,0.863,no,3,0.531,21.181
A,B,44.0,2.77,3,rural,80,0,0.126,none,bike,0.482,no,3,0.296,19.57
A,E,13.0,3.16,1,rural,100,1,0.087,procession,sedan,0.255,no,9,0.285,12.633
D,A,57.0,4.13,2,rural,40,0,0.32,none,suv,0.64,no,4,0.329,24.398
B,A,19.0,3.07,3,highway,40,2,0.996,procession,truck,0.442,no,8,0.498,19.902
E,B,46.0,1.05,1,highway,40,0,0.715,none,truck,0.722,no,2,0.688,27.836
D,C,22.0,2.22,1,highway,80,2,0.309,none,sedan,0.003,no,0,0.242,16.274
D,E,59.0,2.15,1,highway,100,0,0.331,none,truck,0.575,no,9,0.457,26.889
C,E,23.0,1.09,2,highway,80,0,0.408,vip_movement,bike,0.975,no,5,0.695,20.454
E,C,20.0,1.62,2,highway,100,0,0.108,vip_movement,bike,0.124,no,1,0.304,12.829
A,E,32.0,3.7,2,urban,40,0,0.603,none,bike,0.376,yes,3,1.0,33.552
E,B,41.0,1.69,2,rural,100,1,0.803,none,sedan,0.592,no,1,0.526,23.23
A,E,2.0,4.38,2,highway,40,0,0.377,none,suv,0.287,no,0,0.224,5.984
A,C,8.0,1.43,2,urban,100,1,0.507,none,sedan,0.103,no,6,0.462,14.224
A,E,19.0,3.75,3,urban,100,1,0.992,none,bike,0.827,no,1,0.48,14.538
A,E,22.0,4.05,2,rural,80,0,0.462,procession,sedan,0.709,no,0,0.333,12.165
B,A,15.0,4.15,2,highway,80,2,0.334,none,suv,0.194,no,5,0.252,14.224
E,C,37.0,1.99,2,rural,100,2,0.886,none,suv,0.124,no,6,0.463,23.951
C,E,15.0,1.76,2,urban,40,0,0.074,vip_movement,sedan,0.538,no,10,0.449,15.825
D,A,10.0,1.91,1,highway,80,0,0.715,none,sedan,0.412,no,9,0.525,13.665
A,E,8.0,1.52,2,rural,100,0,0.264,none,truck,0.953,no,4,0.546,12.443
B,D,9.0,4.6,2,urban,40,1,0.462,none,bike,0.579,no,4,0.335,11.935
C,A,26.0,3.88,2,urban,80,2,0.235,none,suv,0.674,no,9,0.375,19.636
A,B,31.0,4.87,2,urban,40,0,0.412,none,sedan,0.835,no,2,0.352,16.244
A,E,30.0,2.82,2,urban,80,0,0.559,vip_movement,sedan,0.059,no,3,0.296,15.329
D,B,55.0,2.31,3,urban,60,0,0.458,none,suv,0.432,no,6,0.411,25.477
B,D,55.0,1.3,3,rural,100,1,0.879,none,suv,0.015,no,7,0.557,29.827
C,D,34.0,2.64,1,highway,40,0,0.987,vip_movement,bike,0.685,no,8,0.566,21.356
B,A,20.0,4.14,2,urban,100,0,0.091,none,bike,0.283,no,8,0.252,11.824
B,C,48.0,3.39,1,urban,60,2,0.714,none,bike,0.16,no,9,0.383,26.999
D,C,9.0,2.01,3,highway,60,0,0.678,vip_movement,truck,0.776,no,2,0.51,12.179
E,A,18.0,4.34,2,highway,40,0,0.8,none,suv,0.137,no,6,0.339,13.144
A,D,2.0,1.83,3,highway,40,0,0.068,procession,suv,0.569,no,5,0.396,10.281
A,D,27.0,2.44,2,urban,40,0,0.643,none,suv,0.959,no,1,0.495,17.297
C,B,4.0,3.54,1,rural,80,0,0.981,none,sedan,0.575,no,10,0.524,10.853
A,D,32.0,4.67,1,highway,40,0,0.751,none,suv,0.504,no,6,0.397,17.836
B,E,56.0,4.25,2,highway,80,0,0.257,none,suv,0.899,no,7,0.395,24.33
D,C,2.0,1.26,4,rural,100,0,0.2,none,bike,0.975,yes,0,1.0,25.081
E,B,16.0,4.75,1,rural,40,1,0.332,none,truck,0.097,no,3,0.2,12.451
D,C,57.0,3.01,3,highway,80,0,0.095,none,sedan,0.412,no,8,0.314,24.504
B,D,24.0,3.3,2,rural,80,0,0.614,none,suv,0.776,no,6,0.459,15.507
C,A,39.0,4.36,4,urban,100,0,0.941,vip_movement,suv,0.919,no,3,0.494,18.884
C,E,58.0,2.52,3,urban,100,0,0.217,none,sedan,0.622,no,10,0.427,26.155
E,D,52.0,3.73,4,highway,60,1,0.077,procession,bike,0.226,no,1,0.178,22.42
A,E,31.0,4.63,2,urban,40,1,0.322,procession,bike,0.035,no,7,0.228,18.058
E,B,47.0,4.31,2,highway,60,0,0.376,none,bike,0.779,no,0,0.324,19.998
D,E,24.0,1.77,3,urban,40,0,0.46,none,bike,0.373,no,0,0.393,15.959
A,E,42.0,1.86,2,urban,60,0,0.89,procession,sedan,0.792,no,2,0.571,22.901
B,A,23.0,2.3,4,urban,60,2,0.89,none,sedan,0.714,no,10,0.595,22.525
A,D,17.0,4.66,4,rural,80,0,0.882,none,bike,0.691,no,8,0.48,13.579
C,A,28.0,4.68,4,highway,100,2,0.254,procession,truck,0.5,no,10,0.336,19.33
C,E,51.0,4.39,1,rural,60,0,0.598,vip_movement,truck,0.895,no,7,0.46,23.937
A,D,53.0,3.03,2,urban,100,0,0.731,procession,bike,0.621,no,2,0.423,22.678
C,D,1.0,1.11,2,urban,60,0,0.5,none,sedan,0.899,no,3,0.672,13.641
C,A,40.0,3.88,2,urban,40,0,0.165,none,sedan,0.604,no,2,0.277,18.459
C,A,1.0,1.25,4,rural,100,0,0.59,none,suv,0.512,no,7,0.609,12.276
E,A,35.0,4.17,2,urban,100,0,0.911,none,suv,0.002,no,8,0.359,17.387
A,E,48.0,1.56,1,highway,60,2,0.037,vip_movement,bike,0.279,no,2,0.34,26.907
E,A,57.0,3.78,2,rural,60,0,0.043,none,suv,0.301,no,7,0.245,23.768
B,E,24.0,3.73,2,highway,100,0,0.035,procession,suv,0.364,no,9,0.277,13.613
B,D,3.0,1.28,2,rural,80,2,0.669,none,truck,0.504,no,3,0.576,16.156
D,C,5.0,2.34,2,urban,80,0,0.606,procession,bike,0.368,no,6,0.426,10.098
E,B,50.0,4.49,4,highway,40,0,0.535,none,bike,0.848,no,5,0.416,23.272
E,A,15.0,1.57,2,highway,40,0,0.088,vip_movement,suv,0.601,no,6,0.452,15.401
A,D,58.0,1.49,2,urban,100,0,0.512,vip_movement,truck,0.828,no,3,0.567,27.533
D,E,24.0,4.65,4,rural,80,1,0.453,vip_movement,truck,0.656,no,2,0.328,14.953
A,C,55.0,3.5,1,highway,40,1,0.907,vip_movement,sedan,0.82,no,1,0.47,26.828
C,B,55.0,1.33,1,rural,100,0,0.342,none,bike,0.007,no,5,0.42,25.96
D,E,46.0,2.58,2,urban,40,0,0.439,none,bike,0.774,no,10,0.498,24.72
C,E,50.0,3.4,2,rural,60,0,0.96,none,suv,0.399,no,7,0.459,23.961
E,B,22.0,4.03,3,urban,100,0,0.765,none,sedan,0.944,yes,3,1.0,28.942
B,C,29.0,4.51,2,urban,60,0,0.846,none,suv,0.325,no,9,0.413,17.238
E,D,58.0,4.59,3,rural,100,0,0.16,none,truck,0.651,yes,2,1.0,39.389
E,C,20.0,2.72,2,rural,100,0,0.369,none,sedan,0.992,no,5,0.469,14.036
C,B,28.0,3.65,1,rural,100,0,0.644,none,suv,0.009,no,0,0.24,12.675
E,C,45.0,3.23,1,rural,60,2,0.659,vip_movement,bike,0.738,no,3,0.433,25.477
C,B,32.0,4.58,3,highway,60,0,0.408,none,bike,0.195,no,0,0.208,14.27
E,B,51.0,1.97,1,urban,80,0,0.622,none,bike,0.622,no,7,0.522,25.451
E,B,55.0,3.82,2,highway,100,1,0.116,none,truck,0.348,no,2,0.217,22.883
C,D,9.0,2.62,3,highway,60,0,0.576,none,bike,0.072,no,1,0.292,9.226
A,D,15.0,4.79,2,urban,60,1,0.91,procession,sedan,0.783,no,3,0.452,14.167
D,B,38.0,1.5,3,rural,80,1,0.876,procession,bike,0.957,no,5,0.684,25.576
E,A,15.0,1.87,2,highway,100,0,0.688,procession,bike,0.769,no,9,0.596,15.437
E,A,46.0,4.24,2,urban,80,2,0.235,none,truck,0.705,yes,0,1.0,39.978
B,C,46.0,2.22,2,urban,80,2,0.901,none,bike,0.75,no,7,0.58,28.257
A,E,29.0,4.7,2,rural,40,2,0.592,procession,suv,0.863,no,4,0.416,20.725
D,E,51.0,2.78,1,urban,40,0,0.18,none,sedan,0.256,no,3,0.261,22.313
B,A,7.0,2.81,1,rural,40,1,0.476,vip_movement,bike,0.171,no,8,0.352,13.001
B,A,30.0,4.31,3,urban,40,0,0.286,procession,truck,0.639,no,4,0.318,16.141
C,A,30.0,2.36,2,highway,40,0,0.496,none,sedan,0.324,no,4,0.374,17.659
B,C,42.0,2.5,1,highway,60,0,0.533,procession,suv,0.342,no,8,0.415,21.852
B,C,5.0,4.98,2,urban,80,0,0.923,none,suv,0.414,no,6,0.408,8.784
C,B,17.0,1.68,3,rural,80,2,0.492,none,bike,0.072,no,6,0.411,18.393
B,A,27.0,3.39,2,urban,60,0,0.25,none,suv,0.102,no,6,0.248,14.76
D,E,3.0,3.07,2,rural,40,0,0.488,none,sedan,0.989,no,10,0.526,11.785
B,D,31.0,4.52,3,urban,40,0,0.875,procession,sedan,0.139,no,7,0.361,17.418
C,E,50.0,3.15,2,highway,40,1,0.107,procession,suv,0.552,no,3,0.289,24.071
B,D,25.0,1.05,2,highway,100,0,0.274,none,bike,0.515,no,2,0.557,18.714
C,E,23.0,2.59,2,urban,80,0,0.253,none,suv,0.285,no,8,0.342,14.846
C,B,50.0,2.0,4,highway,80,0,0.612,procession,truck,0.663,yes,9,1.0,40.294
D,B,43.0,2.81,3,rural,100,2,0.333,none,bike,0.377,yes,0,1.0,39.182
D,B,49.0,2.81,1,highway,80,1,0.655,procession,truck,0.368,no,3,0.377,23.853
B,A,2.0,1.41,2,rural,100,2,0.529,vip_movement,bike,0.24,no,2,0.458,13.624
D,E,53.0,3.57,2,highway,40,0,0.554,vip_movement,sedan,0.486,no,2,0.34,23.099
D,A,50.0,3.18,2,rural,100,2,0.999,none,bike,0.748,no,6,0.535,27.624
A,B,52.0,2.43,1,highway,40,0,0.779,none,bike,0.128,no,9,0.436,25.811
A,D,8.0,3.93,1,highway,100,0,0.531,vip_movement,bike,0.105,no,2,0.249,7.065
C,B,44.0,4.66,2,rural,100,2,0.204,procession,suv,0.314,no,6,0.249,22.466
C,B,11.0,4.78,4,highway,80,0,0.765,vip_movement,bike,0.089,no,5,0.304,9.39
B,C,48.0,1.41,3,rural,40,0,0.814,none,sedan,0.928,no,0,0.633,26.287
E,C,19.0,1.49,2,rural,100,0,0.586,none,truck,0.421,no,10,0.569,17.237
A,E,30.0,2.13,1,urban,80,1,0.528,none,sedan,0.893,no,9,0.562,21.77
E,B,34.0,2.49,1,highway,60,0,0.227,procession,sedan,0.573,no,5,0.37,18.409
A,E,52.0,2.82,2,highway,100,0,0.884,none,suv,0.994,no,8,0.597,25.444
E,A,3.0,4.17,1,highway,80,0,0.987,none,suv,0.231,no,0,0.34,6.495
B,A,32.0,1.63,2,urban,40,1,0.365,procession,sedan,0.994,no,3,0.547,22.742
C,B,56.0,1.85,2,urban,100,0,0.308,none,sedan,0.139,no,8,0.386,25.47
D,B,5.0,1.2,2,rural,60,1,0.741,none,truck,0.714,yes,6,1.0,30.358
C,B,53.0,2.71,2,rural,40,2,0.411,none,suv,0.224,no,3,0.305,27.39
B,D,36.0,4.03,2,urban,40,0,0.842,none,suv,0.136,no,9,0.385,19.689
E,D,24.0,4.64,2,rural,40,0,0.768,none,bike,0.351,no,8,0.39,15.781
A,E,18.0,4.48,1,urban,100,2,0.293,none,truck,0.003,no,6,0.208,14.301
B,D,13.0,2.67,1,rural,60,2,0.275,none,sedan,0.879,no,8,0.461,17.483
D,B,15.0,3.85,2,urban,80,2,0.227,none,suv,0.801,no,0,0.309,13.894
B,D,44.0,2.89,2,rural,60,1,0.026,procession,suv,0.225,no,0,0.189,20.319
D,B,22.0,3.96,4,highway,100,1,0.853,vip_movement,suv,0.732,no,4,0.458,15.744
B,E,5.0,2.72,3,urban,100,1,0.125,none,truck,0.592,no,2,0.311,9.344
E,B,36.0,4.48,2,rural,40,0,0.533,none,bike,0.632,no,9,0.412,19.838
A,C,4.0,1.57,2,rural,40,1,0.701,none,suv,0.032,no,8,0.482,14.816
A,E,21.0,1.54,2,rural,100,2,0.5,none,sedan,0.002,no,5,0.41,19.138
E,A,4.0,3.56,2,rural,100,2,0.4,vip_movement,suv,0.385,no,7,0.339,11.9
D,B,40.0,4.68,4,rural,40,0,0.107,vip_movement,truck,0.259,no,10,0.259,19.653
C,B,11.0,4.31,1,highway,60,0,0.635,vip_movement,truck,0.995,yes,6,1.0,27.16
E,B,16.0,1.74,2,highway,40,1,0.272,none,truck,0.738,no,5,0.482,17.498
C,E,8.0,4.01,2,highway,100,1,0.697,none,suv,0.372,no,3,0.343,10.181
C,D,42.0,4.22,1,urban,80,2,0.926,none,sedan,0.101,no,0,0.3,21.788
A,C,14.0,3.03,2,urban,40,1,0.181,vip_movement,truck,0.162,no,1,0.211,12.157
C,E,25.0,3.91,1,highway,100,0,0.076,vip_movement,bike,0.427,no,2,0.223,11.911
A,E,37.0,1.94,2,rural,40,1,0.966,none,suv,0.238,no,6,0.507,23.946
D,E,28.0,1.32,3,urban,100,0,0.523,none,truck,0.53,no,5,0.564,19.337
C,B,27.0,4.99,1,urban,60,0,0.847,none,truck,0.291,no,5,0.358,15.18
C,B,54.0,3.76,2,urban,100,1,0.039,procession,truck,0.97,no,10,0.408,26.111
E,A,33.0,3.82,2,urban,100,0,0.159,none,sedan,0.541,no,0,0.245,14.159
A,D,27.0,3.61,1,highway,40,1,0.275,procession,suv,0.367,no,0,0.239,15.881
D,E,6.0,2.6,2,urban,40,1,0.451,none,bike,0.607,no,6,0.425,13.172
E,C,1.0,3.76,2,highway,40,0,0.649,none,suv,0.856,no,1,0.418,8.006
E,B,1.0,1.88,1,urban,60,0,0.528,procession,suv,0.458,no,1,0.42,8.857
E,D,22.0,4.16,1,urban,60,0,0.466,none,truck,0.139,no,1,0.227,11.773
C,B,49.0,2.83,2,urban,80,1,0.376,vip_movement,sedan,0.244,no,0,0.265,22.12
D,E,48.0,1.98,2,urban,60,0,0.73,vip_movement,truck,0.959,no,1,0.55,24.119
E,C,17.0,2.88,2,highway,40,0,0.105,procession,bike,0.29,no,1,0.228,11.32
A,E,51.0,3.13,2,urban,100,0,0.984,vip_movement,bike,0.697,no,8,0.544,24.436
D,B,58.0,4.95,2,urban,40,0,0.541,vip_movement,sedan,0.081,no,0,0.205,22.463
E,C,56.0,4.78,2,rural,100,2,0.095,none,suv,0.774,no,0,0.257,24.921
E,C,56.0,3.19,3,highway,60,0,0.753,procession,truck,0.044,no,4,0.325,23.913
E,C,35.0,2.62,4,urban,60,0,0.77,none,truck,0.446,no,3,0.426,18.768
B,C,42.0,1.06,3,highway,80,0,0.851,none,truck,0.201,no,1,0.597,24.482
C,D,9.0,3.55,3,urban,60,0,0.882,none,suv,0.661,no,10,0.521,12.824
B,A,44.0,2.4,3,highway,80,0,0.38,procession,suv,0.945,no,9,0.522,23.297
C,E,53.0,2.19,4,highway,100,0,0.952,vip_movement,suv,0.527,no,0,0.478,23.467
C,E,48.0,4.78,2,rural,100,2,0.708,vip_movement,sedan,0.413,no,5,0.358,24.523
B,D,55.0,4.84,1,urban,40,2,0.848,none,truck,0.565,no,6,0.425,28.986
A,E,57.0,1.49,2,highway,60,2,0.71,procession,bike,0.896,no,4,0.629,33.039
D,E,51.0,1.41,2,rural,60,0,0.223,vip_movement,suv,0.677,no,4,0.505,26.204
E,A,31.0,4.54,4,highway,60,1,0.01,none,truck,0.643,no,8,0.299,18.486
B,A,7.0,3.56,2,highway,100,0,0.525,procession,truck,0.595,no,7,0.406,9.47
A,E,2.0,3.3,2,highway,60,0,0.114,none,truck,0.662,no,1,0.286,6.675
C,D,39.0,4.26,2,highway,80,1,0.466,none,suv,0.779,no,1,0.353,19.603
A,B,6.0,4.98,4,highway,80,1,0.085,none,truck,0.189,no,9,0.225,9.856
E,D,16.0,4.38,3,urban,100,0,0.352,procession,bike,0.829,no,7,0.398,11.818
A,E,57.0,3.76,4,rural,80,0,0.973,none,bike,0.041,no,4,0.349,23.723
C,E,25.0,3.11,2,highway,100,0,0.992,vip_movement,truck,0.413,no,10,0.51,16.704
A,B,17.0,2.12,4,rural,100,0,0.32,procession,truck,0.571,no,5,0.417,13.136
A,B,48.0,4.63,2,highway,80,0,0.99,none,suv,0.733,no,2,0.451,21.389
E,A,9.0,3.91,2,rural,80,0,0.837,none,sedan,0.114,no,3,0.323,8.805
A,E,32.0,3.3,1,rural,60,1,0.967,none,truck,0.69,no,2,0.473,19.744
C,D,44.0,1.74,2,urban,80,1,0.755,procession,sedan,0.753,no,9,0.622,27.096
C,B,33.0,1.51,4,rural,80,0,0.051,none,sedan,0.841,no,8,0.524,21.052
D,B,14.0,2.68,2,urban,100,0,0.505,none,sedan,0.388,no,6,0.388,11.65
A,D,58.0,1.22,1,highway,100,2,0.845,vip_movement,truck,0.64,no,1,0.635,32.55
C,D,39.0,2.56,2,highway,100,1,0.344,procession,truck,0.626,no,6,0.41,21.452
E,B,41.0,1.63,3,rural,40,2,0.437,none,bike,0.149,no,7,0.433,27.11
D,A,25.0,3.83,2,urban,40,0,0.848,procession,suv,0.442,no,0,0.362,14.427
D,E,46.0,1.16,3,urban,60,1,0.536,vip_movement,truck,0.195,no,5,0.54,28.0
C,E,48.0,2.95,3,rural,80,2,0.948,none,suv,0.212,no,7,0.438,26.877
C,E,25.0,1.34,2,highway,60,1,0.517,none,sedan,0.076,yes,5,1.0,35.734
E,C,49.0,4.57,2,highway,40,0,0.544,none,truck,0.082,no,1,0.223,20.223
A,C,23.0,2.43,2,rural,80,1,0.527,vip_movement,suv,0.696,no,1,0.419,16.354
C,E,27.0,2.67,3,urban,80,0,0.743,vip_movement,bike,0.214,yes,5,1.0,31.976
C,B,36.0,1.47,2,highway,100,0,0.03,procession,suv,0.784,no,7,0.505,21.141
E,B,51.0,4.56,2,rural,100,2,0.693,none,truck,0.205,no,2,0.287,24.171
D,C,27.0,1.79,2,highway,100,2,0.896,none,sedan,0.062,no,9,0.505,22.246
D,B,32.0,3.95,2,urban,40,1,0.332,none,truck,0.597,no,7,0.357,19.834
C,A,48.0,1.88,2,rural,40,0,0.297,none,sedan,0.217,no,4,0.355,23.413
D,A,44.0,4.32,3,highway,100,1,0.988,none,bike,0.478,no,4,0.426,21.916
D,A,58.0,2.78,3,highway,80,2,0.148,procession,suv,0.607,no,2,0.315,27.743
B,E,23.0,3.81,1,highway,40,0,0.527,none,suv,0.562,no,2,0.343,14.041
B,C,11.0,1.01,4,rural,80,0,0.858,vip_movement,bike,0.86,no,10,0.841,19.679
E,C,39.0,3.53,3,rural,80,2,0.614,none,truck,0.588,no,10,0.454,24.651
B,A,38.0,4.92,4,rural,40,2,0.021,vip_movement,truck,0.93,no,6,0.332,22.93
E,D,22.0,2.56,3,urban,60,0,0.034,none,bike,0.06,no,10,0.275,14.805
C,E,3.0,1.64,1,rural,40,0,0.571,procession,suv,0.843,no,4,0.567,12.418
A,D,23.0,3.78,2,urban,100,0,0.298,none,truck,0.432,no,10,0.352,14.239
A,B,17.0,4.27,2,highway,40,1,0.598,none,sedan,0.784,no,10,0.47,16.973
D,E,17.0,3.9,3,highway,100,1,0.91,none,sedan,0.298,no,9,0.434,15.025
A,B,48.0,3.57,1,highway,80,0,0.66,procession,bike,0.034,yes,8,1.0,38.402
A,D,1.0,4.71,2,urban,80,2,0.997,none,sedan,0.939,no,5,0.522,12.583
A,E,4.0,4.52,2,urban,40,1,0.617,none,suv,0.501,no,8,0.392,11.83
E,B,27.0,1.61,3,rural,80,0,0.333,none,truck,0.822,no,6,0.54,18.813
D,B,4.0,1.88,3,rural,80,1,0.893,procession,suv,0.166,no,10,0.525,14.113
A,D,16.0,2.6,2,highway,60,1,0.247,none,sedan,0.306,no,7,0.334,14.964
E,D,34.0,4.66,4,rural,60,0,0.321,none,bike,0.782,no,4,0.346,17.037
E,C,51.0,4.6,2,rural,80,0,0.36,none,bike,0.14,no,2,0.207,19.858
B,C,47.0,2.05,4,urban,100,2,0.671,none,suv,0.233,no,10,0.476,27.807
E,D,58.0,1.27,2,urban,60,2,0.668,none,truck,0.891,no,6,0.686,34.89
B,D,32.0,4.27,3,rural,100,0,0.242,none,truck,0.955,no,7,0.403,16.702
A,B,40.0,3.18,1,rural,40,0,0.436,procession,bike,0.606,no,2,0.354,19.514
A,C,16.0,2.16,1,rural,40,2,0.725,none,bike,0.182,no,8,0.447,19.183
E,B,49.0,2.08,1,rural,100,0,0.154,none,sedan,0.339,no,7,0.361,22.622
A,B,45.0,2.1,1,rural,40,0,0.033,vip_movement,bike,0.222,no,4,0.282,21.507
E,C,50.0,3.94,2,urban,80,1,0.478,vip_movement,bike,0.676,no,10,0.432,25.593
E,A,36.0,4.41,3,rural,100,2,0.789,none,truck,0.649,no,7,0.448,22.314
D,C,17.0,4.52,1,urban,80,1,0.566,none,bike,0.205,no,2,0.263,12.233
A,D,22.0,3.49,2,rural,80,0,0.64,none,bike,0.721,yes,6,1.0,30.231
C,D,44.0,3.02,2,rural,100,0,0.081,vip_movement,sedan,0.622,no,5,0.323,19.591
B,C,9.0,3.39,2,highway,60,0,0.318,vip_movement,suv,0.059,no,0,0.193,7.609
A,B,4.0,3.24,2,highway,60,0,0.989,none,bike,0.417,no,9,0.495,10.986
D,B,55.0,3.41,1,rural,80,0,0.864,procession,truck,0.71,no,1,0.442,23.589
C,B,19.0,1.45,2,urban,100,0,0.902,none,truck,0.181,no,10,0.592,17.563
D,B,43.0,2.34,2,rural,80,0,0.56,none,truck,0.875,no,2,0.478,21.215
B,D,21.0,1.86,3,highway,40,2,0.832,procession,truck,0.777,no,3,0.566,21.244
B,E,13.0,1.22,2,urban,80,1,0.635,vip_movement,suv,0.679,no,1,0.6,17.198
C,A,13.0,3.45,3,rural,40,1,0.761,none,truck,0.324,no,3,0.363,13.576
A,C,12.0,4.04,1,highway,100,2,0.764,none,sedan,0.758,no,0,0.403,13.372
E,B,42.0,2.56,2,urban,80,0,0.469,procession,truck,0.287,no,9,0.397,21.326
E,B,43.0,1.8,4,highway,40,1,0.439,none,bike,0.247,no,1,0.369,23.571
A,E,27.0,3.06,1,rural,40,0,0.233,none,truck,0.524,no,6,0.342,16.358
B,A,58.0,4.09,2,urban,100,0,0.962,procession,bike,0.334,no,0,0.357,22.691
C,B,31.0,3.77,2,highway,100,0,0.422,none,suv,0.705,no,0,0.332,14.443
C,E,53.0,1.75,1,urban,80,2,0.055,none,bike,0.239,no,3,0.318,27.545
E,D,42.0,2.96,2,highway,80,2,0.774,procession,suv,0.727,no,7,0.505,25.744
A,B,26.0,3.26,2,urban,60,1,0.895,procession,truck,0.576,no,9,0.507,19.704
D,C,14.0,3.95,1,urban,40,2,0.284,none,sedan,0.274,no,7,0.283,15.692
B,E,36.0,2.37,2,urban,80,1,0.311,vip_movement,bike,0.199,no,3,0.301,19.513
E,C,13.0,4.85,1,urban,100,0,0.905,procession,suv,0.681,yes,5,1.0,26.432
C,B,10.0,1.44,3,rural,60,0,0.353,none,truck,0.078,no,8,0.445,14.03
E,D,6.0,2.01,1,urban,80,0,0.926,procession,suv,0.149,yes,4,1.0,26.085
C,B,44.0,4.6,2,urban,80,1,0.481,none,bike,0.863,no,7,0.426,22.943
C,A,21.0,1.83,2,highway,80,2,0.606,vip_movement,truck,0.242,no,4,0.428,19.117
B,E,6.0,1.37,3,rural,60,0,0.497,vip_movement,sedan,0.827,no,7,0.626,14.597
C,A,41.0,1.6,2,highway,80,0,0.651,vip_movement,suv,0.964,no,6,0.633,23.954
D,A,2.0,2.73,4,highway,60,0,0.42,none,bike,0.32,no,3,0.325,7.778
E,C,4.0,3.47,1,urban,60,2,0.073,vip_movement,bike,0.994,no,10,0.429,14.433
C,B,24.0,2.73,1,highway,80,0,0.063,none,truck,0.021,no,5,0.213,13.163
D,A,11.0,2.33,1,urban,40,0,0.126,none,suv,0.127,no,5,0.272,11.17
A,D,32.0,2.53,4,urban,80,1,0.607,none,suv,0.06,no,2,0.311,18.089
C,E,59.0,4.81,1,highway,100,0,0.682,procession,bike,0.325,no,9,0.375,24.786
B,E,42.0,3.84,3,highway,40,2,0.219,procession,truck,0.086,no,0,0.165,21.556
C,B,37.0,4.41,2,urban,80,0,0.601,none,sedan,0.805,yes,7,1.0,34.635
A,B,55.0,1.39,3,urban,100,0,0.002,vip_movement,truck,0.339,no,8,0.435,26.534
A,E,1.0,1.35,2,highway,80,2,0.015,procession,bike,0.482,no,6,0.456,14.774
C,B,16.0,3.53,2,rural,60,0,0.013,none,sedan,0.844,no,0,0.285,10.566
C,E,32.0,1.31,2,highway,80,1,0.921,none,sedan,0.68,no,0,0.626,22.684
E,A,49.0,2.33,2,urban,100,0,0.006,procession,suv,0.361,no,8,0.325,22.193
D,E,39.0,1.25,2,rural,80,0,0.898,none,bike,0.901,yes,9,1.0,38.506
A,B,33.0,1.67,1,urban,60,0,0.672,procession,sedan,0.063,no,8,0.467,20.666
D,C,47.0,3.44,3,highway,40,0,0.807,none,truck,0.62,no,10,0.502,24.57
D,C,37.0,3.04,3,urban,80,2,0.756,none,bike,0.699,no,3,0.453,22.87
B,C,8.0,3.2,2,urban,40,2,0.855,none,bike,0.83,no,7,0.532,16.686
D,C,16.0,4.42,2,urban,80,0,0.547,none,bike,0.704,no,3,0.371,11.238
D,A,39.0,4.7,2,highway,60,1,0.813,none,truck,0.032,no,5,0.304,20.303
E,D,22.0,3.84,2,rural,100,0,0.306,none,sedan,0.955,no,1,0.366,12.265
B,C,8.0,4.5,1,rural,80,1,0.772,procession,suv,0.836,yes,7,1.0,27.911
A,C,40.0,2.62,2,highway,60,0,0.925,none,bike,0.31,no,5,0.45,20.903
D,B,57.0,1.34,2,highway,60,1,0.617,none,suv,0.036,no,3,0.46,29.545
D,A,33.0,3.38,2,highway,40,1,0.995,procession,suv,0.137,no,2,0.365,19.427
C,B,39.0,3.04,2,rural,100,2,0.796,none,truck,0.527,no,1,0.406,22.104
C,E,7.0,3.15,3,urban,80,0,0.031,none,truck,0.224,no,9,0.268,9.171
D,C,15.0,3.95,1,rural,80,0,0.277,none,sedan,0.891,no,2,0.355,10.716
B,E,28.0,4.23,2,urban,60,0,0.658,none,suv,0.919,no,5,0.46,16.682
A,C,55.0,1.73,2,urban,100,0,0.113,none,suv,0.442,no,8,0.423,25.72
E,D,46.0,1.39,4,highway,60,1,0.652,none,suv,0.996,no,0,0.618,27.077
A,B,19.0,3.96,2,urban,60,1,0.65,none,suv,0.655,no,1,0.372,14.384
A,B,53.0,4.9,2,highway,40,0,0.366,none,sedan,0.542,no,9,0.353,24.254
A,E,55.0,2.5,2,rural,40,2,0.85,none,suv,0.798,no,5,0.54,30.901
A,B,40.0,2.82,1,urban,40,0,0.996,none,truck,0.055,no,10,0.452,22.295
B,C,47.0,4.8,1,rural,100,0,0.297,none,truck,0.716,no,6,0.346,20.302
E,A,31.0,2.3,2,highway,40,0,0.971,none,bike,0.98,no,4,0.604,20.311
A,B,32.0,3.46,2,highway,40,1,0.49,vip_movement,suv,0.504,yes,4,1.0,35.846
B,A,59.0,3.21,1,rural,60,0,0.925,none,suv,0.547,no,8,0.499,27.347
D,B,28.0,2.87,3,rural,60,2,0.463,none,sedan,0.192,no,10,0.37,21.346
B,C,30.0,1.35,4,rural,40,1,0.008,none,bike,0.411,no,10,0.48,23.512
D,A,8.0,4.9,2,urban,40,0,0.365,none,sedan,0.517,no,5,0.308,9.498
D,B,12.0,1.55,2,urban,80,0,0.79,none,sedan,0.917,no,9,0.69,16.522
B,E,53.0,3.5,2,rural,60,0,0.56,procession,bike,0.988,no,1,0.434,23.369
E,B,11.0,4.83,2,rural,80,0,0.983,none,truck,0.41,no,0,0.361,8.949
B,A,3.0,3.09,3,urban,80,2,0.259,none,truck,0.548,no,6,0.351,12.222
B,A,17.0,3.2,1,rural,80,0,0.931,none,sedan,0.623,no,9,0.526,14.722
B,E,8.0,3.51,2,rural,40,2,0.704,none,suv,0.5,no,5,0.405,14.876
D,C,52.0,1.07,1,urban,100,0,0.737,none,bike,0.521,no,5,0.677,28.559
D,A,41.0,2.51,3,urban,40,2,0.812,none,suv,0.482,no,8,0.498,26.874
D,B,27.0,4.43,2,highway,40,0,0.677,none,suv,0.351,no,9,0.386,16.887
B,A,24.0,3.3,3,rural,100,0,0.941,vip_movement,truck,0.154,no,6,0.4,14.415
B,D,50.0,4.13,2,rural,60,1,0.85,vip_movement,truck,0.717,no,5,0.46,25.314
E,B,22.0,3.95,1,rural,80,0,0.396,none,sedan,0.995,no,9,0.47,15.363
B,C,51.0,1.53,2,rural,80,1,0.409,none,sedan,0.953,no,6,0.594,28.709
A,C,34.0,3.61,2,highway,60,0,0.415,none,suv,0.164,yes,9,1.0,34.884
B,E,48.0,2.67,3,rural,40,2,0.255,none,truck,0.737,no,7,0.418,27.859
E,D,29.0,1.3,4,urban,80,0,0.732,none,sedan,0.14,no,7,0.551,20.446
C,E,42.0,2.62,1,rural,100,0,0.508,none,suv,0.611,yes,0,1.0,35.008
E,B,50.0,4.13,2,rural,80,0,0.389,none,bike,0.844,no,7,0.413,22.743
C,B,49.0,2.07,2,urban,100,0,0.79,none,bike,0.29,no,5,0.459,23.211
D,C,22.0,2.28,2,urban,60,0,0.712,none,sedan,0.495,no,5,0.467,15.968
D,A,20.0,1.86,3,rural,60,0,0.142,none,bike,0.28,no,5,0.35,14.684
B,D,22.0,4.35,1,rural,40,0,0.3,vip_movement,bike,0.028,no,0,0.157,11.324
D,C,12.0,3.46,2,urban,60,1,0.906,none,truck,0.844,yes,8,1.0,30.143
C,E,36.0,1.8,1,highway,40,0,0.823,none,suv,0.602,no,0,0.507,20.638
E,C,29.0,1.63,2,highway,80,0,0.378,procession,truck,0.936,no,7,0.578,19.953
C,D,33.0,2.89,2,rural,80,0,0.788,none,truck,0.109,no,4,0.358,17.01
C,D,40.0,2.01,2,rural,80,2,0.105,vip_movement,truck,0.305,no,1,0.291,22.601
B,E,44.0,1.64,1,urban,40,0,0.85,none,suv,0.033,no,1,0.43,22.748
C,B,19.0,1.34,4,urban,40,0,0.09,none,truck,0.366,no,6,0.451,17.151
C,D,30.0,3.48,1,rural,100,0,0.699,none,suv,0.447,no,2,0.364,14.98
A,D,4.0,3.06,3,rural,100,2,0.976,none,suv,0.032,no,4,0.372,11.853
B,D,29.0,4.11,1,highway,80,2,0.651,procession,sedan,0.508,no,2,0.349,18.809
E,C,32.0,3.2,2,highway,80,0,0.968,none,suv,0.846,no,6,0.548,18.838
E,B,27.0,2.11,2,highway,80,0,0.827,none,truck,0.591,no,5,0.523,17.698
A,C,26.0,2.17,3,rural,80,0,0.702,none,bike,0.082,no,6,0.401,16.306
B,A,3.0,4.32,2,rural,40,0,0.317,vip_movement,suv,0.284,no,8,0.293,8.586
A,D,2.0,3.35,2,urban,80,0,0.611,procession,sedan,0.643,no,10,0.47,9.793
B,D,39.0,2.56,2,rural,60,0,0.576,procession,suv,0.988,no,3,0.499,20.741
B,A,30.0,4.12,3,highway,80,0,0.869,none,suv,0.872,no,10,0.545,18.664
C,A,27.0,1.27,1,rural,60,1,0.462,none,bike,0.633,yes,1,1.0,35.733
D,E,51.0,4.41,1,urban,60,0,0.751,none,sedan,0.484,no,6,0.398,23.113
C,D,30.0,2.96,1,rural,80,0,0.896,procession,truck,0.754,no,4,0.505,17.536
B,E,7.0,2.37,1,rural,80,2,0.836,none,sedan,0.212,no,4,0.418,14.192
B,C,42.0,3.5,2,highway,100,0,0.471,none,suv,0.219,no,1,0.262,17.347
A,D,50.0,2.23,2,rural,40,2,0.78,none,truck,0.407,no,2,0.437,28.013
D,A,6.0,3.17,1,urban,80,0,0.06,none,truck,0.192,no,4,0.216,7.34
E,B,41.0,4.59,3,highway,100,1,0.356,none,sedan,0.975,no,9,0.443,22.123
B,C,46.0,3.68,1,rural,100,0,0.188,none,suv,0.552,no,0,0.257,18.225
C,A,13.0,2.73,2,urban,100,2,0.296,none,bike,0.345,no,3,0.305,13.881
A,E,56.0,1.09,2,rural,60,0,0.376,procession,bike,0.517,no,0,0.544,28.318
A,E,12.0,2.37,1,rural,40,0,0.867,procession,truck,0.628,no,8,0.548,14.787
C,B,30.0,2.46,2,urban,40,0,0.211,none,bike,0.991,no,10,0.503,20.069
B,E,21.0,1.49,1,highway,100,0,0.747,vip_movement,sedan,0.949,no,5,0.657,17.725
A,E,51.0,3.26,1,rural,40,0,0.549,procession,truck,0.299,no,3,0.322,22.659
B,E,59.0,1.46,3,urban,40,1,0.862,procession,suv,0.101,no,3,0.497,30.691
D,E,19.0,2.55,1,rural,60,0,0.72,none,sedan,0.017,no,4,0.345,13.409
D,C,41.0,4.79,2,rural,60,1,0.986,vip_movement,sedan,0.331,no,0,0.347,20.312
E,A,57.0,1.1,2,highway,100,0,0.888,none,truck,0.356,no,0,0.613,28.286
D,B,45.0,4.51,3,rural,100,0,0.377,procession,bike,0.566,no,7,0.347,19.981
C,B,14.0,2.83,2,urban,60,0,0.948,none,truck,0.969,no,3,0.555,13.613
B,A,34.0,4.64,3,highway,80,0,0.585,procession,suv,0.63,no,4,0.369,16.769
B,C,23.0,3.15,2,urban,80,0,0.64,vip_movement,sedan,0.79,yes,9,1.0,31.287
E,A,33.0,3.89,4,urban,40,0,0.237,none,bike,0.892,no,8,0.409,18.872
C,A,51.0,2.84,3,urban,100,2,0.274,none,sedan,0.424,yes,10,1.0,43.561
E,C,52.0,1.98,3,urban,40,0,0.12,none,sedan,0.534,no,4,0.373,24.655
C,A,51.0,1.26,2,urban,60,1,0.611,vip_movement,bike,0.339,no,8,0.588,30.26
D,E,47.0,2.05,1,rural,80,1,0.493,procession,bike,0.097,no,1,0.323,22.968
A,E,31.0,1.63,4,rural,40,0,0.006,none,sedan,0.499,yes,1,1.0,34.561
A,C,25.0,3.91,3,highway,40,1,0.063,procession,suv,0.111,no,3,0.167,15.053
E,C,3.0,2.01,3,rural,60,0,0.949,none,sedan,0.789,no,1,0.557,10.661
C,E,59.0,2.11,4,rural,80,0,0.86,none,truck,0.174,no,8,0.477,27.441
A,D,34.0,3.33,2,rural,100,0,0.534,vip_movement,bike,0.146,no,7,0.326,16.863
D,E,54.0,4.11,2,rural,80,0,0.511,none,sedan,0.552,no,9,0.4,24.214
D,E,37.0,1.99,3,highway,60,1,0.419,none,suv,0.325,no,1,0.36,20.919
A,E,18.0,2.87,3,rural,40,0,0.029,none,bike,0.356,no,0,0.217,11.31
D,A,46.0,4.66,4,rural,40,0,0.497,none,bike,0.598,no,6,0.365,21.722
D,E,50.0,4.74,4,urban,60,0,0.134,vip_movement,suv,0.359,no,8,0.263,21.783
E,C,11.0,1.08,3,highway,80,1,0.332,procession,sedan,0.265,yes,1,1.0,31.128
B,D,6.0,2.86,3,rural,40,2,0.123,vip_movement,suv,0.241,no,7,0.283,13.78
A,E,25.0,4.85,1,rural,100,0,0.319,procession,truck,0.833,no,0,0.313,12.161
D,A,19.0,4.33,2,rural,80,1,0.039,none,suv,0.967,no,7,0.364,14.89
B,A,37.0,1.85,2,highway,40,2,0.499,none,truck,0.778,no,3,0.502,25.419
B,C,36.0,4.99,1,highway,40,0,0.22,vip_movement,bike,0.325,no,6,0.249,17.492
E,A,56.0,4.17,3,urban,100,0,0.81,none,bike,0.362,no,1,0.34,22.101
C,E,2.0,3.22,2,highway,100,1,0.12,vip_movement,truck,0.635,no,7,0.345,9.506
E,B,18.0,3.73,2,highway,100,1,0.848,none,sedan,0.879,no,8,0.533,16.164
E,B,26.0,4.41,1,rural,80,1,0.735,none,suv,0.843,no,10,0.506,18.997
D,A,47.0,2.38,2,rural,60,0,0.827,none,suv,0.391,yes,7,1.0,39.105
C,A,15.0,4.69,3,rural,100,1,0.662,none,suv,0.909,no,4,0.44,13.262
C,B,25.0,2.99,3,urban,80,0,0.651,vip_movement,suv,0.083,no,8,0.361,15.377
D,B,57.0,2.6,3,highway,80,0,0.04,procession,bike,0.195,no,0,0.201,22.031
B,D,33.0,1.77,3,urban,40,0,0.894,none,suv,0.727,no,1,0.56,20.532
B,C,26.0,1.39,2,urban,40,0,0.924,none,suv,0.439,no,2,0.581,19.606
D,E,5.0,3.81,4,highway,60,0,0.247,none,sedan,0.118,yes,10,1.0,26.312
D,E,24.0,2.84,1,rural,40,0,0.817,vip_movement,suv,0.173,no,4,0.379,15.546
D,B,27.0,4.62,2,rural,100,2,0.436,none,suv,0.408,no,7,0.325,18.337
C,D,10.0,2.13,2,urban,60,1,0.627,procession,suv,0.26,no,10,0.465,15.499
E,C,49.0,3.45,2,urban,40,1,0.484,none,bike,0.242,no,5,0.311,24.258
E,A,33.0,4.45,2,highway,100,1,0.106,none,bike,0.549,no,6,0.281,17.533
C,D,36.0,1.43,4,highway,100,0,0.33,none,sedan,0.917,no,5,0.578,21.575
B,A,26.0,3.58,1,urban,80,0,0.225,none,sedan,0.31,no,6,0.279,14.183
B,C,43.0,2.94,2,rural,40,0,0.857,none,truck,0.031,no,0,0.314,19.737
C,E,45.0,1.47,2,highway,80,1,0.694,none,truck,0.623,no,3,0.566,26.164
B,E,44.0,2.41,3,urban,40,2,0.415,none,suv,0.152,no,9,0.37,26.774
C,A,21.0,4.96,1,urban,100,0,0.936,none,bike,0.342,no,8,0.416,13.57
C,B,25.0,3.38,3,urban,100,1,0.892,procession,truck,0.519,no,10,0.5,18.481
E,D,16.0,1.93,2,urban,40,0,0.787,none,sedan,0.593,no,5,0.534,15.73
C,D,48.0,2.15,1,urban,40,0,0.459,none,bike,0.413,no,0,0.361,22.333
D,E,50.0,4.51,4,highway,100,1,0.737,vip_movement,suv,0.075,no,8,0.331,23.521
E,C,20.0,1.78,1,highway,60,0,0.041,vip_movement,suv,0.836,no,6,0.46,16.101
D,C,27.0,1.26,2,rural,40,0,0.31,procession,sedan,0.587,no,8,0.576,21.428
A,D,43.0,2.22,2,rural,100,1,0.722,vip_movement,truck,0.008,yes,5,1.0,38.654
A,E,2.0,4.09,2,urban,80,1,0.775,none,bike,0.222,no,1,0.307,8.093
D,B,6.0,1.3,2,rural,80,0,0.585,none,truck,0.589,no,3,0.574,12.994
B,E,38.0,1.34,1,highway,80,0,0.324,procession,sedan,0.833,no,1,0.54,21.728
D,B,22.0,3.83,2,highway,80,0,0.875,none,truck,0.269,no,3,0.363,13.14
D,B,3.0,3.58,3,rural,40,2,0.581,vip_movement,bike,0.905,no,2,0.429,12.984
B,D,24.0,3.49,3,urban,60,0,0.654,vip_movement,bike,0.681,no,4,0.422,15.148
C,B,43.0,3.77,2,urban,40,0,0.854,none,sedan,0.246,no,4,0.366,20.69
D,B,26.0,2.53,1,urban,40,2,0.045,vip_movement,suv,0.752,no,0,0.318,18.955
A,D,30.0,2.08,4,highway,80,1,0.828,none,suv,0.777,no,8,0.593,21.93
B,D,19.0,1.17,3,rural,40,0,0.632,none,truck,0.407,no,8,0.629,19.86
C,A,24.0,3.47,2,urban,80,1,0.634,none,bike,0.814,no,5,0.455,17.19
E,B,31.0,3.82,2,highway,80,0,0.368,none,truck,0.675,yes,10,1.0,33.608
E,C,22.0,4.24,1,urban,100,1,0.712,none,truck,0.274,no,8,0.372,15.598
D,C,22.0,2.07,2,rural,60,0,0.451,none,suv,0.83,no,5,0.5,16.515
A,D,5.0,2.35,1,highway,40,1,0.598,none,bike,0.448,no,6,0.439,13.22
C,B,55.0,2.48,2,highway,80,0,0.484,none,bike,0.886,no,7,0.505,25.962
C,E,38.0,4.4,2,rural,100,2,0.707,none,sedan,0.084,no,3,0.279,20.427
E,C,28.0,3.65,2,rural,80,1,0.348,none,bike,0.456,no,4,0.31,16.676
B,E,19.0,2.11,2,highway,60,0,0.53,none,suv,0.125,no,4,0.36,13.968
D,A,11.0,3.82,2,rural,80,0,0.139,none,sedan,0.962,no,5,0.375,10.356
D,E,31.0,4.55,1,rural,40,0,0.799,vip_movement,bike,0.563,no,1,0.37,16.3
D,A,6.0,4.71,3,rural,80,0,0.352,procession,bike,0.413,no,6,0.298,8.042
B,D,27.0,1.38,1,highway,80,0,0.413,none,truck,0.5,yes,8,1.0,34.312
D,E,42.0,3.75,1,urban,80,2,0.761,none,bike,0.747,no,1,0.418,23.314
D,E,38.0,1.3,2,rural,60,0,0.545,none,truck,0.747,no,9,0.655,25.09
E,D,15.0,4.66,3,urban,80,0,0.188,none,sedan,0.039,no,4,0.171,9.085
B,A,11.0,3.47,1,urban,60,2,0.097,none,suv,0.501,no,9,0.325,15.292
B,C,43.0,2.37,2,urban,60,2,0.966,none,bike,0.144,no,6,0.451,26.225
A,D,55.0,4.93,2,urban,80,0,0.791,none,bike,0.262,yes,1,1.0,38.713
D,B,9.0,1.67,3,rural,100,2,0.171,none,truck,0.028,no,7,0.349,15.085
C,E,46.0,3.01,2,rural,40,0,0.529,none,bike,0.766,no,10,0.492,24.385
E,D,11.0,4.99,2,urban,40,1,0.469,vip_movement,bike,0.748,no,9,0.414,14.237
D,A,11.0,3.25,2,urban,60,0,0.218,none,truck,0.014,no,8,0.25,10.436
A,E,52.0,3.48,1,rural,100,1,0.511,none,truck,0.394,no,2,0.316,23.095
A,B,37.0,1.87,2,urban,80,2,0.079,none,sedan,0.409,no,5,0.362,23.395
A,D,54.0,4.71,1,rural,100,2,0.958,procession,suv,0.636,no,4,0.444,26.998
A,E,16.0,1.32,2,rural,80,2,0.229,none,suv,0.966,no,0,0.541,18.996
A,E,49.0,4.31,3,rural,100,2,0.239,none,suv,0.835,no,9,0.398,26.137
C,A,33.0,2.95,2,rural,40,0,0.28,none,bike,0.519,no,0,0.295,16.549
E,C,38.0,3.02,2,highway,80,0,0.78,procession,truck,0.528,no,2,0.414,18.594
B,D,8.0,2.43,3,urban,80,0,0.902,procession,bike,0.914,no,2,0.548,11.341
C,B,28.0,1.3,1,urban,60,0,0.087,none,bike,0.978,no,0,0.522,18.977
B,E,37.0,1.77,1,urban,100,0,0.364,none,sedan,0.828,no,4,0.505,20.276
C,E,30.0,3.64,4,rural,60,0,0.974,none,suv,0.781,no,10,0.561,19.484
B,C,20.0,2.41,2,urban,60,2,0.374,none,truck,0.775,no,0,0.396,17.537
D,B,46.0,1.21,2,rural,40,0,0.478,none,truck,0.383,no,7,0.573,27.068
E,A,31.0,2.45,3,rural,80,0,0.818,procession,truck,0.97,no,3,0.551,18.45
E,B,25.0,1.43,2,urban,40,2,0.335,procession,bike,0.481,no,8,0.523,23.819
A,D,28.0,3.66,2,urban,80,0,0.807,none,suv,0.182,no,3,0.337,14.739
C,B,54.0,4.86,3,urban,80,0,0.334,procession,bike,0.78,no,0,0.305,21.281
C,A,18.0,4.53,2,rural,80,0,0.876,none,sedan,0.232,no,6,0.37,12.405
E,A,47.0,3.72,3,highway,80,0,0.168,procession,sedan,0.451,yes,4,1.0,37.242
C,B,14.0,1.36,2,rural,40,0,0.787,none,sedan,0.661,no,8,0.664,18.119
B,D,32.0,1.93,1,rural,60,0,0.424,vip_movement,sedan,0.192,no,0,0.33,16.987
C,E,32.0,4.93,1,rural,100,0,0.753,none,bike,0.62,no,8,0.436,17.072
E,D,47.0,1.53,2,rural,100,2,0.548,none,sedan,0.962,no,2,0.584,28.115
C,A,32.0,2.17,2,urban,100,0,0.305,none,suv,0.384,no,9,0.412,18.329
A,B,42.0,4.81,2,highway,40,1,0.047,none,truck,0.22,no,8,0.217,21.404
E,A,3.0,2.47,3,urban,100,2,0.995,none,bike,0.719,no,9,0.595,15.169
D,C,28.0,3.74,2,rural,80,0,0.835,none,suv,0.566,no,8,0.467,17.007
A,D,4.0,2.62,2,rural,100,0,0.318,none,truck,0.112,no,8,0.319,8.391
D,C,56.0,3.92,4,rural,80,0,0.8,none,suv,0.565,no,2,0.395,23.426
C,D,1.0,4.46,2,rural,60,2,0.805,none,suv,0.128,no,8,0.356,12.086
A,E,37.0,1.45,2,highway,80,2,0.882,none,suv,0.524,no,2,0.577,25.711
E,B,43.0,4.73,2,urban,100,2,0.94,none,suv,0.786,no,4,0.47,23.955
E,A,35.0,4.17,2,rural,80,0,0.967,procession,suv,0.079,no,2,0.325,16.349
D,A,2.0,3.08,4,highway,100,0,0.782,none,suv,0.398,no,5,0.416,7.882
E,B,59.0,1.99,1,urban,60,0,0.959,none,suv,0.683,no,10,0.63,30.016
E,A,37.0,4.8,2,highway,80,1,0.136,none,sedan,0.803,no,6,0.331,19.653
E,D,52.0,2.93,3,rural,100,0,0.946,procession,bike,0.887,no,9,0.593,25.538
E,B,59.0,1.65,2,urban,100,0,0.508,none,suv,0.825,no,8,0.588,28.708
E,B,41.0,1.61,1,urban,80,1,0.852,procession,bike,0.956,no,7,0.68,26.602
A,B,33.0,3.71,4,highway,60,0,0.526,procession,truck,0.163,no,1,0.256,15.504
B,E,25.0,4.85,2,urban,60,0,0.48,procession,truck,0.478,no,6,0.334,14.572
C,A,5.0,2.1,4,rural,80,0,0.882,none,bike,0.059,no,2,0.399,9.265
D,E,37.0,4.52,1,rural,100,0,0.344,none,truck,0.339,no,5,0.275,16.458
A,D,50.0,2.56,2,urban,100,2,0.788,vip_movement,suv,0.906,no,0,0.495,26.407
E,C,47.0,1.38,1,rural,80,0,0.468,vip_movement,suv,0.81,no,6,0.605,25.976
E,D,8.0,3.7,3,urban,40,2,0.007,none,sedan,0.126,no,1,0.145,11.395
E,D,2.0,3.38,1,highway,40,0,0.901,vip_movement,suv,0.781,no,5,0.505,10.126
A,E,14.0,2.4,3,highway,80,0,0.928,none,bike,0.147,no,8,0.462,13.501
D,A,31.0,2.49,3,urban,60,2,0.259,none,sedan,0.991,no,1,0.421,21.212
A,B,15.0,2.36,1,urban,60,1,0.801,none,truck,0.818,no,2,0.513,15.646
E,C,9.0,2.55,1,rural,60,0,0.14,vip_movement,suv,0.908,no,1,0.377,10.13
C,A,29.0,3.27,1,rural,60,0,0.321,none,truck,0.647,no,2,0.336,15.492
E,B,41.0,4.11,2,rural,80,0,0.648,procession,truck,0.581,no,3,0.373,18.848
A,D,20.0,4.56,1,highway,80,2,0.014,vip_movement,sedan,0.883,no,10,0.367,17.767
C,D,37.0,1.68,2,rural,80,0,0.876,none,truck,0.766,no,5,0.616,22.227
B,E,50.0,2.58,2,highway,80,2,0.303,none,bike,0.917,no,3,0.429,26.826
E,B,36.0,4.34,2,rural,60,0,0.839,procession,bike,0.924,no,1,0.455,18.2
D,B,48.0,3.93,1,rural,100,0,0.2,none,suv,0.24,no,1,0.2,18.369
B,E,40.0,4.86,1,rural,40,1,0.804,none,bike,0.192,no,2,0.302,20.445
E,A,18.0,3.83,2,rural,80,0,0.628,none,bike,0.743,no,7,0.449,13.591
E,B,23.0,1.28,3,urban,40,1,0.738,none,bike,0.367,no,6,0.594,21.962
C,B,47.0,2.65,1,highway,80,2,0.448,none,bike,0.952,no,3,0.461,26.195
C,E,53.0,1.14,2,rural,60,0,0.837,procession,suv,0.407,no,6,0.66,29.591
C,E,38.0,4.69,2,highway,40,0,0.697,none,truck,0.327,no,9,0.38,20.068
E,B,9.0,4.52,4,highway,100,1,0.654,none,suv,0.121,no,3,0.273,9.641
E,A,23.0,3.62,2,rural,60,0,0.619,none,sedan,0.289,no,3,0.322,13.602
E,A,46.0,3.44,2,rural,40,0,0.55,none,suv,0.189,no,5,0.314,21.397
C,A,5.0,2.21,1,rural,100,0,0.506,none,bike,0.159,no,8,0.394,9.805
E,D,44.0,3.62,1,rural,80,0,0.351,none,suv,0.942,yes,5,1.0,36.583
B,E,30.0,1.35,2,rural,40,0,0.27,vip_movement,suv,0.618,no,5,0.525,20.965
A,B,39.0,4.22,2,urban,100,0,0.596,vip_movement,suv,0.726,yes,0,1.0,33.384
C,A,55.0,3.46,2,highway,100,0,0.467,none,bike,0.124,yes,2,1.0,38.844
D,C,25.0,1.71,2,rural,60,1,0.055,none,truck,0.124,no,3,0.3,17.528
C,A,34.0,1.85,2,urban,60,0,0.966,none,suv,0.111,no,7,0.502,20.823
B,A,16.0,4.76,1,highway,80,2,0.842,none,truck,0.497,no,8,0.432,16.769
E,A,31.0,1.19,1,urban,40,1,0.508,none,sedan,0.653,no,9,0.658,25.883
B,D,34.0,2.77,3,urban,60,0,0.928,none,sedan,0.638,no,3,0.487,18.976
C,D,26.0,1.17,3,highway,60,0,0.848,none,suv,0.851,no,6,0.742,22.198
B,D,14.0,4.55,3,rural,100,0,0.221,none,suv,0.55,yes,4,1.0,26.6
A,D,33.0,2.3,2,rural,60,0,0.004,vip_movement,suv,0.528,no,8,0.36,18.772
C,D,11.0,1.24,3,rural,60,2,0.222,procession,bike,0.344,no,8,0.515,19.566
C,E,44.0,4.73,4,highway,60,2,0.557,procession,truck,0.115,no,5,0.269,23.446
C,E,35.0,2.25,1,highway,100,0,0.482,vip_movement,suv,0.477,no,10,0.47,19.921
B,A,45.0,4.17,2,highway,60,1,0.364,vip_movement,truck,0.136,no,0,0.196,20.157
E,A,36.0,3.77,2,urban,80,1,0.349,vip_movement,truck,0.009,no,7,0.248,19.004
A,B,27.0,1.58,2,rural,40,0,0.074,none,suv,0.808,no,4,0.469,18.749
A,D,2.0,1.94,2,urban,40,0,0.742,none,sedan,0.978,no,9,0.641,13.387
C,B,59.0,1.86,3,urban,60,1,0.054,none,bike,0.366,no,9,0.389,29.568
B,E,20.0,4.87,2,highway,60,1,0.473,procession,bike,0.881,no,6,0.413,15.854
D,B,59.0,4.03,4,rural,80,1,0.827,none,suv,0.033,no,7,0.341,26.755
A,B,18.0,4.19,3,rural,80,0,0.072,none,suv,0.681,no,1,0.256,10.356
E,C,13.0,4.07,2,urban,100,1,0.529,procession,sedan,0.308,no,8,0.346,12.685
D,A,51.0,1.97,3,rural,40,2,0.93,procession,truck,0.626,no,0,0.514,28.981
A,E,16.0,4.64,4,highway,60,1,0.43,none,truck,0.055,no,4,0.223,12.41
A,C,20.0,1.56,3,rural,80,0,0.065,procession,truck,0.406,no,4,0.391,14.92
E,A,40.0,2.58,4,urban,40,0,0.102,none,sedan,0.254,no,7,0.296,20.303
D,A,43.0,1.31,3,urban,40,1,0.112,procession,sedan,0.751,no,4,0.519,26.713
D,A,11.0,3.76,3,rural,60,1,0.074,vip_movement,truck,0.823,no,7,0.356,13.084
A,C,40.0,4.17,2,highway,80,0,0.444,none,bike,0.199,no,8,0.305,18.847
C,D,10.0,4.5,4,urban,80,1,0.782,procession,bike,0.702,no,10,0.486,13.97
A,E,49.0,2.1,1,highway,80,2,0.08,none,sedan,0.099,no,6,0.286,26.146
A,E,2.0,2.15,2,rural,100,0,0.621,vip_movement,suv,0.455,no,5,0.451,8.938
E,B,4.0,2.02,2,urban,40,2,0.163,none,sedan,0.074,no,3,0.276,13.034
D,C,49.0,4.34,1,rural,100,0,0.647,vip_movement,truck,0.746,no,3,0.401,20.958
E,B,53.0,3.37,2,highway,60,0,0.906,none,sedan,0.287,no,4,0.397,23.658
D,A,24.0,2.66,1,rural,40,0,0.412,none,suv,0.137,no,6,0.32,15.485
C,E,58.0,3.85,1,urban,60,0,0.511,none,sedan,0.904,no,3,0.417,24.965
A,E,21.0,2.59,2,urban,60,0,0.795,none,bike,0.324,no,4,0.418,14.717
B,A,27.0,4.48,1,urban,60,2,0.311,procession,suv,0.374,no,0,0.226,16.98
B,E,47.0,3.25,3,rural,100,0,0.494,none,sedan,0.292,no,2,0.3,19.543
E,B,36.0,4.78,2,urban,40,0,0.33,vip_movement,sedan,0.071,no,5,0.214,16.985
B,A,6.0,1.66,1,rural,60,2,0.386,procession,suv,0.596,no,10,0.537,17.682
B,D,3.0,3.16,1,highway,100,0,0.285,procession,sedan,0.577,no,5,0.349,7.476
B,C,5.0,1.68,2,urban,40,0,0.941,none,suv,0.617,no,8,0.63,14.382
A,B,4.0,2.06,2,highway,80,2,0.489,none,bike,0.569,no,4,0.446,13.887
E,B,28.0,2.71,3,urban,100,0,0.109,none,truck,0.327,no,0,0.235,13.097
E,D,58.0,1.02,2,highway,60,0,0.772,none,truck,0.247,no,7,0.667,31.883
C,B,52.0,1.78,2,rural,40,0,0.79,none,truck,0.27,no,0,0.436,24.762
A,C,41.0,3.16,3,rural,80,0,0.416,vip_movement,sedan,0.436,no,9,0.387,20.556
C,E,55.0,2.48,2,rural,80,0,0.077,vip_movement,sedan,0.232,no,6,0.283,23.548
E,D,22.0,2.92,2,urban,100,0,0.287,none,bike,0.513,no,4,0.337,12.98
D,A,2.0,3.88,2,highway,80,0,0.718,none,sedan,0.742,no,7,0.465,8.939
B,D,12.0,1.93,1,urban,80,0,0.815,vip_movement,suv,0.749,no,3,0.55,13.285
B,A,1.0,2.72,2,highway,40,1,0.955,vip_movement,truck,0.231,no,1,0.394,10.277
E,D,56.0,4.73,2,rural,100,2,0.087,none,sedan,0.556,no,7,0.283,26.59
A,D,40.0,2.38,2,rural,80,1,0.498,procession,sedan,0.375,no,2,0.363,21.134
E,C,45.0,3.87,3,highway,40,2,0.594,none,suv,0.015,no,10,0.325,26.043
C,D,2.0,3.08,1,highway,100,1,0.452,none,bike,0.579,no,3,0.366,8.989
B,E,51.0,4.47,2,rural,60,0,0.818,vip_movement,suv,0.012,no,9,0.345,23.174
D,B,38.0,3.82,2,urban,40,0,0.5,procession,suv,0.615,no,5,0.378,19.489
C,A,35.0,4.96,2,rural,60,0,0.925,vip_movement,bike,0.545,no,7,0.445,18.854
A,D,48.0,4.93,1,rural,40,0,0.884,procession,bike,0.717,no,7,0.471,23.529
D,C,28.0,2.49,2,urban,60,0,0.162,none,bike,0.048,no,5,0.253,15.442
B,E,28.0,1.27,2,rural,100,0,0.474,none,suv,0.934,no,3,0.626,19.679
E,D,40.0,4.52,2,urban,100,1,0.788,none,suv,0.072,no,7,0.331,20.312
B,E,36.0,2.66,2,highway,40,0,0.963,none,sedan,0.608,no,7,0.535,21.426
A,B,42.0,3.43,2,urban,80,2,0.363,vip_movement,bike,0.035,no,2,0.216,21.621
B,D,32.0,4.35,3,rural,60,0,0.414,procession,suv,0.666,no,0,0.308,15.33
C,A,39.0,4.36,2,rural,40,0,0.237,vip_movement,sedan,0.396,no,5,0.268,18.532
B,C,7.0,1.84,3,urban,60,1,0.592,procession,suv,0.365,no,1,0.419,12.705
D,A,42.0,3.95,2,highway,100,0,0.233,none,bike,0.83,no,1,0.324,17.805
D,E,42.0,4.44,2,urban,40,1,0.056,none,truck,0.598,no,1,0.231,20.235
A,B,45.0,3.4,2,highway,60,2,0.518,vip_movement,truck,0.664,no,3,0.384,24.908
B,E,25.0,1.48,2,urban,60,0,0.922,none,sedan,0.268,no,7,0.578,19.563
A,D,11.0,4.18,2,rural,40,2,0.147,none,suv,0.034,no,9,0.222,14.518
C,A,15.0,1.05,1,highway,100,2,0.698,procession,bike,0.694,no,8,0.739,22.753
E,C,26.0,2.81,3,rural,40,0,0.855,none,bike,0.42,no,5,0.447,17.049
D,E,8.0,1.85,3,rural,40,1,0.692,none,sedan,0.556,no,2,0.486,14.363
E,C,27.0,1.97,2,urban,40,0,0.812,procession,truck,0.113,no,5,0.438,18.011
B,D,32.0,2.88,1,urban,40,0,0.544,procession,suv,0.598,no,0,0.367,17.01
E,A,51.0,2.34,3,highway,40,0,0.944,none,truck,0.758,no,2,0.531,25.149
B,E,35.0,2.36,1,urban,100,1,0.869,none,bike,0.638,no,8,0.551,22.224
D,E,32.0,3.95,1,highway,100,0,0.312,none,suv,0.193,no,9,0.292,16.091
C,D,55.0,4.05,3,rural,100,0,0.118,vip_movement,sedan,0.402,no,2,0.223,20.864
D,E,20.0,4.5,2,urban,100,2,0.072,vip_movement,suv,0.901,no,9,0.373,17.144
D,B,42.0,3.53,3,rural,80,0,0.638,vip_movement,truck,0.567,no,0,0.354,18.563
A,D,53.0,1.05,2,urban,60,1,0.726,none,bike,0.461,no,2,0.638,30.943
C,D,22.0,3.71,1,rural,100,2,0.011,none,sedan,0.12,no,7,0.204,15.887
A,E,53.0,1.13,2,rural,60,0,0.911,vip_movement,truck,0.4,no,10,0.715,30.954
A,E,18.0,1.46,4,highway,40,0,0.383,none,sedan,0.084,no,4,0.408,15.708
A,D,26.0,2.02,2,urban,100,0,0.572,procession,suv,0.132,no,5,0.388,15.652
D,E,27.0,1.26,3,rural,80,2,0.802,none,bike,0.983,no,7,0.745,25.919
B,E,24.0,3.73,2,urban,80,0,0.978,procession,suv,0.561,no,4,0.455,14.892
E,A,16.0,4.66,2,highway,100,0,0.872,none,truck,0.114,no,6,0.343,11.005
D,C,22.0,1.78,3,urban,80,2,0.479,procession,suv,0.382,yes,3,1.0,35.007
B,E,35.0,2.93,2,urban,60,0,0.686,procession,truck,0.81,no,4,0.476,19.261
E,B,57.0,4.96,1,highway,60,0,0.759,vip_movement,bike,0.87,no,0,0.407,23.674
E,D,8.0,3.53,3,urban,40,0,0.784,none,suv,0.184,no,7,0.377,10.985
B,A,4.0,4.33,3,highway,100,0,0.603,none,sedan,0.002,no,0,0.213,4.989
E,C,26.0,1.53,3,urban,80,2,0.119,none,bike,0.614,no,9,0.498,22.835
C,D,45.0,1.84,2,rural,60,0,0.553,none,suv,0.743,no,2,0.497,23.094
E,B,56.0,2.39,3,rural,60,0,0.197,none,bike,0.919,no,6,0.451,26.099
B,C,42.0,1.91,3,highway,40,1,0.121,none,truck,0.866,no,3,0.437,24.187
B,A,16.0,2.15,2,highway,80,0,0.114,none,bike,0.632,no,0,0.335,11.472
C,E,20.0,1.48,4,rural,40,0,0.531,none,sedan,0.582,no,6,0.553,18.118
B,A,51.0,4.56,1,rural,100,0,0.991,none,suv,0.455,no,2,0.397,21.267
C,B,42.0,4.04,2,rural,60,0,0.384,none,suv,0.612,no,6,0.358,20.119
E,A,7.0,4.15,2,highway,60,0,0.943,none,truck,0.486,no,7,0.452,10.727
C,D,23.0,2.19,2,urban,60,0,0.473,procession,suv,0.685,no,0,0.414,14.831
E,D,42.0,3.39,2,highway,40,2,0.109,procession,bike,0.183,no,6,0.237,23.639
D,A,38.0,2.88,3,highway,60,0,0.498,none,bike,0.549,no,3,0.378,19.016
B,C,8.0,1.6,4,rural,40,2,0.206,none,sedan,0.398,no,8,0.451,17.646
E,C,47.0,4.58,2,rural,60,2,0.933,vip_movement,sedan,0.564,no,0,0.387,24.558
E,C,40.0,3.75,2,rural,100,0,0.657,none,bike,0.766,no,2,0.411,18.344
D,A,13.0,4.35,1,rural,40,0,0.193,none,sedan,0.804,no,6,0.351,11.761
D,B,1.0,1.32,2,highway,60,0,0.082,vip_movement,truck,0.703,no,6,0.521,12.0
C,D,13.0,4.07,2,highway,80,1,0.122,procession,sedan,0.396,no,1,0.212,10.447
A,B,5.0,1.32,1,highway,40,0,0.935,vip_movement,truck,0.187,no,4,0.567,13.746
E,C,55.0,1.95,1,rural,60,0,0.003,none,truck,0.125,no,7,0.3,24.959
B,D,11.0,1.74,3,rural,80,0,0.308,none,sedan,0.227,yes,3,1.0,27.78
D,E,40.0,2.02,2,highway,40,0,0.824,none,sedan,0.614,no,9,0.576,24.028
E,D,19.0,1.41,1,highway,80,0,0.592,none,suv,0.042,no,1,0.421,14.665
D,A,23.0,4.21,1,rural,60,0,0.132,vip_movement,bike,0.589,no,9,0.329,14.679
D,B,1.0,2.15,2,rural,60,1,0.968,none,suv,0.856,no,5,0.601,13.132
B,E,58.0,3.72,3,urban,80,0,0.634,none,bike,0.125,no,9,0.349,25.041
E,B,53.0,3.06,3,rural,100,1,0.098,none,suv,0.351,yes,5,1.0,41.036
B,E,20.0,4.14,2,rural,100,0,0.585,procession,truck,0.597,no,0,0.333,11.036
E,C,18.0,2.59,2,highway,100,0,0.042,none,truck,0.957,no,10,0.454,14.378
E,D,1.0,4.02,1,rural,100,0,0.691,none,suv,0.036,no,8,0.325,6.893
A,E,5.0,4.68,4,highway,80,1,0.017,vip_movement,suv,0.872,no,5,0.313,9.699
D,B,49.0,3.8,1,highway,100,1,0.25,none,truck,0.193,no,7,0.264,22.553
E,B,32.0,4.8,2,rural,60,0,0.038,vip_movement,bike,0.69,no,3,0.259,15.331
E,B,29.0,1.98,2,rural,60,0,0.11,procession,sedan,0.149,no,9,0.343,17.955
C,D,38.0,3.04,2,urban,60,0,0.535,none,bike,0.002,no,0,0.239,16.934
B,E,51.0,1.39,1,urban,60,1,0.006,procession,sedan,0.337,no,8,0.437,28.378
A,E,15.0,3.95,2,rural,100,1,0.178,none,bike,0.565,no,4,0.29,11.966
C,E,38.0,2.37,2,highway,60,0,0.201,procession,sedan,0.829,no,10,0.475,21.763
D,E,55.0,4.57,2,urban,100,0,0.05,none,sedan,0.188,no,4,0.175,20.646
E,C,15.0,4.65,3,rural,100,0,0.973,procession,truck,0.479,no,1,0.386,10.139
E,B,27.0,2.92,4,urban,60,0,0.912,vip_movement,sedan,0.665,no,0,0.452,15.832
E,A,38.0,1.26,4,urban,60,1,0.013,vip_movement,truck,0.278,no,2,0.397,23.244
C,D,53.0,1.25,2,urban,40,0,0.359,none,suv,0.483,no,1,0.499,27.094
D,E,13.0,4.61,3,urban,100,1,0.525,vip_movement,sedan,0.366,no,10,0.365,13.136
B,E,26.0,2.8,3,rural,80,1,0.388,vip_movement,bike,0.503,no,4,0.361,17.001
E,A,6.0,4.48,1,urban,100,0,0.737,procession,truck,0.601,no,10,0.457,9.982
D,C,27.0,2.46,2,rural,60,0,0.898,none,truck,0.897,no,3,0.552,17.752
E,C,47.0,2.42,2,urban,100,0,0.41,vip_movement,suv,0.91,no,9,0.519,23.662
C,D,45.0,1.31,3,rural,40,1,0.375,none,suv,0.233,no,8,0.508,28.0
E,B,54.0,4.37,2,highway,80,0,0.047,none,truck,0.269,no,6,0.215,21.689
D,E,3.0,1.8,2,highway,100,0,0.744,none,suv,0.078,no,10,0.486,11.038
E,D,2.0,1.99,2,rural,40,1,0.404,vip_movement,truck,0.549,no,6,0.452,12.836
C,A,31.0,3.68,1,rural,80,0,0.627,none,suv,0.839,no,5,0.452,17.18
A,C,33.0,2.21,2,urban,80,0,0.101,none,bike,0.972,no,9,0.485,19.812
A,E,6.0,1.18,3,highway,60,2,0.363,vip_movement,suv,0.674,no,6,0.606,18.79
E,D,4.0,1.09,1,rural,60,0,0.971,none,bike,0.11,no,7,0.654,15.232
D,C,52.0,1.17,4,rural,100,1,0.067,procession,suv,0.347,no,2,0.443,27.193
A,D,21.0,2.69,4,rural,80,2,0.018,procession,sedan,0.8,no,5,0.362,17.782
B,D,47.0,2.27,2,rural,100,0,0.055,none,suv,0.728,no,7,0.403,22.239
D,C,59.0,4.26,2,urban,100,0,0.273,procession,suv,0.146,no,3,0.208,22.049
E,A,50.0,2.04,3,rural,80,0,0.88,procession,truck,0.662,no,3,0.535,24.396
B,E,59.0,3.5,1,highway,80,0,0.351,procession,bike,0.287,no,7,0.312,24.646
A,C,19.0,2.09,2,urban,60,2,0.546,vip_movement,truck,0.809,no,0,0.463,18.22
A,E,44.0,1.25,4,urban,60,0,0.855,procession,suv,0.462,no,9,0.674,27.252
B,A,47.0,1.12,2,rural,60,0,0.215,none,sedan,0.533,no,3,0.536,26.01
A,E,10.0,2.93,2,highway,60,1,0.366,none,sedan,0.614,yes,10,1.0,30.206
A,E,20.0,3.25,1,rural,60,0,0.346,vip_movement,truck,0.812,no,8,0.435,14.985
C,B,14.0,3.91,2,urban,80,0,0.156,procession,sedan,0.825,no,9,0.388,12.162
B,A,43.0,1.37,2,highway,60,0,0.831,none,suv,0.452,no,8,0.629,25.941
C,A,23.0,4.93,2,rural,80,0,0.669,none,sedan,0.629,no,8,0.421,14.72
D,E,48.0,4.3,1,urban,100,0,0.936,none,truck,0.114,no,2,0.323,19.691
A,D,22.0,1.95,2,highway,40,0,0.742,procession,truck,0.587,no,3,0.501,16.78
C,E,23.0,4.78,3,rural,60,1,0.071,procession,bike,0.761,no,7,0.32,16.046
B,E,31.0,2.13,4,rural,40,0,0.044,none,sedan,0.74,no,6,0.404,18.889
A,B,37.0,2.52,1,rural,60,0,0.438,procession,truck,0.601,no,0,0.367,18.255
E,B,47.0,3.75,2,highway,100,2,0.41,none,sedan,0.973,no,5,0.433,25.266
D,C,3.0,2.34,4,urban,100,2,0.824,vip_movement,sedan,0.572,no,5,0.5,13.532
C,D,55.0,3.83,2,rural,60,0,0.81,none,bike,0.423,no,7,0.421,24.915
E,B,41.0,3.69,4,urban,80,1,0.71,procession,suv,0.287,no,5,0.358,21.236
A,D,52.0,4.72,2,highway,80,1,0.043,none,suv,0.4,no,4,0.213,22.59
A,C,24.0,4.43,2,highway,100,0,0.662,procession,suv,0.399,no,4,0.343,13.053
D,A,24.0,4.58,2,urban,100,0,0.832,procession,suv,0.26,no,6,0.366,13.649
E,C,37.0,3.32,3,urban,80,0,0.618,none,truck,0.296,no,1,0.313,16.936
C,A,3.0,1.18,2,rural,80,0,0.681,none,sedan,0.821,no,8,0.72,14.941
B,A,6.0,4.7,2,urban,60,0,0.506,none,bike,0.166,no,3,0.25,7.459
E,A,21.0,2.15,2,highway,100,0,0.166,none,sedan,0.401,yes,6,1.0,30.33
D,E,45.0,2.65,2,highway,100,0,0.004,vip_movement,truck,0.727,no,9,0.387,21.554
A,B,3.0,4.78,2,urban,60,0,0.157,procession,suv,0.654,no,10,0.346,8.906
D,C,39.0,2.31,1,rural,40,0,0.897,none,truck,0.456,no,4,0.484,21.501
C,B,35.0,3.12,3,rural,40,0,0.308,none,truck,0.333,no,2,0.276,17.264
E,A,46.0,3.13,2,highway,60,2,0.779,none,truck,0.282,yes,1,1.0,41.096
B,D,52.0,4.29,4,highway,40,1,0.415,procession,bike,0.273,no,4,0.271,24.27
B,C,41.0,1.08,2,urban,60,1,0.434,none,suv,0.185,no,1,0.506,25.704
D,A,58.0,1.24,3,urban,100,2,0.43,vip_movement,bike,0.641,no,4,0.576,32.493
A,C,57.0,4.45,1,highway,40,1,0.159,none,truck,0.958,no,3,0.344,26.26
A,C,35.0,3.31,4,highway,100,1,0.868,none,bike,0.504,no,9,0.485,21.161
E,C,39.0,4.09,3,rural,40,2,0.856,none,sedan,0.178,no,4,0.345,23.168
E,B,50.0,3.36,2,urban,60,2,0.277,procession,bike,0.763,no,0,0.327,25.26
E,A,47.0,1.42,2,urban,80,0,0.033,none,bike,0.917,no,3,0.501,24.225
C,E,49.0,4.86,1,rural,40,0,0.099,vip_movement,bike,0.554,no,7,0.283,21.959
A,D,43.0,3.41,4,urban,60,0,0.184,vip_movement,sedan,0.949,no,2,0.364,19.907
A,B,5.0,3.84,3,highway,40,2,0.147,none,suv,0.317,no,0,0.197,10.772
C,B,20.0,2.19,2,urban,80,0,0.624,none,bike,0.026,no,5,0.362,13.9
C,D,39.0,3.6,3,highway,60,1,0.669,none,truck,0.324,no,0,0.31,19.687
C,A,14.0,3.75,3,urban,40,0,0.925,vip_movement,truck,0.478,no,1,0.397,11.707
C,E,13.0,3.8,4,urban,100,1,0.871,none,sedan,0.229,no,7,0.395,13.068
E,C,3.0,2.77,3,urban,40,0,0.07,procession,sedan,0.319,no,0,0.222,6.932
C,A,34.0,3.91,2,urban,60,0,0.5,none,bike,0.876,no,5,0.427,18.252
D,E,33.0,2.42,2,urban,100,0,0.568,procession,sedan,0.619,no,1,0.413,16.795
C,E,56.0,4.97,4,urban,80,0,0.319,none,truck,0.456,no,10,0.335,24.161
C,A,8.0,2.31,3,rural,100,1,0.284,procession,bike,0.845,no,4,0.439,12.248
A,C,36.0,1.93,2,rural,100,0,0.47,none,sedan,0.348,no,3,0.401,18.491
C,B,42.0,4.25,2,rural,80,2,0.137,procession,truck,0.828,no,3,0.317,22.549
E,C,36.0,4.84,1,rural,40,0,0.841,none,sedan,0.252,no,0,0.301,16.847
D,A,24.0,1.31,3,urban,100,2,0.116,procession,truck,0.403,no,5,0.459,21.101
E,D,2.0,2.65,1,rural,80,1,0.633,none,sedan,0.757,no,10,0.529,12.77
D,B,43.0,1.03,3,rural,60,2,0.965,none,sedan,0.383,no,10,0.758,32.832
B,C,12.0,2.28,2,rural,80,0,0.927,vip_movement,bike,0.276,no,7,0.486,13.055
B,A,31.0,4.29,2,highway,40,0,0.903,none,sedan,0.547,no,3,0.413,17.197
E,B,13.0,1.8,3,rural,40,0,0.234,none,sedan,0.379,no,9,0.434,14.817
C,D,41.0,3.4,4,highway,100,1,0.082,procession,bike,0.129,no,7,0.23,19.966
A,B,43.0,2.06,2,rural,60,1,0.785,none,sedan,0.556,no,5,0.512,24.951
E,C,21.0,2.51,2,urban,100,1,0.061,procession,truck,0.48,no,2,0.288,14.069
E,D,21.0,2.4,3,highway,100,0,0.113,vip_movement,suv,0.896,no,10,0.469,15.571
D,A,50.0,1.37,1,urban,40,1,0.824,none,sedan,0.465,no,0,0.551,28.166
C,E,50.0,4.06,2,rural,60,2,0.896,vip_movement,truck,0.613,no,0,0.4,25.731
D,C,56.0,2.26,2,highway,60,1,0.54,vip_movement,sedan,0.617,no,10,0.508,29.589
B,C,26.0,2.79,2,highway,40,0,0.387,procession,suv,0.876,no,6,0.456,17.35
E,C,32.0,3.52,1,urban,40,0,0.901,procession,bike,0.168,no,5,0.377,17.796
A,E,20.0,1.73,2,rural,40,2,0.192,procession,sedan,0.702,no,0,0.41,18.985
B,E,37.0,4.75,3,rural,40,2,0.627,vip_movement,truck,0.093,no,2,0.248,21.037
B,A,41.0,3.68,3,highway,40,0,0.737,none,bike,0.803,no,7,0.487,21.922
A,B,53.0,3.25,2,highway,40,1,0.163,none,suv,0.189,no,6,0.253,25.172
C,A,7.0,3.58,2,urban,60,2,0.527,none,bike,0.445,no,5,0.356,13.559
E,B,25.0,4.87,1,urban,100,0,0.138,none,suv,0.131,no,6,0.196,12.188
D,E,55.0,1.93,4,urban,40,2,0.715,none,suv,0.484,no,9,0.537,32.257
E,D,19.0,1.95,2,rural,60,0,0.832,procession,truck,0.08,yes,10,1.0,31.76
D,B,21.0,4.63,1,rural,60,0,0.902,none,truck,0.408,no,7,0.418,14.463
A,B,7.0,3.7,3,urban,60,2,0.156,procession,truck,0.1,no,0,0.159,10.547
B,E,8.0,1.54,3,highway,40,0,0.206,none,sedan,0.139,no,1,0.339,11.248
D,C,26.0,1.59,3,urban,40,2,0.127,none,bike,0.551,no,0,0.387,20.803
D,A,58.0,4.37,2,urban,40,0,0.304,vip_movement,suv,0.281,no,10,0.309,25.628
C,A,56.0,4.22,2,urban,100,2,0.816,none,suv,0.679,no,6,0.454,28.222
E,D,33.0,3.47,2,urban,80,0,0.474,none,sedan,0.169,no,1,0.254,15.076
C,E,3.0,1.55,2,urban,100,0,0.773,none,truck,0.192,yes,4,1.0,25.428
A,B,24.0,2.3,2,rural,60,1,0.737,vip_movement,truck,0.338,no,0,0.389,16.765
B,D,18.0,4.37,4,urban,100,1,0.869,none,suv,0.889,no,2,0.463,14.075
E,B,7.0,4.04,2,highway,100,2,0.855,procession,bike,0.334,no,7,0.407,13.305
D,C,55.0,3.94,2,highway,80,0,0.043,vip_movement,suv,0.51,yes,1,1.0,38.969
C,D,53.0,3.39,2,highway,40,0,0.601,none,suv,0.882,no,9,0.504,26.218
E,A,14.0,4.8,4,rural,100,2,0.252,none,bike,0.052,yes,6,1.0,30.941
D,A,8.0,2.55,1,urban,40,0,0.554,none,bike,0.564,no,3,0.41,11.061
B,A,5.0,1.23,3,rural,60,2,0.904,none,truck,0.77,no,2,0.68,18.258
E,A,25.0,2.84,3,urban,80,1,0.33,vip_movement,sedan,0.794,no,9,0.456,18.613
A,C,44.0,3.06,2,urban,40,2,0.132,procession,truck,0.265,no,9,0.3,25.632
C,B,49.0,1.47,2,rural,100,0,0.585,none,truck,0.079,yes,5,1.0,39.605
B,C,3.0,1.88,1,urban,80,0,0.415,none,truck,0.772,no,8,0.53,11.456
A,C,32.0,2.01,2,urban,100,0,0.941,none,suv,0.268,no,2,0.461,17.594
C,A,58.0,4.71,2,highway,100,2,0.864,none,truck,0.918,no,3,0.471,28.274
E,A,41.0,3.4,2,highway,100,2,0.177,vip_movement,truck,0.273,no,0,0.208,20.348
D,A,52.0,2.6,4,urban,80,2,0.508,none,suv,0.835,no,9,0.513,29.451
C,D,55.0,3.41,4,urban,60,0,0.94,procession,sedan,0.906,no,8,0.566,26.728
A,D,16.0,3.97,3,highway,100,2,0.621,none,bike,0.437,no,7,0.383,15.786
C,E,50.0,1.78,2,urban,40,0,0.688,none,bike,0.676,no,1,0.508,25.092
D,C,26.0,3.15,2,highway,60,2,0.702,none,sedan,0.204,no,0,0.308,17.966
E,B,19.0,4.18,2,highway,40,1,0.088,none,bike,0.4,no,4,0.233,14.031
B,A,1.0,1.09,3,highway,60,0,0.584,none,truck,0.268,no,10,0.636,14.733
C,B,54.0,4.57,2,urban,60,0,0.245,none,sedan,0.035,no,10,0.244,23.229
D,A,16.0,2.89,2,rural,40,0,0.106,procession,sedan,0.947,no,5,0.399,13.524
D,C,39.0,4.09,1,urban,60,1,0.551,none,suv,0.216,no,0,0.251,18.934
E,D,6.0,1.68,2,highway,100,0,0.927,none,sedan,0.126,no,9,0.539,12.466
E,A,37.0,3.23,4,rural,80,1,0.732,procession,sedan,0.11,no,9,0.382,21.269
C,E,59.0,2.29,2,urban,80,2,0.519,none,truck,0.454,no,10,0.469,31.572
A,D,49.0,4.31,2,rural,60,0,0.473,procession,bike,0.929,no,4,0.413,22.292
B,D,54.0,1.68,1,highway,60,0,0.053,procession,truck,0.784,no,3,0.435,25.619
D,A,50.0,3.9,1,highway,100,0,0.993,none,truck,0.429,no,3,0.417,21.551
D,C,2.0,3.83,1,urban,40,0,0.305,none,bike,0.77,no,1,0.329,7.396
C,D,34.0,3.82,2,rural,100,0,0.537,none,bike,0.747,no,9,0.451,18.323
C,E,38.0,2.74,2,highway,100,0,0.697,none,truck,0.734,no,0,0.432,18.044
E,C,9.0,2.29,2,highway,100,0,0.488,vip_movement,bike,0.122,no,10,0.397,11.353
C,E,11.0,2.58,3,highway,80,0,0.856,none,sedan,0.287,no,10,0.484,13.081
A,E,29.0,1.07,2,rural,100,0,0.319,vip_movement,truck,0.912,no,0,0.62,20.069
D,C,55.0,2.57,2,rural,60,2,0.492,none,truck,0.905,no,1,0.445,28.59
E,B,20.0,4.72,2,urban,40,0,0.922,procession,truck,0.74,no,8,0.497,15.632
B,C,42.0,1.15,1,rural,60,0,0.946,vip_movement,sedan,0.383,yes,9,1.0,40.254
A,C,35.0,1.39,3,urban,100,0,0.396,procession,bike,0.488,no,9,0.554,21.939
E,B,55.0,3.32,2,urban,60,2,0.627,vip_movement,suv,0.402,no,3,0.356,27.669
B,C,6.0,3.84,2,highway,40,0,0.56,none,sedan,0.791,no,0,0.374,8.844
A,B,51.0,3.34,4,highway,60,1,0.663,none,bike,0.791,no,10,0.511,27.402
C,D,34.0,3.9,2,highway,100,0,0.239,none,suv,0.123,no,7,0.245,15.832
A,D,40.0,3.05,1,urban,80,0,0.495,none,sedan,0.761,no,10,0.482,21.463
D,C,46.0,2.71,2,highway,60,0,0.951,none,bike,0.61,no,0,0.46,21.746
D,A,27.0,4.47,2,urban,80,0,0.538,none,truck,0.055,no,4,0.248,13.502
C,E,1.0,1.32,1,rural,80,0,0.239,none,sedan,0.04,no,10,0.459,11.678
A,D,12.0,4.48,4,highway,100,0,0.176,none,truck,0.784,no,6,0.341,9.829
A,E,22.0,4.95,3,urban,80,0,0.364,none,truck,0.224,no,7,0.268,12.694
D,C,33.0,4.45,2,rural,100,0,0.92,none,bike,0.508,no,2,0.396,15.88
B,E,51.0,3.0,2,highway,80,0,0.659,none,bike,0.711,no,1,0.417,22.334
C,A,8.0,3.43,1,highway,80,1,0.999,vip_movement,sedan,0.474,no,9,0.501,13.67
E,A,2.0,4.23,2,highway,80,1,0.225,none,suv,0.176,no,5,0.225,8.028
B,D,57.0,3.17,2,rural,40,0,0.498,vip_movement,truck,0.609,no,0,0.348,24.154
E,B,31.0,2.8,2,highway,80,1,0.179,none,sedan,0.104,no,2,0.219,16.679
A,C,18.0,4.92,1,rural,40,0,0.498,none,truck,0.895,no,1,0.37,12.314
A,C,6.0,4.18,1,urban,60,2,0.113,vip_movement,suv,0.248,no,3,0.198,11.071
E,D,16.0,4.12,4,highway,100,0,0.254,none,truck,0.74,no,0,0.296,9.472
A,D,34.0,4.19,2,rural,80,1,0.029,vip_movement,truck,0.303,no,3,0.192,16.913
D,A,49.0,3.19,2,urban,60,2,0.668,none,truck,0.458,no,10,0.45,28.268
B,A,19.0,3.91,3,urban,80,2,0.988,procession,truck,0.861,no,10,0.572,19.696
C,A,44.0,4.86,2,rural,100,0,0.112,vip_movement,sedan,0.803,no,2,0.285,17.982
C,B,18.0,3.46,3,highway,100,1,0.3,none,sedan,0.854,no,0,0.347,12.813
D,B,56.0,3.69,3,highway,60,1,0.071,none,bike,0.545,no,8,0.311,26.368
A,B,1.0,1.51,2,rural,100,0,0.999,procession,bike,0.1,no,7,0.556,11.077
B,D,50.0,3.18,2,rural,100,1,0.753,none,truck,0.095,no,2,0.316,22.629
E,D,18.0,3.93,2,highway,60,0,0.136,none,truck,0.724,no,3,0.304,11.81
E,B,11.0,3.06,2,rural,40,1,0.382,none,truck,0.032,no,3,0.243,11.967
B,D,53.0,1.08,3,highway,100,1,0.257,none,truck,0.277,no,1,0.486,28.069
A,C,27.0,2.06,2,rural,60,2,0.058,none,bike,0.522,no,10,0.41,22.134
D,B,28.0,4.92,2,highway,100,1,0.521,vip_movement,suv,0.112,no,5,0.258,15.498
B,C,59.0,1.86,2,rural,80,0,0.299,none,suv,0.963,no,6,0.528,27.868
A,E,4.0,3.09,2,rural,40,2,0.319,none,truck,0.817,no,0,0.357,12.386
C,B,35.0,2.31,1,urban,80,0,0.722,none,suv,0.241,no,7,0.436,19.418
B,A,28.0,4.02,1,rural,80,0,0.18,vip_movement,sedan,0.361,no,5,0.258,14.222
C,E,5.0,2.77,3,rural,100,0,0.772,none,bike,0.712,no,4,0.481,9.414
B,E,47.0,1.08,2,rural,80,0,0.807,vip_movement,bike,0.68,no,0,0.668,26.417
E,A,18.0,3.6,2,urban,40,0,0.103,none,bike,0.237,no,0,0.179,10.582
C,A,6.0,2.72,1,urban,40,0,0.49,none,suv,0.072,no,4,0.299,9.426
B,A,15.0,1.34,1,highway,100,0,0.927,procession,sedan,0.731,yes,8,1.0,30.33
B,A,24.0,1.43,2,rural,40,0,0.592,vip_movement,suv,0.164,no,8,0.51,19.39
B,D,28.0,3.53,2,urban,60,1,0.642,procession,suv,0.882,no,9,0.508,20.196
A,C,43.0,3.53,4,highway,80,1,0.042,none,suv,0.496,no,5,0.271,21.028
B,D,26.0,4.03,2,rural,60,0,0.58,none,truck,0.839,no,7,0.453,16.473
E,C,16.0,1.84,2,urban,60,0,0.152,none,sedan,0.259,no,2,0.319,12.602
E,B,35.0,2.62,4,urban,60,0,0.941,vip_movement,truck,0.525,no,7,0.516,20.465
D,B,26.0,1.83,2,urban,40,0,0.851,vip_movement,sedan,0.424,no,10,0.574,20.275
B,C,50.0,4.28,2,rural,80,0,0.385,vip_movement,truck,0.245,no,4,0.259,20.56
C,E,58.0,2.81,1,rural,80,1,0.949,none,bike,0.714,no,4,0.515,28.126
A,C,6.0,2.06,2,highway,100,0,0.306,vip_movement,truck,0.31,no,4,0.357,9.1
C,E,34.0,4.55,2,rural,100,1,0.954,procession,truck,0.167,no,8,0.392,19.322
A,C,7.0,2.97,3,urban,40,0,0.337,none,sedan,0.184,yes,9,1.0,27.585
C,D,16.0,1.01,3,urban,100,0,0.548,none,truck,0.051,no,5,0.566,16.902
C,A,56.0,2.3,2,highway,100,2,0.595,none,bike,0.457,no,6,0.444,29.118
B,D,5.0,1.69,1,highway,80,1,0.032,none,bike,0.255,no,8,0.374,12.804
D,E,51.0,1.94,4,highway,60,2,0.927,none,sedan,0.598,no,9,0.601,31.182
B,D,6.0,3.99,2,rural,100,0,0.997,none,sedan,0.951,no,3,0.52,9.351
C,A,29.0,3.24,1,rural,80,0,0.953,procession,bike,0.576,no,0,0.429,15.534
B,C,13.0,3.43,2,urban,60,1,0.964,vip_movement,suv,0.414,no,2,0.412,13.38
C,B,43.0,1.22,1,urban,60,1,0.339,procession,truck,0.083,no,3,0.441,25.502
D,E,49.0,1.82,2,rural,100,2,0.125,none,sedan,0.965,no,3,0.468,27.23
C,A,51.0,2.57,1,rural,40,0,0.014,vip_movement,suv,0.036,no,5,0.215,22.399
D,E,1.0,3.05,4,highway,60,1,0.963,vip_movement,bike,0.577,no,2,0.459,10.432
B,D,28.0,2.04,4,rural,60,0,0.645,procession,bike,0.359,no,9,0.487,19.012
D,A,55.0,2.79,2,rural,40,0,0.021,none,sedan,0.546,no,5,0.307,24.358
E,A,46.0,4.57,1,highway,80,0,0.789,none,bike,0.693,no,0,0.384,19.736
A,E,10.0,4.08,2,urban,60,2,0.435,none,suv,0.357,yes,3,1.0,30.325
B,C,13.0,3.14,2,highway,100,0,0.146,procession,truck,0.413,no,9,0.329,11.082
A,C,59.0,2.57,2,rural,40,2,0.283,procession,bike,0.067,no,8,0.306,30.301
D,B,24.0,1.14,3,rural,100,0,0.622,none,bike,0.555,no,4,0.627,19.168
A,D,38.0,1.78,2,highway,60,1,0.574,vip_movement,sedan,0.355,no,4,0.451,23.013
A,E,23.0,4.16,2,urban,100,0,0.967,none,truck,0.102,no,2,0.33,12.299
B,E,42.0,1.51,3,urban,100,0,0.145,none,sedan,0.162,no,6,0.385,21.457
C,D,26.0,4.79,3,highway,80,0,0.416,none,bike,0.476,no,1,0.272,12.761
A,D,17.0,3.07,1,urban,60,0,0.261,none,sedan,0.268,no,1,0.246,10.887
D,A,6.0,4.81,1,highway,100,0,0.957,none,bike,0.267,no,4,0.368,7.82
E,D,18.0,3.34,4,urban,100,0,0.809,none,sedan,0.701,no,10,0.522,14.614
A,B,16.0,4.14,3,rural,80,1,0.096,vip_movement,suv,0.641,no,7,0.314,13.548
E,B,2.0,3.62,2,urban,60,0,0.687,none,suv,0.236,no,7,0.365,8.534
D,E,48.0,2.66,3,highway,100,0,0.543,none,suv,0.3,no,10,0.419,22.964
E,C,54.0,4.46,1,urban,100,0,0.207,procession,bike,0.344,no,2,0.22,20.421
B,C,44.0,1.98,2,urban,80,0,0.101,procession,suv,0.564,no,8,0.415,22.471
B,C,28.0,4.73,2,highway,100,0,0.803,none,sedan,0.564,no,1,0.368,13.838
A,D,21.0,3.85,1,rural,80,1,0.744,procession,sedan,0.17,no,8,0.367,15.866
B,C,4.0,4.56,4,highway,60,0,0.857,vip_movement,bike,0.747,no,6,0.469,9.682
C,D,21.0,1.77,2,urban,80,0,0.022,procession,suv,0.329,no,8,0.376,15.48
E,A,35.0,3.28,4,urban,40,0,0.236,vip_movement,truck,0.558,no,8,0.361,19.234
A,E,18.0,1.02,3,highway,60,0,0.605,none,truck,0.057,no,2,0.544,17.647
D,E,17.0,2.88,2,urban,40,2,0.031,none,sedan,0.866,no,7,0.388,18.114
E,D,27.0,3.32,1,rural,80,2,0.523,vip_movement,sedan,0.21,no,2,0.287,17.877
B,C,2.0,2.12,3,urban,80,0,0.088,none,bike,0.718,yes,8,1.0,25.557
D,E,49.0,2.05,2,highway,60,2,0.841,vip_movement,truck,0.494,no,4,0.502,28.462
B,A,51.0,3.73,2,urban,100,0,0.077,none,bike,0.982,yes,4,1.0,37.942
C,A,56.0,4.95,2,urban,100,1,0.864,none,truck,0.09,no,10,0.372,26.026
B,E,47.0,4.21,1,rural,60,0,0.473,none,suv,0.992,no,4,0.428,21.869
E,A,35.0,4.63,2,urban,60,2,0.417,none,truck,0.502,no,9,0.36,22.483
C,E,23.0,4.07,1,highway,60,0,0.569,none,bike,0.554,no,9,0.413,15.558
E,A,55.0,2.18,1,rural,40,2,0.89,none,suv,0.549,no,1,0.481,29.802
A,E,59.0,2.3,2,urban,40,1,0.112,none,sedan,0.922,no,3,0.411,28.587
D,B,48.0,2.06,2,urban,40,0,0.379,none,truck,0.392,no,1,0.358,22.609
C,D,12.0,1.65,2,rural,100,0,0.972,vip_movement,suv,0.914,no,8,0.699,15.719
A,D,33.0,4.46,4,urban,60,1,0.782,none,bike,0.095,no,10,0.365,20.172
D,E,32.0,2.54,2,rural,100,0,0.614,procession,sedan,0.112,no,0,0.302,15.089
E,A,24.0,1.33,2,highway,80,0,0.732,none,truck,0.508,no,5,0.6,18.971
C,B,52.0,1.76,2,rural,60,0,0.908,vip_movement,bike,0.844,no,4,0.618,26.925
C,E,10.0,3.3,2,urban,80,2,0.559,none,bike,0.506,no,1,0.344,13.157
E,A,32.0,1.55,2,urban,100,0,0.543,none,suv,0.135,no,5,0.443,18.748
C,E,50.0,1.24,1,rural,100,2,0.257,none,sedan,0.971,no,2,0.589,29.832
D,A,59.0,2.04,1,urban,80,2,0.445,none,truck,0.899,no,5,0.515,31.294
A,C,16.0,3.85,2,rural,60,2,0.004,none,sedan,0.15,no,4,0.175,14.147
C,E,5.0,2.86,2,rural,100,0,0.104,procession,bike,0.671,no,3,0.325,7.595
D,B,4.0,2.61,3,rural,80,2,0.32,vip_movement,truck,0.238,no,2,0.285,11.368
C,E,59.0,4.55,2,urban,40,0,0.318,procession,sedan,0.545,no,2,0.281,24.005
D,C,41.0,1.62,1,highway,80,1,0.468,vip_movement,suv,0.977,no,6,0.596,25.54
A,C,48.0,1.99,3,rural,40,0,0.939,none,sedan,0.35,no,6,0.519,25.296
A,B,14.0,2.58,3,highway,100,1,0.474,none,truck,0.529,no,9,0.446,14.896
A,E,10.0,3.9,3,rural,60,0,0.608,none,sedan,0.57,no,0,0.338,9.164
B,C,42.0,4.77,1,highway,100,0,0.386,procession,bike,0.765,no,6,0.374,19.088
C,B,27.0,1.1,2,urban,60,0,0.659,none,truck,0.507,no,10,0.697,23.106
C,E,41.0,2.81,3,highway,80,0,0.893,none,truck,0.922,no,8,0.585,22.528
E,B,9.0,1.45,2,highway,60,0,0.144,none,truck,0.488,no,1,0.413,11.985
C,A,51.0,3.9,2,rural,100,0,0.376,vip_movement,bike,0.115,no,1,0.211,19.391
C,E,42.0,2.99,1,highway,80,0,0.857,none,bike,0.971,no,0,0.499,20.267
D,C,54.0,3.79,4,highway,40,1,0.149,none,suv,0.053,no,9,0.236,25.678
D,C,46.0,3.98,2,rural,100,0,0.617,none,bike,0.026,no,6,0.289,19.645
E,D,5.0,1.04,3,highway,100,0,0.966,none,truck,0.119,no,7,0.672,14.921
B,E,29.0,3.34,2,rural,60,0,0.614,vip_movement,sedan,0.81,no,10,0.504,18.739
A,C,5.0,4.26,2,rural,60,1,0.587,none,bike,0.344,no,9,0.37,11.675
D,E,15.0,3.32,1,urban,100,2,0.938,none,suv,0.02,yes,7,1.0,31.907
B,C,30.0,2.73,2,highway,60,1,0.974,none,truck,0.947,no,3,0.561,20.537
D,A,2.0,4.94,3,urban,80,0,0.096,procession,suv,0.099,no,6,0.18,5.609
E,D,7.0,3.16,1,rural,100,0,0.766,none,suv,0.5,no,6,0.44,9.778
B,C,8.0,1.82,3,urban,80,0,0.874,vip_movement,suv,0.304,no,6,0.516,12.507
E,A,30.0,4.21,2,rural,100,0,0.173,none,sedan,0.325,no,0,0.195,12.633
A,D,56.0,3.11,2,rural,40,0,0.544,none,suv,0.434,no,6,0.384,25.447
D,A,46.0,3.86,2,highway,60,0,0.793,procession,sedan,0.795,no,3,0.451,21.71
D,A,5.0,3.96,3,urban,40,0,0.749,none,suv,0.648,yes,4,1.0,25.561
E,A,54.0,1.8,1,rural,60,0,0.832,procession,suv,0.53,no,3,0.525,26.338
B,E,6.0,2.03,1,highway,100,2,0.823,procession,sedan,0.002,no,8,0.442,14.79
E,C,44.0,4.84,2,rural,40,1,0.305,procession,bike,0.254,no,7,0.264,22.277
E,C,6.0,2.98,2,rural,80,0,0.039,none,suv,0.454,no,4,0.273,8.011
B,D,2.0,1.84,4,urban,40,0,0.947,none,bike,0.978,no,5,0.652,12.841
A,D,45.0,2.55,2,urban,60,1,0.332,none,suv,0.61,no,10,0.445,25.409
D,A,52.0,4.02,2,rural,100,0,0.787,none,sedan,0.709,no,0,0.399,21.334
A,B,30.0,1.48,2,highway,100,0,0.733,none,truck,0.48,no,8,0.593,20.417
A,B,58.0,2.27,3,highway,100,0,0.467,procession,truck,0.808,no,7,0.501,26.507
B,C,17.0,3.74,3,highway,40,2,0.238,procession,suv,0.338,no,1,0.232,14.96
B,D,29.0,3.86,2,urban,100,0,0.843,procession,sedan,0.901,no,0,0.453,15.022
D,E,34.0,4.24,1,highway,80,1,0.639,none,suv,0.215,no,7,0.335,19.131
B,C,53.0,3.65,2,rural,80,2,0.819,none,truck,0.437,no,5,0.411,27.376
B,E,49.0,2.14,3,urban,100,0,0.157,none,suv,0.673,no,0,0.353,21.068
E,A,1.0,3.33,2,urban,100,0,0.604,none,suv,0.478,no,8,0.416,8.067
A,C,18.0,1.73,2,highway,60,1,0.606,none,bike,0.795,no,0,0.511,16.901
D,A,37.0,3.59,2,urban,100,2,0.789,none,truck,0.787,no,5,0.477,22.763
D,A,47.0,3.19,1,urban,40,1,0.854,none,bike,0.377,no,9,0.461,26.081
E,C,59.0,1.21,1,highway,40,1,0.785,none,truck,0.689,no,1,0.635,32.382
D,A,12.0,3.38,2,urban,100,0,0.354,none,bike,0.866,no,5,0.413,10.707
E,B,35.0,1.41,2,urban,100,0,0.953,procession,bike,0.912,no,5,0.707,22.63
C,E,45.0,2.21,2,rural,80,0,0.854,none,truck,0.176,no,2,0.407,21.234
A,C,19.0,4.86,2,highway,80,2,0.174,none,suv,0.931,no,8,0.383,17.161
A,B,53.0,1.76,2,rural,80,1,0.661,procession,sedan,0.249,no,0,0.41,25.847
D,C,26.0,3.7,3,highway,80,2,0.798,none,sedan,0.511,no,5,0.42,19.35
A,C,14.0,2.06,2,urban,100,0,0.564,none,suv,0.852,no,7,0.547,14.002
A,D,53.0,4.76,2,rural,100,0,0.924,none,bike,0.097,no,2,0.308,20.936
A,C,39.0,2.21,2,urban,100,0,0.96,none,bike,0.423,no,4,0.498,20.238
A,B,7.0,2.73,2,rural,80,0,0.993,vip_movement,bike,0.165,no,0,0.378,8.709
D,E,28.0,2.47,2,highway,80,2,0.154,procession,truck,0.023,no,2,0.217,18.0
B,C,34.0,1.32,1,highway,40,1,0.724,vip_movement,bike,0.316,no,1,0.521,23.393
D,A,7.0,2.45,2,rural,100,1,0.914,vip_movement,truck,0.034,no,0,0.353,10.168
C,A,6.0,2.57,4,highway,40,2,0.26,procession,bike,0.098,no,0,0.227,12.022
C,B,41.0,3.48,1,rural,60,0,0.971,none,sedan,0.27,no,8,0.443,21.267
C,E,14.0,3.66,2,highway,80,2,0.88,none,bike,0.004,no,6,0.346,15.23
A,B,50.0,1.55,2,rural,100,1,0.225,none,suv,0.771,no,4,0.497,26.484
B,C,28.0,3.21,3,rural,80,2,0.811,none,bike,0.444,no,3,0.406,19.614
B,C,32.0,1.64,2,urban,100,1,0.856,none,sedan,0.9,no,2,0.615,21.694
D,B,35.0,2.62,4,rural,60,0,0.521,none,bike,0.744,no,5,0.455,19.459
C,A,2.0,3.41,2,urban,80,2,0.27,none,truck,0.976,no,2,0.386,11.331
C,E,59.0,1.58,2,urban,60,2,0.761,none,sedan,0.892,no,2,0.604,32.81
E,A,9.0,4.33,2,highway,100,0,0.249,none,truck,0.257,no,1,0.204,6.589
A,D,10.0,2.72,2,highway,100,0,0.6,vip_movement,bike,0.801,no,9,0.517,12.315
C,A,28.0,4.93,3,urban,80,1,0.111,vip_movement,bike,0.683,no,5,0.29,16.313
D,A,7.0,3.44,2,urban,60,1,0.9,procession,bike,0.022,no,8,0.381,12.463
E,B,11.0,3.54,2,rural,60,0,0.79,none,sedan,0.595,no,8,0.47,12.514
B,A,12.0,3.69,1,urban,60,1,0.061,vip_movement,bike,0.19,no,10,0.258,13.039
A,D,27.0,2.21,4,rural,40,1,0.965,none,truck,0.682,no,9,0.601,22.17
D,A,50.0,2.14,1,rural,80,1,0.43,none,suv,0.631,no,9,0.489,27.031
D,B,14.0,1.85,4,highway,60,0,0.92,none,suv,0.288,no,0,0.457,12.968
D,C,31.0,2.76,2,rural,100,0,0.051,none,sedan,0.495,no,0,0.254,14.152
A,D,37.0,3.44,2,rural,80,0,0.882,none,sedan,0.467,no,4,0.426,18.614
E,C,12.0,1.1,2,highway,80,0,0.54,none,truck,0.353,no,6,0.601,16.351
D,A,34.0,2.56,2,rural,80,0,0.162,none,truck,0.417,no,9,0.362,18.579
E,C,43.0,3.3,2,urban,60,0,0.592,none,bike,0.495,no,8,0.418,21.698
E,B,34.0,2.7,3,urban,40,0,0.354,none,truck,0.555,no,6,0.39,19.148
D,E,24.0,3.96,1,urban,100,0,0.291,none,bike,0.219,no,0,0.203,10.995
C,D,31.0,1.97,2,urban,60,0,0.701,procession,bike,0.088,no,10,0.461,19.953
A,B,31.0,1.79,4,rural,80,0,0.307,none,suv,0.111,no,4,0.348,17.377
B,C,30.0,1.41,2,highway,60,0,0.223,none,sedan,0.096,no,7,0.418,19.623
D,A,41.0,2.13,2,highway,80,0,0.979,none,suv,0.578,no,7,0.569,22.736
B,C,8.0,1.31,3,highway,100,2,0.975,none,suv,0.946,no,0,0.69,17.617
C,B,55.0,4.87,2,highway,100,1,0.609,procession,truck,0.134,no,4,0.271,23.533
A,D,8.0,2.5,2,highway,60,1,0.899,none,truck,0.97,no,5,0.584,14.74
C,B,23.0,2.02,4,rural,80,0,0.985,vip_movement,truck,0.925,no,2,0.6,16.774
C,A,56.0,3.36,2,highway,40,1,0.774,procession,truck,0.372,no,2,0.368,26.371
E,C,41.0,4.39,1,urban,80,0,0.032,none,bike,0.513,no,3,0.23,17.338
A,E,6.0,3.88,2,urban,80,0,0.44,none,suv,0.212,no,6,0.293,8.223
A,D,42.0,3.33,2,rural,80,0,0.813,none,sedan,0.182,no,8,0.399,20.693
B,C,28.0,3.13,3,rural,40,2,0.936,none,truck,0.809,no,10,0.577,23.771
A,C,9.0,1.32,1,urban,60,2,0.09,vip_movement,suv,0.151,no,10,0.451,18.485
D,B,5.0,1.7,2,rural,100,0,0.454,none,bike,0.737,no,7,0.544,11.777
E,B,41.0,2.82,4,highway,100,0,0.201,procession,sedan,0.866,no,1,0.365,18.428
B,E,36.0,4.61,2,rural,100,0,0.237,vip_movement,sedan,0.483,no,1,0.241,14.991
A,E,36.0,2.45,2,highway,80,0,0.685,none,sedan,0.441,no,5,0.438,19.221
C,A,30.0,4.87,1,rural,40,0,0.847,procession,truck,0.312,no,0,0.314,15.168
E,D,13.0,3.72,3,urban,40,1,0.959,vip_movement,truck,0.516,no,8,0.483,15.67
E,D,52.0,2.18,1,highway,60,0,0.745,none,bike,0.371,no,9,0.497,26.162
C,E,28.0,3.78,1,urban,40,0,0.969,none,truck,0.633,no,10,0.526,18.988
E,D,20.0,2.15,1,urban,80,0,0.972,vip_movement,truck,0.69,no,2,0.538,15.104
D,E,40.0,4.16,1,rural,40,0,0.097,none,sedan,0.832,no,7,0.352,20.121
D,B,48.0,4.83,4,highway,40,0,0.894,procession,bike,0.338,no,3,0.359,21.626
E,C,44.0,3.47,4,urban,100,0,0.499,none,suv,0.111,no,9,0.327,20.213
A,E,49.0,1.67,1,rural,40,2,0.209,none,sedan,0.908,no,2,0.483,28.926
C,E,37.0,2.72,2,rural,100,0,0.638,none,suv,0.501,no,4,0.415,18.384
A,C,37.0,4.25,3,urban,100,0,0.535,vip_movement,suv,0.607,no,6,0.383,17.802
D,B,34.0,1.41,1,rural,40,0,0.4,vip_movement,truck,0.398,no,4,0.484,21.399
A,D,31.0,2.09,2,highway,80,0,0.388,none,truck,0.278,no,8,0.405,18.339
E,B,37.0,1.78,4,rural,80,0,1.0,vip_movement,sedan,0.71,no,7,0.637,22.683
A,B,2.0,1.59,2,highway,80,0,0.63,none,sedan,0.676,no,1,0.523,10.177
B,C,47.0,2.0,2,rural,100,0,0.504,procession,suv,0.564,no,4,0.453,22.435
E,B,49.0,1.47,2,highway,80,0,0.177,procession,bike,0.63,no,9,0.524,26.155
D,A,11.0,4.02,2,rural,60,0,0.22,none,suv,0.632,no,0,0.27,8.741
D,C,15.0,4.24,4,highway,40,1,0.705,vip_movement,truck,0.347,no,9,0.395,15.428
E,C,22.0,4.99,4,highway,60,0,0.456,procession,bike,0.548,no,2,0.301,12.514
A,C,25.0,2.99,3,highway,60,0,0.102,procession,bike,0.003,no,8,0.235,14.617
D,E,33.0,1.59,3,rural,100,0,0.066,procession,bike,0.183,no,10,0.401,19.561
E,B,20.0,3.34,2,rural,100,0,0.41,vip_movement,bike,0.814,no,0,0.365,11.645
D,B,32.0,3.99,1,urban,60,2,0.597,none,suv,0.532,no,2,0.346,20.211
B,A,14.0,1.55,2,urban,60,0,0.903,vip_movement,suv,0.958,yes,2,1.0,29.319
E,A,16.0,1.81,3,rural,60,0,0.737,none,truck,0.101,no,4,0.429,14.158
E,D,43.0,4.07,3,rural,40,0,0.006,procession,bike,0.831,no,2,0.286,19.385
E,D,11.0,2.13,1,urban,80,2,0.103,none,sedan,0.339,no,6,0.336,15.214
B,C,10.0,2.8,2,highway,60,0,0.94,none,suv,0.286,no,2,0.408,10.764
D,B,29.0,4.05,1,urban,40,2,0.463,procession,bike,0.921,no,5,0.426,21.191
B,A,33.0,2.64,2,rural,100,1,0.477,none,bike,0.271,no,6,0.361,19.101
D,A,43.0,1.57,3,urban,40,0,0.646,none,truck,0.425,no,8,0.549,25.165
E,B,8.0,3.71,2,rural,80,2,0.653,vip_movement,bike,0.416,no,1,0.332,12.267
E,A,11.0,3.85,3,urban,100,0,0.705,vip_movement,suv,0.211,no,1,0.297,8.269
C,B,27.0,4.36,1,highway,60,2,0.049,none,bike,0.718,no,3,0.275,18.096
E,C,32.0,2.25,1,urban,80,0,0.815,none,bike,0.233,no,1,0.398,16.997
C,E,48.0,1.79,1,urban,100,1,0.989,none,suv,0.499,no,6,0.582,26.715
E,A,11.0,2.61,1,rural,40,0,0.208,procession,bike,0.723,no,6,0.4,12.417
A,D,17.0,4.27,2,highway,40,0,0.836,vip_movement,bike,0.051,no,8,0.351,13.381
E,D,51.0,3.55,1,rural,60,1,0.107,vip_movement,truck,0.418,no,8,0.298,24.787
A,D,1.0,2.2,3,rural,80,0,0.998,procession,bike,0.85,no,3,0.581,9.982
A,E,29.0,4.84,3,urban,40,1,0.766,vip_movement,truck,0.551,no,8,0.426,19.595
B,A,28.0,1.51,2,urban,40,0,0.597,none,bike,0.411,no,4,0.506,19.573
A,C,17.0,1.32,1,urban,60,1,0.936,none,suv,0.149,no,1,0.529,17.867
D,A,35.0,3.99,2,urban,60,0,0.104,none,bike,0.859,no,8,0.373,18.581
A,B,26.0,3.84,1,urban,100,0,0.15,vip_movement,sedan,0.364,no,2,0.227,12.273
E,C,12.0,2.88,1,rural,100,0,0.411,none,truck,0.923,no,5,0.456,11.393
E,B,19.0,3.91,2,highway,60,2,0.751,none,suv,0.347,no,1,0.332,15.998
C,D,17.0,1.38,3,highway,80,0,0.166,none,suv,0.598,no,2,0.463,14.755
D,A,48.0,3.43,2,rural,100,1,0.809,none,suv,0.608,no,2,0.42,22.954
B,E,28.0,4.29,2,rural,100,0,0.519,none,suv,0.478,no,8,0.373,15.39
E,D,28.0,3.64,3,highway,80,2,0.329,none,truck,0.276,no,2,0.251,17.683
E,B,5.0,2.14,1,highway,60,1,0.783,none,sedan,0.534,no,4,0.49,13.039
C,D,56.0,4.13,2,highway,40,0,0.029,none,bike,0.166,no,6,0.196,23.168
C,E,53.0,4.19,2,rural,60,2,0.415,vip_movement,bike,0.57,no,10,0.392,28.517
E,B,56.0,1.07,2,rural,80,0,0.318,none,suv,0.523,no,2,0.562,28.489
D,A,9.0,2.59,4,urban,40,0,0.841,procession,bike,0.542,no,0,0.431,10.944
A,E,21.0,1.73,2,urban,100,0,0.494,none,suv,0.431,no,7,0.487,15.965
D,C,16.0,1.27,2,urban,80,0,0.182,none,truck,0.463,no,3,0.473,15.053
C,E,24.0,4.12,2,urban,60,0,0.486,none,suv,0.71,yes,8,1.0,31.512
B,C,26.0,3.92,4,highway,80,1,0.38,none,sedan,0.333,no,10,0.345,17.522
E,A,31.0,4.94,2,rural,40,0,0.219,procession,bike,0.017,no,2,0.148,14.196
A,B,20.0,4.34,3,rural,40,0,0.072,none,truck,0.022,no,2,0.131,10.86
A,C,22.0,3.12,3,urban,40,0,0.242,vip_movement,suv,0.703,no,2,0.337,13.972
E,C,15.0,1.51,2,rural,60,2,0.061,none,sedan,0.304,no,5,0.388,18.184
B,C,46.0,4.05,2,highway,100,2,0.855,none,suv,0.573,no,10,0.484,26.375
E,B,26.0,1.69,3,urban,60,1,0.571,none,sedan,0.504,no,9,0.542,21.483
C,A,7.0,3.1,2,urban,80,0,0.07,none,suv,0.681,no,2,0.299,8.102
D,C,52.0,3.78,3,rural,80,2,0.763,vip_movement,sedan,0.723,no,3,0.433,26.855
A,D,6.0,3.04,3,highway,40,2,0.36,none,suv,0.331,no,9,0.36,14.844
A,C,57.0,3.2,2,rural,40,0,0.586,none,bike,0.525,no,7,0.417,26.238
A,B,28.0,2.0,2,highway,40,1,0.118,none,truck,0.038,yes,4,1.0,35.695
B,E,22.0,1.76,3,highway,60,0,0.994,none,sedan,0.619,no,2,0.57,17.041
C,B,23.0,4.17,2,highway,60,0,0.415,none,sedan,0.851,no,10,0.449,16.093
E,D,11.0,4.9,2,urban,80,0,0.756,procession,suv,0.584,no,4,0.39,10.015
E,A,44.0,2.88,2,highway,100,1,0.753,none,truck,0.284,no,5,0.396,22.396
B,D,49.0,2.69,3,urban,40,1,0.429,procession,suv,0.559,no,1,0.356,24.318
A,B,12.0,2.46,2,urban,100,0,0.017,none,suv,0.394,no,2,0.265,9.183
C,A,11.0,3.35,1,rural,60,0,0.624,procession,bike,0.339,no,1,0.322,9.712
B,C,11.0,3.96,1,rural,60,1,0.879,none,bike,0.056,no,6,0.348,12.741
A,D,20.0,2.53,2,highway,60,1,0.659,none,sedan,0.614,no,6,0.473,17.407
E,B,10.0,3.61,1,urban,80,2,0.58,none,truck,0.57,no,7,0.411,14.889
D,A,48.0,1.65,1,urban,40,0,0.357,vip_movement,suv,0.229,no,3,0.39,23.94
B,E,22.0,1.75,3,rural,40,2,0.713,procession,truck,0.672,no,8,0.585,22.909
E,B,39.0,3.13,1,rural,60,2,0.729,none,sedan,0.096,no,10,0.393,24.728
E,D,19.0,2.76,3,highway,100,0,0.66,procession,truck,0.7,no,8,0.497,14.582
A,B,29.0,1.75,2,highway,80,0,0.802,vip_movement,suv,0.296,no,3,0.479,17.947
E,D,34.0,2.35,3,urban,40,0,0.478,none,suv,0.27,no,2,0.34,18.134
D,E,31.0,3.76,1,highway,60,2,0.394,procession,bike,0.522,no,7,0.359,21.123
D,C,42.0,1.26,3,rural,100,0,0.133,none,bike,0.374,no,0,0.418,21.239
B,E,6.0,3.43,2,highway,40,2,0.1,procession,suv,0.701,no,8,0.357,14.423
A,E,58.0,4.83,3,rural,60,1,0.196,none,bike,0.633,no,3,0.279,25.321
D,E,16.0,1.66,2,rural,60,2,0.215,procession,suv,0.302,no,2,0.365,17.367
B,D,5.0,3.18,1,rural,80,0,0.166,vip_movement,bike,0.679,no,9,0.385,9.721
A,B,14.0,1.82,2,highway,60,2,0.224,none,bike,0.55,no,6,0.434,17.985
D,A,48.0,4.83,1,urban,60,1,0.152,none,truck,0.71,no,1,0.265,21.786
A,E,37.0,2.64,2,rural,100,1,0.011,vip_movement,suv,0.18,no,1,0.2,17.695
C,B,20.0,3.87,2,urban,80,0,0.05,none,sedan,0.488,no,7,0.281,12.5
D,B,5.0,4.4,2,rural,60,0,0.838,vip_movement,truck,0.082,no,5,0.325,8.384
C,D,56.0,1.73,2,highway,60,1,0.505,vip_movement,sedan,0.869,no,2,0.526,28.843
D,C,5.0,1.93,2,rural,100,0,0.304,none,suv,0.381,no,9,0.434,10.738
E,C,45.0,1.5,2,urban,40,2,0.719,procession,suv,0.521,no,1,0.525,28.281
D,E,5.0,2.55,2,rural,80,2,0.961,none,truck,0.959,no,8,0.621,16.272
A,B,18.0,1.32,4,rural,60,0,0.807,procession,bike,0.66,no,0,0.595,16.626
A,C,23.0,2.35,4,rural,60,0,0.259,none,sedan,0.892,no,9,0.491,17.238
C,A,9.0,2.61,3,rural,60,2,0.261,none,truck,0.327,no,7,0.341,14.926
B,D,21.0,2.09,2,urban,80,1,0.921,procession,suv,0.657,no,4,0.547,17.964
D,C,19.0,4.88,3,rural,100,0,0.193,none,suv,0.686,no,8,0.338,12.203
A,B,27.0,2.69,2,highway,60,0,0.597,none,bike,0.669,no,0,0.402,15.48
D,C,48.0,1.72,2,rural,60,2,0.741,none,suv,0.721,no,2,0.544,28.644
D,E,47.0,1.18,2,urban,60,2,0.364,none,sedan,0.597,no,10,0.631,32.155
B,E,22.0,4.15,2,rural,100,0,0.897,procession,bike,0.414,no,1,0.369,12.191
A,E,42.0,3.99,2,highway,80,2,0.977,none,bike,0.252,no,3,0.376,23.213
C,E,39.0,2.12,3,highway,60,0,0.427,vip_movement,bike,0.103,no,6,0.355,20.302
A,E,17.0,1.69,2,rural,100,1,0.599,none,suv,0.835,no,10,0.623,18.791
D,C,28.0,3.59,2,urban,40,0,0.864,vip_movement,suv,0.769,no,9,0.528,18.871
B,D,14.0,2.34,2,urban,60,0,0.139,procession,sedan,0.712,no,4,0.381,12.453
B,A,7.0,1.88,3,rural,60,0,0.206,procession,bike,0.655,no,8,0.464,12.497
B,E,57.0,1.88,2,urban,40,0,0.917,none,suv,0.886,no,4,0.614,28.696
D,C,11.0,1.34,3,urban,80,2,0.516,vip_movement,suv,0.997,no,6,0.66,19.821
A,B,17.0,2.18,2,rural,60,0,0.995,none,bike,0.874,no,6,0.617,16.262
D,E,16.0,2.56,3,urban,40,2,0.661,none,suv,0.384,no,8,0.445,18.805
A,E,7.0,4.32,2,highway,100,0,0.052,procession,suv,0.794,no,9,0.352,9.074
A,B,6.0,2.73,1,rural,80,2,0.253,procession,bike,0.013,no,8,0.28,13.027
B,E,51.0,3.99,2,rural,100,0,0.512,vip_movement,bike,0.51,no,5,0.355,21.598
C,E,52.0,4.4,3,rural,100,1,0.78,none,bike,0.605,no,6,0.428,24.718
E,D,16.0,3.26,3,rural,40,0,0.003,none,truck,0.486,no,2,0.24,11.137
C,D,17.0,2.07,1,urban,60,0,0.519,none,bike,0.603,no,1,0.428,13.492
C,E,57.0,4.62,3,urban,60,1,0.456,none,truck,0.676,no,4,0.353,26.014
B,E,14.0,4.88,3,rural,60,0,0.662,none,bike,0.204,yes,3,1.0,27.324
B,A,26.0,3.5,2,urban,60,2,0.824,procession,suv,0.8,no,2,0.459,19.721
D,C,45.0,1.04,3,urban,40,2,0.02,none,bike,0.149,no,0,0.418,28.492
C,B,19.0,3.45,1,rural,100,1,0.182,none,bike,0.166,no,7,0.256,13.607
C,A,32.0,2.76,3,rural,40,0,0.037,procession,bike,0.75,no,9,0.393,19.14
E,B,28.0,3.76,4,rural,40,0,0.791,none,truck,0.989,no,0,0.462,16.35
B,A,52.0,2.3,3,urban,60,0,0.526,vip_movement,bike,0.822,no,3,0.473,24.605
B,A,54.0,2.29,1,rural,40,0,0.255,none,bike,0.821,no,3,0.419,25.174
E,B,49.0,4.63,2,rural,40,2,0.866,none,sedan,0.502,no,7,0.43,27.479
E,C,56.0,3.27,1,highway,60,1,0.529,none,truck,0.343,no,10,0.397,27.8
D,E,32.0,1.6,2,rural,60,0,0.297,vip_movement,sedan,0.539,no,0,0.418,18.405
B,E,38.0,3.18,1,rural,40,2,0.489,none,bike,0.301,no,6,0.344,23.608
C,B,28.0,3.99,2,highway,40,1,0.618,procession,suv,0.115,no,0,0.247,16.12
D,B,48.0,3.91,2,rural,100,0,0.945,procession,truck,0.147,no,0,0.321,19.387
C,B,55.0,3.14,2,rural,100,0,0.461,none,truck,0.28,no,8,0.356,23.747
C,B,54.0,1.47,2,highway,40,2,0.695,none,bike,0.399,no,3,0.522,31.428
E,B,1.0,4.73,2,urban,100,0,0.143,none,bike,0.886,no,10,0.39,7.758
D,C,10.0,1.93,4,rural,60,0,0.524,none,bike,0.833,no,9,0.569,14.587
B,E,28.0,4.85,2,rural,80,0,0.906,none,suv,0.493,no,6,0.422,15.851
E,B,25.0,3.36,3,rural,80,0,0.065,none,suv,0.331,no,2,0.218,12.572
A,D,41.0,1.29,2,highway,40,0,0.931,none,suv,0.834,no,0,0.663,24.808
E,C,47.0,2.88,3,rural,40,0,0.445,none,suv,0.793,no,8,0.467,24.106
D,B,15.0,1.47,2,urban,60,0,0.964,none,suv,0.644,no,1,0.604,15.649
B,D,32.0,3.91,3,urban,100,0,0.275,none,suv,0.608,no,5,0.329,15.669
C,D,35.0,2.41,4,highway,100,0,0.914,none,sedan,0.226,no,8,0.474,19.422
C,B,25.0,4.58,2,rural,100,1,0.721,none,suv,0.471,no,2,0.346,14.951
E,C,39.0,1.58,1,urban,60,0,0.391,procession,sedan,0.895,no,4,0.551,22.684
E,C,24.0,2.81,2,rural,40,0,0.498,procession,truck,0.442,no,4,0.37,15.483
B,C,1.0,4.66,2,urban,60,0,0.249,none,sedan,0.307,no,8,0.277,7.245
E,B,58.0,3.15,1,urban,40,0,0.234,none,sedan,0.76,no,2,0.346,24.842
C,E,31.0,3.45,1,rural,60,0,0.208,vip_movement,sedan,0.281,no,0,0.214,14.385
E,A,21.0,2.38,2,urban,100,0,0.331,none,truck,0.126,no,1,0.27,11.797
A,C,56.0,4.63,4,highway,80,0,0.316,none,bike,0.016,no,5,0.203,21.909
C,D,15.0,2.35,3,urban,80,2,0.093,procession,sedan,0.66,no,3,0.351,15.73
D,B,11.0,4.22,2,rural,60,1,0.211,none,suv,0.582,no,6,0.313,12.321
B,D,34.0,4.21,1,urban,40,1,0.543,vip_movement,sedan,0.637,no,10,0.431,21.697
B,A,38.0,2.76,2,rural,60,2,0.236,none,truck,0.324,no,8,0.337,23.683
A,B,28.0,3.35,2,highway,40,0,0.693,none,truck,0.2,no,5,0.348,16.374
B,C,28.0,2.93,1,highway,100,0,0.352,none,bike,0.877,no,10,0.482,17.429
D,C,58.0,1.76,2,highway,80,0,0.214,none,sedan,0.971,no,7,0.535,27.989
D,B,52.0,1.42,3,highway,60,0,0.209,none,bike,0.436,no,3,0.441,25.643
E,A,43.0,4.89,3,rural,40,1,0.954,none,bike,0.444,no,7,0.431,23.636
A,D,32.0,2.08,3,urban,100,2,0.918,vip_movement,bike,0.185,no,4,0.452,21.823
B,C,47.0,1.5,2,rural,100,0,0.267,procession,truck,0.414,no,0,0.403,21.968
D,E,27.0,2.06,2,urban,40,0,0.825,procession,sedan,0.419,no,4,0.483,18.151
C,B,22.0,2.61,3,highway,40,1,0.102,none,truck,0.505,no,2,0.295,15.866
A,E,59.0,2.82,3,urban,80,0,0.512,none,bike,0.158,no,6,0.336,25.031
E,B,42.0,2.11,2,highway,100,0,0.294,none,bike,0.052,no,3,0.289,18.958
D,A,26.0,2.28,2,highway,60,0,0.581,none,bike,0.39,no,6,0.43,16.994
E,B,33.0,1.47,3,rural,60,1,0.357,none,suv,0.586,no,4,0.502,22.628
C,D,53.0,2.78,2,rural,80,0,0.526,procession,suv,0.669,yes,0,1.0,38.699
E,C,51.0,4.39,3,urban,40,1,0.82,procession,sedan,0.716,no,9,0.488,27.124
D,A,47.0,1.65,2,urban,100,2,0.124,none,truck,0.968,no,10,0.56,29.228
E,A,46.0,1.1,1,urban,80,0,0.839,vip_movement,suv,0.008,no,3,0.562,25.551
A,E,53.0,1.98,2,highway,60,0,0.023,none,bike,0.864,no,10,0.479,26.716
E,D,34.0,4.89,3,highway,60,0,0.732,none,truck,0.672,no,4,0.403,17.548
E,C,48.0,4.58,2,rural,60,2,0.556,procession,truck,0.576,no,0,0.314,24.128
D,B,59.0,4.54,1,rural,100,1,0.17,none,truck,0.848,no,5,0.342,25.718
B,A,49.0,4.52,1,highway,60,0,0.015,procession,truck,0.415,no,6,0.234,20.852
A,C,20.0,2.39,3,highway,40,1,0.477,none,truck,0.184,no,10,0.399,18.082
C,E,1.0,1.59,3,highway,100,1,0.383,none,truck,0.805,no,7,0.559,12.925
B,E,43.0,1.35,2,rural,80,1,0.037,none,suv,0.845,no,0,0.472,24.32
D,C,37.0,3.01,3,urban,100,2,0.483,procession,truck,0.755,no,8,0.461,23.468
B,E,25.0,2.97,1,highway,40,0,0.072,none,sedan,0.698,no,6,0.349,15.868
C,D,18.0,4.2,3,urban,100,1,0.766,none,sedan,0.569,no,1,0.372,13.015
A,B,17.0,2.66,4,urban,100,1,0.041,procession,suv,0.763,no,9,0.401,15.294
C,D,6.0,4.66,2,urban,40,0,0.785,none,truck,0.252,no,6,0.353,9.604
A,E,34.0,2.56,2,urban,60,0,0.91,none,sedan,0.055,no,2,0.369,17.742
A,E,26.0,4.64,1,highway,40,0,0.904,none,bike,0.951,no,10,0.557,18.449
E,D,45.0,1.12,2,urban,100,1,0.657,none,sedan,0.332,no,2,0.574,26.6
A,C,10.0,3.79,1,rural,40,1,0.076,none,sedan,0.76,no,3,0.303,11.943
C,A,57.0,1.35,1,urban,80,1,0.972,none,suv,0.777,no,2,0.666,30.853
D,A,34.0,3.19,3,rural,80,0,0.363,vip_movement,bike,0.828,no,10,0.464,19.406
C,E,54.0,3.35,2,highway,40,1,0.217,none,sedan,0.673,no,1,0.307,24.967
D,A,8.0,1.56,2,highway,60,0,0.934,none,truck,0.765,no,10,0.696,16.062
D,E,44.0,4.96,2,highway,100,2,0.919,vip_movement,sedan,0.224,no,6,0.369,23.599
A,E,8.0,4.78,2,rural,100,2,0.489,none,truck,0.432,no,8,0.348,13.021
C,A,19.0,2.69,2,urban,40,1,0.074,procession,suv,0.233,no,0,0.21,13.656
E,D,8.0,3.83,2,urban,80,2,0.534,none,sedan,0.863,no,3,0.414,13.447
E,B,53.0,2.6,4,highway,40,0,0.681,procession,suv,0.471,no,9,0.475,26.371
E,A,2.0,2.81,2,urban,40,1,0.531,procession,sedan,0.048,no,0,0.258,8.958
D,A,28.0,2.98,1,highway,60,1,0.126,vip_movement,bike,0.558,no,1,0.281,16.585
D,B,20.0,4.61,3,urban,60,0,0.296,vip_movement,truck,0.924,no,3,0.361,12.792
E,C,35.0,1.08,2,urban,100,0,0.618,none,truck,0.404,no,4,0.613,22.539
D,C,27.0,2.21,3,rural,80,0,0.333,none,sedan,0.22,no,5,0.341,15.769
B,A,3.0,4.45,2,highway,100,0,0.559,vip_movement,sedan,0.947,no,5,0.441,7.933
A,C,59.0,2.12,3,urban,100,0,0.144,none,truck,0.841,no,0,0.385,24.411
D,A,21.0,3.04,1,highway,40,1,0.849,vip_movement,bike,0.38,no,3,0.407,16.616
E,B,31.0,1.8,2,highway,60,0,0.735,none,suv,0.458,no,7,0.531,20.279
B,C,15.0,2.99,2,rural,40,0,0.349,vip_movement,truck,0.907,yes,8,1.0,29.771
C,A,31.0,4.54,2,highway,100,0,0.044,procession,sedan,0.578,no,4,0.252,14.224
B,C,17.0,4.23,3,urban,60,0,0.869,procession,sedan,0.161,no,4,0.341,11.99
A,B,3.0,4.3,3,highway,80,2,0.935,vip_movement,sedan,0.912,no,7,0.532,13.787
A,B,24.0,4.94,2,rural,40,1,0.22,procession,suv,0.624,yes,9,1.0,34.013
D,B,29.0,1.5,2,rural,100,1,0.438,none,bike,0.207,no,1,0.406,18.809
E,B,29.0,2.06,3,urban,80,0,0.907,vip_movement,suv,0.055,no,0,0.387,16.003
C,E,54.0,3.06,2,rural,100,0,0.677,none,suv,0.845,no,2,0.455,23.284
B,A,4.0,3.89,2,highway,40,1,0.509,procession,sedan,0.719,no,8,0.429,12.369
C,B,21.0,2.33,3,highway,60,0,0.896,none,sedan,0.801,no,6,0.571,16.863
B,D,4.0,1.48,2,highway,60,0,0.301,procession,sedan,0.039,no,1,0.349,9.772
B,A,7.0,3.92,4,rural,80,0,0.166,vip_movement,truck,0.409,no,8,0.297,8.945
D,C,47.0,1.24,2,urban,100,0,0.342,none,suv,0.007,no,0,0.393,22.56
E,C,1.0,4.2,3,highway,40,0,0.188,procession,bike,0.919,no,8,0.397,9.058
D,C,55.0,1.59,1,highway,40,0,0.221,none,suv,0.008,no,6,0.357,26.404
A,E,16.0,2.47,1,rural,60,0,0.503,vip_movement,suv,0.776,no,7,0.488,14.606
A,D,1.0,1.34,3,rural,40,2,0.405,procession,truck,0.731,no,4,0.567,16.507
E,A,6.0,3.87,4,highway,40,0,0.641,none,bike,0.543,no,1,0.35,8.791
D,B,34.0,2.64,3,highway,80,0,0.026,none,truck,0.883,no,2,0.353,17.023
D,B,5.0,2.53,2,urban,100,0,0.298,none,suv,0.8,no,3,0.408,8.649
D,E,12.0,4.97,1,urban,80,0,0.267,procession,truck,0.737,no,0,0.281,8.421
D,E,5.0,4.72,2,rural,100,0,0.945,none,bike,0.035,no,1,0.291,6.167
A,B,56.0,3.7,2,highway,100,0,0.444,none,bike,0.132,no,4,0.263,22.082
E,C,29.0,4.72,2,highway,80,0,0.14,none,suv,0.691,no,10,0.351,16.267
A,D,9.0,3.3,1,urban,40,0,0.793,procession,sedan,0.581,no,3,0.426,11.08
A,E,38.0,2.14,2,rural,60,0,0.469,procession,suv,0.315,no,8,0.423,21.064
A,E,5.0,3.31,2,urban,80,2,0.636,none,truck,0.834,no,8,0.495,14.562
E,D,8.0,3.71,2,urban,60,0,0.145,procession,sedan,0.294,no,7,0.266,9.306
C,B,51.0,3.4,3,highway,60,1,0.779,none,bike,0.042,yes,8,1.0,41.873
B,E,14.0,3.25,2,rural,60,1,0.601,none,sedan,0.689,no,10,0.481,16.046
B,A,3.0,2.68,2,rural,100,2,0.244,none,suv,0.575,no,0,0.313,10.397
E,B,25.0,1.23,2,urban,60,0,0.015,procession,truck,0.148,no,8,0.437,19.026
B,E,9.0,3.49,2,urban,80,1,0.354,none,suv,0.673,no,2,0.34,10.93
D,E,30.0,4.21,2,rural,100,0,0.962,none,sedan,0.254,no,9,0.428,16.77
B,A,28.0,2.38,2,rural,60,0,0.868,vip_movement,bike,0.471,no,8,0.516,18.754
D,E,18.0,4.84,2,rural,80,2,0.99,none,bike,0.975,no,6,0.536,17.99
E,C,16.0,4.08,1,highway,100,0,0.67,none,sedan,0.784,no,6,0.449,12.211
C,D,57.0,2.8,3,highway,80,0,0.989,none,suv,0.013,no,9,0.433,26.023
C,D,57.0,3.82,2,highway,100,0,0.38,none,suv,0.594,no,8,0.38,24.304
D,C,16.0,3.24,3,rural,60,2,0.861,procession,sedan,0.197,no,3,0.365,16.098
B,C,56.0,1.04,1,highway,40,0,0.829,none,truck,0.276,no,9,0.695,32.352
B,A,10.0,4.78,2,rural,60,0,0.288,vip_movement,bike,0.866,no,5,0.364,10.19
B,E,57.0,4.42,2,highway,40,0,0.551,none,sedan,0.173,no,5,0.285,24.086
E,A,14.0,2.31,2,rural,80,0,0.743,none,truck,0.093,no,2,0.361,11.374
B,C,4.0,2.35,1,highway,60,0,0.512,none,bike,0.178,yes,6,1.0,26.028
B,A,36.0,3.43,2,urban,40,2,0.502,vip_movement,suv,0.397,no,8,0.376,23.621
C,D,5.0,1.21,1,highway,80,2,0.27,none,suv,0.578,no,5,0.552,17.164
C,A,27.0,2.31,1,urban,40,0,0.975,vip_movement,sedan,0.306,no,9,0.519,19.253
E,C,18.0,4.66,3,highway,60,2,0.856,procession,suv,0.314,no,6,0.38,16.972
C,E,52.0,2.3,2,rural,60,2,0.541,none,suv,0.375,no,0,0.357,26.844
E,A,22.0,1.76,3,rural,40,0,0.689,none,suv,0.79,no,5,0.573,18.162
B,C,40.0,2.55,2,rural,60,2,0.615,procession,sedan,0.0,no,10,0.38,25.258
A,C,47.0,1.36,2,rural,40,2,0.328,none,suv,0.239,yes,0,1.0,43.78
B,E,10.0,2.52,2,rural,60,0,0.916,none,sedan,0.189,no,3,0.409,11.174
E,C,31.0,4.34,2,urban,100,0,0.392,vip_movement,sedan,0.058,no,2,0.202,13.374
B,A,55.0,4.29,1,highway,40,0,0.376,none,sedan,0.973,no,8,0.443,25.698
C,A,44.0,2.69,2,rural,40,1,0.37,none,sedan,0.742,no,4,0.411,23.97
A,C,30.0,1.14,3,rural,100,1,0.149,vip_movement,sedan,0.112,no,10,0.504,22.946
C,A,26.0,1.89,2,rural,80,1,0.381,none,bike,0.326,no,8,0.432,19.362
C,D,39.0,4.22,2,highway,40,1,0.114,none,suv,0.465,no,10,0.31,21.988
B,A,32.0,2.11,1,highway,40,2,0.131,vip_movement,sedan,0.252,no,4,0.306,21.832
D,B,2.0,4.88,4,highway,100,0,0.693,none,bike,0.971,no,6,0.475,8.073
D,B,20.0,3.49,2,highway,80,1,0.113,vip_movement,sedan,0.586,no,2,0.274,13.579
B,C,10.0,3.8,3,rural,80,0,0.03,none,bike,0.452,no,1,0.212,7.633
A,E,42.0,1.41,3,rural,40,0,0.343,none,sedan,0.984,no,2,0.57,24.254
E,C,26.0,2.97,1,highway,80,1,0.982,none,suv,0.808,no,1,0.503,17.714
E,A,45.0,4.48,2,urban,80,0,0.217,procession,truck,0.361,no,3,0.235,18.567
A,C,40.0,3.6,2,rural,40,1,0.023,none,sedan,0.169,no,2,0.169,19.484
E,A,35.0,2.54,4,rural,40,2,0.621,none,truck,0.981,no,6,0.538,25.046
A,E,24.0,4.71,2,rural,40,0,0.58,none,bike,0.105,no,5,0.272,13.981
B,A,40.0,3.42,2,urban,80,0,0.187,none,truck,0.027,no,7,0.23,18.164
A,E,4.0,2.03,1,highway,40,1,0.071,procession,truck,0.388,no,7,0.359,12.658
D,A,33.0,3.01,3,urban,60,0,0.025,none,truck,0.37,no,2,0.232,15.776
B,D,27.0,2.11,2,rural,80,1,0.311,none,truck,0.419,no,10,0.436,19.83
A,C,2.0,2.18,4,urban,40,1,0.62,none,sedan,0.057,no,10,0.419,13.08
C,A,6.0,4.74,3,highway,100,0,0.165,procession,truck,0.062,no,10,0.23,7.651
D,C,34.0,3.7,1,urban,100,2,0.908,vip_movement,sedan,0.099,no,0,0.309,19.144
C,E,13.0,3.06,2,urban,80,2,0.121,none,bike,0.891,no,10,0.433,16.866
D,C,20.0,1.9,2,urban,100,0,0.243,none,sedan,0.41,yes,5,1.0,30.133
D,A,2.0,3.09,2,highway,80,1,0.208,none,bike,0.411,yes,10,1.0,27.219
E,D,47.0,1.16,1,urban,40,0,0.879,none,truck,0.006,no,1,0.531,25.922
B,C,8.0,4.25,2,urban,80,2,0.116,none,bike,0.528,no,5,0.273,12.308
A,D,50.0,3.71,1,urban,100,0,0.6,vip_movement,truck,0.304,no,2,0.309,20.338
A,B,58.0,4.13,2,urban,40,1,0.088,none,truck,0.286,no,10,0.272,27.327
D,C,2.0,3.17,3,rural,40,2,0.488,none,bike,0.439,no,5,0.362,12.795
B,C,12.0,2.0,2,highway,80,0,0.435,none,sedan,0.693,yes,8,1.0,28.702
B,E,48.0,4.94,4,highway,80,2,0.835,none,bike,0.986,no,7,0.515,26.965
B,C,59.0,1.78,2,highway,100,2,0.476,vip_movement,sedan,0.4,no,3,0.43,29.913
E,A,34.0,2.83,2,highway,40,1,0.368,procession,bike,0.599,yes,2,1.0,36.366
A,D,28.0,2.76,2,highway,40,0,0.061,none,suv,0.601,no,8,0.357,17.388
A,C,53.0,1.28,1,rural,40,0,0.236,none,sedan,0.973,no,5,0.605,28.869
D,A,56.0,1.75,3,urban,100,0,0.903,none,bike,0.318,no,8,0.553,27.29
D,E,33.0,2.54,1,urban,40,0,0.404,none,suv,0.148,no,0,0.268,16.548
B,C,39.0,1.76,2,rural,100,1,0.99,procession,truck,0.902,yes,7,1.0,38.441
B,E,53.0,3.09,1,highway,40,0,0.158,procession,suv,0.181,no,5,0.247,22.988
A,B,59.0,3.64,1,highway,80,1,0.521,none,suv,0.614,no,8,0.417,27.845
A,B,21.0,1.42,3,urban,100,0,0.205,vip_movement,sedan,0.085,no,0,0.34,13.731
B,E,10.0,3.18,1,urban,100,1,0.797,none,bike,0.205,no,4,0.366,11.533
B,C,24.0,4.64,2,urban,100,0,0.715,none,sedan,0.795,no,7,0.458,14.758
E,C,6.0,1.81,2,urban,60,0,0.458,vip_movement,bike,0.185,no,4,0.389,10.745
C,B,50.0,2.09,2,urban,100,2,0.021,vip_movement,sedan,0.677,no,1,0.341,25.512
B,D,45.0,3.23,2,highway,40,2,0.293,procession,sedan,0.722,no,6,0.387,26.114
C,B,10.0,3.82,3,highway,60,2,0.803,none,truck,0.864,no,2,0.458,14.791
E,C,26.0,3.38,1,urban,60,0,0.367,none,truck,0.882,no,6,0.428,16.258
C,B,16.0,3.19,2,rural,60,2,0.161,none,bike,0.212,no,2,0.22,14.468
D,C,28.0,1.31,1,highway,40,0,0.622,procession,truck,0.368,no,2,0.523,19.853
C,D,38.0,4.07,2,highway,80,0,0.324,none,truck,0.908,no,0,0.345,17.072
B,C,36.0,2.3,2,highway,60,1,0.603,none,sedan,0.911,no,9,0.567,23.945
C,B,22.0,1.91,2,urban,60,0,0.318,none,sedan,0.205,no,3,0.344,14.751
E,D,40.0,1.98,2,rural,80,0,0.714,vip_movement,bike,0.604,no,1,0.476,20.49
C,B,35.0,4.57,2,rural,100,1,0.33,procession,sedan,0.85,no,5,0.373,18.829
B,D,15.0,3.16,4,highway,80,1,0.576,none,suv,0.735,no,6,0.449,14.771
A,D,3.0,2.51,2,urban,40,0,0.306,procession,truck,0.265,no,10,0.374,10.629
A,E,25.0,1.8,3,urban,80,0,0.544,procession,sedan,0.348,no,10,0.501,18.293
D,C,57.0,3.33,2,rural,80,2,0.148,none,sedan,0.022,no,3,0.184,26.04
A,D,11.0,4.3,2,rural,100,0,0.863,vip_movement,truck,0.342,no,2,0.354,8.904
A,C,53.0,1.96,2,highway,100,1,0.365,none,suv,0.586,no,3,0.425,25.804
D,E,21.0,2.52,2,urban,40,0,0.416,none,bike,0.628,no,7,0.438,16.066
B,A,36.0,1.72,2,urban,80,2,0.311,none,sedan,0.164,no,0,0.327,21.978
B,D,36.0,1.08,2,highway,60,0,0.778,none,bike,0.671,no,3,0.69,24.429
D,A,23.0,3.6,2,urban,60,0,0.791,procession,truck,0.937,no,4,0.497,15.553
C,B,30.0,4.12,4,urban,80,0,0.517,none,suv,0.654,no,3,0.361,15.427
C,E,28.0,2.37,2,urban,60,0,0.992,none,sedan,0.81,no,6,0.589,19.102
D,A,55.0,3.37,2,highway,40,2,0.541,none,sedan,0.609,no,4,0.389,28.671
E,A,56.0,4.38,4,rural,80,0,0.311,none,suv,0.93,no,2,0.36,22.938
